Python;Java;C++;JavaScript;C#;PHP;Ruby;Swift;Go;Rust;Others;Software_Development_Experience;Database_Management;Networking_Skills;Web_Development_Experience;Communication_Skills;Problem_Solving_Abilities;Teamwork_Collaboration;Time_Management;Adaptability;Leadership_Experience;Career_Goals
9;4;9;7;8;1;5;8;6;4;7;2;3;7;5;7;5;5;9;1;No;Data Scientist
7;7;4;8;8;9;5;2;8;0;3;8;9;2;1;3;4;5;6;7;Yes;Quality Assurance Engineer
1;1;5;8;5;8;0;9;5;9;3;5;0;3;6;0;9;2;3;1;No;Computer and Information Research Scientist
3;7;5;7;8;7;4;0;3;2;0;4;4;5;7;1;7;9;4;1;No;Research Scientist
6;9;2;8;4;4;6;3;9;0;3;6;2;9;7;2;6;1;3;3;Yes;Front End Developer
7;4;5;8;3;0;6;3;0;1;2;9;3;5;8;8;1;3;6;9;No;Computer and Information Research Scientist
6;9;8;2;7;1;1;1;8;1;3;9;8;9;0;1;9;1;0;7;No;IT Sales Professional
2;1;5;4;1;7;9;7;5;0;6;0;6;6;5;0;5;4;6;5;No;Computer Systems Manager
9;5;5;4;8;4;1;8;2;3;0;0;5;5;9;1;0;5;8;1;No;Data Scientist
6;3;6;0;8;6;3;4;1;4;5;6;4;5;8;0;7;6;3;1;Yes;Machine Learning Engineer
8;2;1;3;1;4;4;8;1;5;4;0;4;8;8;2;6;3;3;4;No;Computer Systems Manager
2;3;8;6;9;1;1;8;7;0;3;3;0;5;1;1;7;0;4;6;Yes;Technical Writer
6;8;1;5;6;1;0;9;8;2;0;3;4;2;1;1;4;8;8;4;Yes;DevOps Engineer
1;3;7;0;4;9;6;0;8;7;7;1;2;8;2;4;1;4;3;2;Yes;Embedded Systems Engineer
7;4;6;5;9;5;6;9;7;6;7;4;6;2;1;3;3;4;9;0;No;Computer Programmer
8;2;3;1;8;3;9;0;6;1;8;6;0;3;6;1;2;5;0;4;No;Business Intelligence Analyst
3;6;2;7;9;7;0;6;1;9;8;6;1;3;6;3;8;0;4;5;No;Computer Science Teacher
2;9;0;3;0;8;1;5;8;8;6;2;1;8;3;8;8;8;8;1;Yes;DevOps Engineer
2;4;4;6;4;3;1;7;1;6;0;8;0;2;1;0;9;5;2;9;No;IT Project Manager
5;4;1;0;1;7;2;1;0;4;7;1;6;9;2;7;7;4;1;0;Yes;Computer Systems Manager
0;0;2;5;6;8;1;9;8;4;8;6;5;6;0;5;7;7;1;6;No;Mobile App Developer
7;2;6;1;6;6;2;6;7;0;3;0;7;6;0;1;0;1;7;6;No;Systems Analyst
5;5;5;6;9;2;7;0;9;7;0;2;6;9;2;8;8;9;0;4;No;Network Administrator
9;0;6;3;4;8;5;9;9;6;8;1;2;8;1;4;1;5;4;2;Yes;Systems Analyst
1;1;9;3;8;7;0;0;6;2;4;9;3;0;4;5;0;6;0;7;Yes;Computer Systems Analyst
0;9;2;0;9;3;6;6;6;7;4;4;7;5;6;4;5;9;2;9;Yes;Technical Support Engineer
7;9;4;1;5;3;3;9;6;3;1;9;7;2;6;6;4;9;3;0;No;Computer Network Architect
6;9;7;9;6;7;0;8;3;1;5;7;3;9;0;6;6;3;6;4;No;Technical Writer
9;6;3;3;9;0;2;6;5;8;7;8;5;2;4;1;6;1;5;4;Yes;Computer Science Teacher
0;1;8;8;1;9;8;2;6;6;2;5;7;3;9;0;5;0;0;5;No;Software Engineer
7;8;5;9;6;5;7;4;0;6;1;8;5;1;6;1;8;3;0;1;Yes;Cybersecurity Analyst
7;9;1;5;0;2;6;2;3;5;2;9;2;0;5;3;1;7;0;4;Yes;Blockchain Developer
4;1;3;8;9;3;6;3;4;7;6;6;2;2;6;5;5;3;7;9;No;Back End Developer
7;6;3;9;3;1;8;3;4;8;2;4;4;0;9;8;3;9;8;0;No;Computer Systems Analyst
1;7;7;0;8;5;8;8;0;3;3;3;9;1;4;0;4;0;7;5;Yes;Research Scientist
8;2;7;7;9;3;6;6;2;6;0;7;8;8;6;3;9;3;7;3;No;Computer Network Architect
7;4;8;3;6;4;0;6;8;8;1;2;8;6;2;8;9;4;7;4;Yes;Software Developer
3;6;5;5;2;7;1;5;3;5;1;4;5;1;5;8;4;3;0;8;No;Cybersecurity Analyst
6;5;6;1;6;3;6;3;0;1;5;1;7;9;2;6;1;9;5;6;No;Technical Writer
2;9;1;0;1;4;5;9;5;6;4;7;5;4;2;5;1;7;6;6;Yes;Embedded Systems Engineer
8;3;9;7;7;4;9;5;4;6;6;5;1;1;6;2;9;7;6;1;Yes;Computer and Information Systems Manager
4;1;5;3;3;2;7;3;1;1;9;2;9;1;6;6;1;7;7;5;Yes;Software Tester
9;4;6;9;0;3;3;7;9;2;8;6;3;3;3;5;8;3;5;6;No;Computer Network Architect
6;5;6;0;2;4;5;9;9;4;1;9;3;6;2;6;8;2;8;8;Yes;Computer Programmer
8;0;1;8;0;7;7;2;9;9;3;7;8;0;0;3;5;6;4;9;Yes;Computer Systems Analyst
0;3;6;2;2;9;4;7;2;7;6;3;5;8;0;1;5;6;2;0;Yes;Front End Developer
0;1;3;7;5;2;0;1;8;4;1;7;9;6;2;6;9;2;6;1;Yes;Mobile App Developer
1;9;1;6;8;4;6;1;9;8;6;2;1;5;0;8;6;1;7;8;Yes;Game Developer
6;6;2;3;1;4;7;3;9;9;4;3;3;2;0;8;2;1;8;1;No;Computer Hardware Engineer
5;9;3;1;1;4;6;3;0;8;6;0;3;9;2;1;5;3;2;5;Yes;Cloud Architect
3;4;0;8;5;2;5;2;9;2;1;6;8;5;1;8;6;7;3;2;Yes;Data Scientist
3;2;9;5;5;3;2;5;4;3;6;4;2;2;9;0;0;8;3;2;Yes;IT Support Specialist
6;3;5;0;2;1;6;6;9;7;5;4;5;9;4;1;3;6;4;9;No;Software Engineer
8;6;3;9;6;4;5;3;9;3;9;9;4;8;8;3;3;8;4;6;Yes;Cloud Architect
7;9;8;1;3;8;7;4;5;5;6;4;3;8;7;4;5;1;2;9;No;Computer Hardware Engineer
9;0;0;5;5;1;2;5;9;6;4;1;3;2;1;3;0;3;8;0;Yes;Technical Writer
7;4;5;6;7;9;8;5;8;4;4;7;6;0;9;9;4;0;6;7;No;Full Stack Developer
7;8;2;5;9;8;4;7;0;2;7;0;2;7;0;8;0;7;1;8;Yes;Database Administrator
0;2;5;6;8;0;9;5;3;2;6;5;5;5;9;8;8;5;3;6;Yes;Technical Writer
5;3;2;3;2;8;5;6;1;9;7;1;6;9;0;6;1;3;9;0;No;Mobile App Developer
7;6;5;5;1;4;9;1;5;9;0;0;9;0;6;9;8;3;7;7;Yes;Computer Programmer
6;0;7;4;7;9;4;1;9;8;9;4;9;1;3;5;5;0;8;5;Yes;Artificial Intelligence Engineer
0;8;5;3;3;9;2;8;4;5;9;9;0;6;8;2;0;6;2;6;No;Cloud Architect
7;3;5;4;8;8;8;0;2;9;8;3;3;9;6;8;9;4;5;7;Yes;IT Consultant
3;6;3;0;1;2;4;4;9;9;0;9;8;8;9;0;5;9;1;7;Yes;Mobile App Developer
9;2;5;8;9;9;5;7;1;9;7;0;7;7;8;5;7;4;5;5;No;Software Engineer
7;3;5;1;4;3;3;6;2;7;2;9;4;5;1;1;1;4;2;2;No;IT Support Specialist
1;4;0;4;3;7;3;2;5;8;2;7;0;6;6;6;5;9;8;2;No;Research Scientist
7;8;6;3;1;0;8;5;1;1;1;3;0;1;2;8;1;7;4;1;No;IT Support Specialist
1;1;5;8;0;9;8;6;4;9;3;3;8;7;5;5;7;2;2;0;No;Artificial Intelligence Engineer
2;7;8;1;7;1;6;1;6;5;7;8;9;1;0;2;3;8;8;3;Yes;Computer and Information Systems Manager
6;7;0;2;6;8;5;4;6;4;7;4;4;3;2;3;9;0;0;7;No;IT Project Manager
1;3;0;2;8;1;8;9;2;6;3;3;1;5;2;8;0;0;1;5;Yes;IT Project Manager
2;9;6;1;1;4;7;1;8;4;5;4;8;8;9;1;5;4;6;3;No;Research Scientist
7;9;4;0;1;3;3;6;3;8;9;5;6;5;4;6;8;7;6;9;No;Machine Learning Engineer
7;7;2;2;5;4;3;3;2;6;3;0;9;7;9;0;4;4;2;4;Yes;Software Developer
2;3;4;1;6;6;3;3;8;2;7;3;8;6;7;0;4;2;9;0;No;Computer Network Architect
8;5;8;2;5;7;3;1;2;7;4;8;7;4;3;8;1;2;7;1;Yes;Software Developer
5;9;9;8;9;8;4;1;7;9;2;4;8;4;0;7;0;7;5;6;No;IT Consultant
0;3;1;0;2;2;8;6;1;8;7;6;7;3;3;7;9;5;2;1;Yes;Computer Hardware Engineer
1;4;4;4;3;5;1;1;9;1;6;1;4;2;2;9;9;7;4;6;Yes;Artificial Intelligence Engineer
4;6;6;6;1;1;0;2;0;9;3;4;5;5;6;3;6;3;5;1;Yes;Game Developer
2;8;1;8;8;9;0;1;2;7;7;2;7;2;0;4;3;6;2;5;No;IT Project Manager
3;3;5;3;1;0;3;4;9;8;1;9;8;8;3;3;6;8;8;3;No;Front End Developer
1;2;2;6;8;2;3;7;2;8;1;3;1;9;0;3;8;5;8;2;Yes;Computer Network Architect
3;5;6;9;4;0;4;6;6;6;9;1;3;3;2;7;9;9;2;2;Yes;Computer Systems Analyst
6;2;4;3;4;8;5;6;0;2;7;5;4;7;1;2;0;7;2;9;No;Data Scientist
6;4;8;7;2;6;8;0;2;5;9;1;6;6;5;5;6;6;6;2;Yes;Digital Marketing Specialist
1;4;0;7;9;0;7;5;9;4;7;8;5;4;2;5;4;6;4;1;Yes;Research Scientist
2;3;7;3;3;7;7;9;8;0;6;8;7;8;2;5;1;9;9;5;No;Back End Developer
2;7;8;6;6;4;2;9;0;5;5;8;0;0;7;7;3;9;0;2;No;Computer and Information Systems Manager
2;0;6;7;9;9;6;2;0;3;1;3;7;1;6;6;3;0;6;5;No;Front End Developer
8;2;7;3;5;0;4;6;5;4;0;3;0;0;1;4;0;4;0;2;Yes;Back End Developer
8;9;5;0;1;9;6;0;7;1;7;9;2;6;1;4;3;4;6;8;Yes;Back End Developer
3;9;5;6;3;4;1;0;3;3;7;4;1;8;4;5;6;5;3;4;Yes;Web Developer
3;5;8;9;0;5;5;3;1;0;0;1;2;5;5;6;7;6;8;5;Yes;Embedded Systems Engineer
2;2;6;9;9;7;3;4;9;3;9;0;0;5;7;4;6;7;8;8;Yes;Full Stack Developer
8;8;7;7;5;4;4;5;5;5;6;4;8;3;7;7;3;4;4;3;Yes;Computer Science Teacher
1;4;4;8;2;0;7;0;2;6;0;8;0;5;2;5;5;7;9;0;Yes;Research Scientist
2;0;2;6;5;1;6;4;2;6;4;5;3;8;2;2;2;8;8;2;No;IT Consultant
1;2;8;4;5;9;3;7;5;9;1;3;9;7;5;9;6;0;5;5;Yes;Network Administrator
9;1;1;6;2;5;1;1;8;6;2;2;4;5;2;9;9;2;0;3;No;Cybersecurity Analyst
7;4;7;9;8;5;1;7;7;1;1;1;2;1;0;8;7;4;8;1;No;Systems Analyst
3;5;6;4;7;6;9;7;9;5;2;3;2;9;4;9;5;5;9;0;No;Web Developer
9;4;7;1;0;4;5;2;4;5;1;5;3;5;3;4;3;6;1;2;Yes;Software Engineer
8;8;3;3;7;9;2;8;7;8;9;3;1;0;2;8;9;7;2;6;Yes;Research Scientist
0;9;1;8;3;8;2;3;4;1;7;2;3;5;4;7;0;2;4;8;No;Cybersecurity Analyst
5;2;2;1;7;5;4;3;6;1;0;7;2;1;1;6;4;7;2;2;Yes;Data Scientist
4;3;4;1;9;9;3;3;1;8;9;7;2;1;6;0;9;5;6;5;Yes;Database Administrator
6;4;8;8;4;0;4;5;2;6;0;9;1;0;0;0;8;1;8;9;No;DevOps Engineer
1;5;5;0;1;2;0;2;5;7;1;7;6;1;0;4;9;7;6;2;Yes;IT Consultant
1;1;4;4;4;9;8;5;4;4;4;7;5;2;4;5;6;4;9;1;Yes;Computer Network Architect
4;6;6;5;2;4;0;4;1;3;8;6;6;0;5;4;8;9;3;5;No;Computer Systems Analyst
4;3;7;4;3;0;4;2;0;5;5;3;0;4;4;1;1;3;8;4;No;IT Project Manager
5;8;6;9;3;3;7;4;5;1;9;3;2;6;6;5;6;2;3;8;No;Computer and Information Systems Manager
3;6;7;1;9;5;0;2;7;6;5;9;2;3;5;0;3;4;8;1;Yes;Full Stack Developer
0;5;1;2;6;1;0;4;0;4;0;1;9;4;9;3;0;4;7;8;Yes;Quality Assurance Engineer
7;7;1;5;5;2;8;5;8;2;5;0;1;2;0;0;3;5;2;3;No;Computer Systems Analyst
7;5;0;3;7;7;4;8;6;2;6;5;7;9;4;3;6;9;8;7;Yes;Software Developer
2;2;9;0;4;1;0;8;6;1;3;3;3;7;1;1;2;4;0;0;Yes;Business Intelligence Analyst
2;6;7;4;6;5;7;3;6;4;7;9;2;1;6;9;6;8;4;3;No;Computer Systems Manager
0;2;9;7;4;9;2;9;9;1;2;8;2;5;2;1;5;4;2;3;No;Computer Science Teacher
1;2;4;9;1;9;7;9;7;5;8;8;1;6;5;3;8;8;5;8;Yes;Data Scientist
4;5;1;7;2;5;2;6;9;1;7;0;0;1;8;3;8;3;7;7;Yes;Web Developer
1;7;0;0;7;4;0;1;3;6;0;0;0;9;7;6;7;2;4;4;No;UI/UX Designer
7;2;6;1;7;1;5;3;2;7;0;7;3;0;2;5;2;5;1;7;Yes;Business Intelligence Analyst
2;5;2;1;7;7;4;6;1;0;2;2;2;8;4;2;3;2;5;4;Yes;Technical Support Engineer
5;3;3;1;6;8;9;8;4;7;7;3;7;2;4;9;4;8;7;8;Yes;Mobile App Developer
8;2;1;2;3;5;1;6;1;2;1;8;7;1;5;0;2;3;5;8;No;Technical Support Engineer
7;6;0;8;3;8;0;0;9;0;6;3;2;9;3;8;5;6;8;4;Yes;Computer Network Architect
7;3;0;5;4;1;7;7;9;0;2;8;6;2;3;6;5;3;2;8;No;IT Support Specialist
4;7;2;0;3;8;5;6;0;1;6;3;6;1;7;5;2;5;4;0;No;Mobile App Developer
1;3;3;9;6;6;0;3;5;4;0;5;0;8;7;7;0;4;7;5;Yes;Business Intelligence Analyst
5;9;2;2;2;7;9;9;7;5;1;4;8;4;8;8;9;2;1;2;No;Artificial Intelligence Engineer
1;5;2;1;2;5;9;0;7;2;7;9;6;6;6;1;2;7;5;5;Yes;Database Administrator
6;3;8;7;6;6;0;5;1;8;2;0;4;5;4;3;0;1;7;0;No;Database Administrator
0;4;1;5;6;1;7;3;5;1;7;6;6;5;6;6;7;1;7;6;Yes;DevOps Engineer
7;2;4;0;5;3;3;2;1;8;3;0;0;4;0;6;3;0;5;8;No;Network Administrator
8;5;6;8;8;7;1;4;1;7;8;5;1;2;2;7;0;7;0;2;Yes;Computer Science Teacher
6;9;4;5;6;9;9;9;6;1;2;0;9;0;4;5;0;6;4;8;Yes;Business Intelligence Analyst
1;3;8;9;2;8;7;5;7;7;2;5;4;8;3;3;5;6;5;8;Yes;Artificial Intelligence Engineer
0;2;5;2;9;0;1;8;8;9;4;7;2;6;9;8;1;5;2;3;No;DevOps Engineer
3;9;8;3;6;1;3;6;5;4;2;7;8;3;0;4;3;6;4;0;Yes;Digital Marketing Specialist
2;2;8;3;2;8;0;6;2;2;1;6;4;0;4;6;7;6;5;7;Yes;UI/UX Designer
5;7;3;5;3;8;9;6;2;2;8;3;5;0;7;5;9;5;9;5;No;Technical Support Engineer
7;2;4;4;7;2;2;4;5;6;9;9;5;3;4;4;6;8;7;7;No;Embedded Systems Engineer
7;3;1;3;5;0;7;0;4;3;4;0;4;8;7;3;1;6;0;4;No;Research Scientist
9;0;2;7;3;7;4;7;9;7;0;7;2;8;6;3;7;3;4;0;Yes;Business Intelligence Analyst
1;1;9;3;5;8;3;4;4;4;7;5;7;3;4;0;8;6;7;9;Yes;Back End Developer
7;3;1;7;9;7;2;5;1;9;5;6;5;1;6;2;9;6;4;1;Yes;Technical Support Engineer
9;4;2;8;3;1;1;9;4;4;3;1;4;8;1;7;3;1;4;7;Yes;Software Tester
7;3;1;4;5;3;9;9;0;8;1;5;7;8;1;3;7;7;9;0;No;Business Intelligence Analyst
5;7;2;4;1;5;7;4;9;0;6;3;6;8;8;6;8;4;7;0;No;Technical Writer
1;7;7;7;1;2;5;4;8;3;2;5;6;0;3;1;2;7;2;7;Yes;Network Administrator
4;3;3;4;0;3;1;1;4;3;3;8;7;8;3;9;5;8;0;2;No;Cybersecurity Analyst
5;4;7;7;4;1;8;7;5;6;6;5;0;8;3;0;1;4;9;1;No;Game Developer
5;1;8;4;9;8;1;0;3;2;9;8;4;4;7;2;9;5;2;6;No;Systems Analyst
3;8;2;6;9;2;9;1;2;7;8;8;2;2;8;9;2;8;9;1;Yes;Software Developer
6;0;2;5;2;3;3;5;9;6;3;8;3;7;6;4;3;0;9;9;No;Digital Marketing Specialist
4;5;4;7;5;1;6;5;3;7;4;5;6;8;0;4;1;5;1;3;Yes;Blockchain Developer
7;0;1;7;9;6;0;0;6;3;8;7;8;8;2;9;9;7;8;5;Yes;Software Developer
8;2;8;0;1;9;2;0;5;4;5;5;5;8;1;7;3;2;2;6;Yes;Embedded Systems Engineer
9;8;5;3;5;3;6;9;8;7;5;8;7;1;3;1;8;7;4;1;No;UI/UX Designer
9;9;6;6;6;2;8;9;0;7;3;6;6;2;5;6;9;5;8;4;No;Cloud Architect
3;4;5;8;3;0;0;4;7;7;8;6;3;4;2;6;2;4;2;3;No;Network Engineer
7;3;1;3;0;7;3;5;8;3;2;9;9;1;2;3;0;8;6;4;No;Blockchain Developer
4;4;9;0;2;0;0;2;4;8;4;0;6;9;3;8;8;9;6;3;No;Software Engineer
4;3;9;9;7;8;0;7;5;6;4;1;0;6;5;6;4;4;7;3;No;DevOps Engineer
8;9;7;0;5;6;0;2;0;2;9;5;3;0;9;0;2;4;5;3;Yes;Network Administrator
1;4;3;0;5;8;7;3;0;4;9;1;0;5;9;8;6;5;6;3;Yes;Back End Developer
8;8;0;0;9;8;4;8;9;4;5;5;8;4;1;4;6;2;2;9;No;Database Administrator
1;0;3;4;2;1;3;6;0;1;1;2;8;5;7;2;4;7;2;2;No;Software Developer
6;1;1;1;7;0;7;8;1;3;4;7;4;0;2;8;6;4;8;4;No;Front End Developer
8;3;6;1;4;1;9;0;1;6;2;4;3;0;4;2;1;5;9;7;No;Systems Analyst
0;3;0;5;0;8;9;7;4;7;8;5;4;1;6;5;9;0;5;8;Yes;Technical Support Engineer
0;0;1;8;9;6;3;9;7;1;8;3;4;7;5;7;3;1;7;2;Yes;Cloud Architect
9;8;4;5;6;1;2;9;2;0;7;7;0;5;5;0;8;7;6;4;No;Computer Network Architect
7;9;2;4;8;2;6;5;7;0;8;2;7;7;6;8;1;1;9;0;Yes;Web Developer
1;8;8;3;8;4;8;7;6;2;4;0;5;8;2;4;9;1;7;4;Yes;Mobile App Developer
9;6;7;1;8;3;9;4;0;6;4;4;2;4;3;6;2;5;8;6;No;Computer Network Architect
7;8;1;6;3;5;5;4;4;5;0;0;1;7;7;4;7;8;6;5;No;Front End Developer
1;3;6;2;0;4;0;9;6;8;0;3;6;1;2;3;4;5;5;8;Yes;Machine Learning Engineer
6;6;7;7;1;7;8;2;2;4;8;8;5;7;7;0;7;5;5;9;No;Computer Science Teacher
0;8;3;1;7;7;9;2;5;9;0;6;1;5;4;4;1;2;1;4;Yes;Web Developer
6;6;3;6;6;1;5;9;2;4;5;2;7;4;0;9;6;2;7;6;Yes;Web Developer
4;1;0;5;9;5;9;0;7;8;5;3;2;4;3;7;3;1;3;5;No;Front End Developer
8;8;5;4;8;6;9;6;9;4;1;5;4;0;0;9;7;3;5;9;Yes;DevOps Engineer
6;3;9;0;0;4;4;3;6;0;7;9;3;4;2;0;4;2;3;1;Yes;Computer and Information Systems Manager
3;2;3;2;9;9;6;5;7;0;7;1;7;9;7;1;5;4;1;9;No;UI/UX Designer
8;5;9;4;4;7;9;8;4;8;1;8;9;0;0;9;0;0;3;2;Yes;Machine Learning Engineer
1;6;0;7;9;8;1;4;7;7;0;7;4;7;7;7;4;3;5;5;No;Network Administrator
6;3;6;9;0;1;5;5;8;4;5;9;6;2;4;8;4;4;7;6;Yes;Mobile App Developer
5;3;0;4;3;0;0;6;2;3;7;3;8;6;0;4;2;3;2;7;Yes;Computer Network Architect
5;5;7;0;8;9;4;0;7;6;1;7;4;5;7;2;1;3;1;4;Yes;Software Developer
3;0;9;6;0;3;8;5;9;0;0;4;0;6;1;8;5;5;8;2;No;Computer Hardware Engineer
8;6;3;8;6;3;4;6;4;1;4;9;1;8;5;6;2;4;5;2;No;Computer Network Architect
2;9;9;9;1;7;1;3;1;0;5;7;2;1;3;7;3;5;2;6;No;IT Project Manager
3;3;2;9;1;3;0;6;3;8;0;1;8;4;2;0;5;9;0;1;No;Research Scientist
4;3;4;9;3;8;6;4;4;3;7;1;7;1;1;4;2;2;6;2;Yes;Cybersecurity Analyst
8;8;5;4;0;8;4;9;1;2;6;8;5;1;1;1;7;7;9;4;No;Front End Developer
9;7;2;5;4;9;9;6;8;7;8;2;1;2;0;7;1;9;3;1;Yes;Full Stack Developer
3;3;9;2;0;1;6;8;9;5;2;0;9;7;4;5;5;9;9;4;Yes;Computer Programmer
2;4;8;9;6;2;0;9;7;5;3;3;5;5;9;1;1;2;3;2;No;Database Administrator
4;4;5;1;2;0;2;7;7;6;7;5;5;9;6;9;5;5;0;3;Yes;Network Administrator
4;2;2;7;1;7;6;1;0;1;9;2;3;6;9;2;9;3;9;3;No;Network Administrator
3;3;5;6;6;1;9;2;0;9;3;1;9;8;2;6;9;6;8;1;Yes;Embedded Systems Engineer
3;8;8;3;0;9;8;4;8;7;9;6;5;3;2;2;0;8;4;9;Yes;IT Support Specialist
3;8;2;5;0;9;5;6;8;4;5;8;8;9;2;4;9;4;9;0;No;Full Stack Developer
4;6;4;5;1;3;2;5;0;7;6;8;6;1;7;1;0;3;4;5;Yes;Computer and Information Systems Manager
0;1;6;2;0;4;7;5;2;9;8;7;7;0;6;0;7;1;9;6;No;Data Scientist
2;3;0;8;4;3;4;7;0;0;1;7;3;7;5;7;4;9;2;5;Yes;Business Intelligence Analyst
3;7;6;0;2;1;9;0;0;6;7;2;8;9;3;8;4;1;9;8;Yes;Computer Systems Manager
0;0;0;2;4;3;9;9;3;2;7;9;3;9;0;2;0;9;9;8;No;Back End Developer
5;3;4;1;5;0;5;2;2;1;2;0;3;6;1;6;2;1;1;5;No;Software Engineer
3;2;1;1;0;5;1;4;1;5;5;4;5;8;7;1;2;8;3;8;No;Network Engineer
9;9;1;1;2;3;2;7;3;6;7;0;8;1;9;8;2;5;1;5;No;Back End Developer
5;5;6;0;2;4;8;0;2;3;7;9;5;6;7;9;1;3;4;3;Yes;Computer Hardware Engineer
6;3;7;6;2;3;7;2;5;4;0;9;8;4;6;8;1;5;8;3;No;IT Support Specialist
6;4;8;8;3;2;6;2;5;2;5;2;7;6;9;1;1;6;9;8;Yes;Front End Developer
1;2;3;3;1;9;8;8;8;0;7;0;1;8;5;0;3;4;4;4;Yes;Business Intelligence Analyst
9;0;1;2;5;0;4;7;7;0;3;6;8;7;5;9;4;6;9;1;No;IT Consultant
3;0;9;5;9;0;0;0;6;8;0;9;8;3;3;2;7;3;2;5;Yes;Technical Support Engineer
5;7;4;5;8;5;7;4;0;3;8;8;9;1;5;6;7;7;7;4;Yes;Computer Systems Analyst
2;6;1;0;1;6;1;9;4;3;5;7;2;4;9;4;6;0;1;7;No;UI/UX Designer
3;4;3;8;9;0;0;4;8;0;3;2;7;6;2;9;0;1;7;9;Yes;Web Developer
2;6;0;0;5;7;2;4;7;5;8;8;9;1;3;9;0;5;6;1;No;Full Stack Developer
5;7;5;8;1;6;8;1;2;5;4;0;3;6;4;5;4;8;4;9;No;Computer Hardware Engineer
2;6;0;9;6;4;3;5;1;9;8;3;3;4;8;2;6;4;4;3;No;Database Administrator
2;8;4;2;3;5;5;8;1;1;4;7;6;1;8;6;2;5;6;1;Yes;Computer and Information Systems Manager
4;4;1;2;2;1;7;5;0;9;0;0;6;3;2;4;3;7;7;2;Yes;Business Intelligence Analyst
6;2;8;2;0;4;9;7;3;0;2;4;3;0;6;7;7;9;3;2;No;Machine Learning Engineer
1;9;8;4;5;2;9;5;4;5;1;8;1;0;5;3;0;5;9;9;No;Software Engineer
2;2;1;8;1;3;5;4;6;8;9;4;5;7;1;2;8;9;5;5;No;Computer Systems Manager
1;9;8;0;0;8;6;5;6;6;7;8;5;1;2;8;3;9;8;6;Yes;Web Developer
9;3;1;2;9;0;5;1;9;0;3;3;2;8;7;5;7;9;2;3;No;Back End Developer
2;8;3;5;1;8;0;7;8;5;7;5;1;7;4;3;0;6;3;4;No;Artificial Intelligence Engineer
0;9;0;9;9;4;3;1;4;1;2;6;4;7;9;4;5;0;7;9;Yes;Mobile App Developer
2;8;7;0;3;1;5;3;5;9;2;8;2;2;6;7;8;9;3;6;No;IT Support Specialist
9;4;2;6;6;9;6;5;9;8;9;4;3;8;7;9;9;3;9;8;No;IT Sales Professional
4;9;9;1;5;1;9;7;3;5;4;2;3;5;9;1;2;0;8;4;Yes;Software Engineer
7;3;8;2;1;7;3;6;3;4;9;7;1;4;6;5;7;8;6;7;Yes;IT Project Manager
8;3;8;6;9;1;4;9;4;4;5;4;0;3;1;0;7;2;8;0;No;Computer Hardware Engineer
8;5;1;5;2;6;3;6;2;3;9;8;6;1;0;0;5;0;7;8;No;Game Developer
5;1;0;3;0;5;9;9;5;9;2;3;6;6;7;4;6;3;9;2;No;Software Tester
0;2;4;6;5;0;3;2;3;4;2;7;8;9;5;3;4;2;9;0;No;Blockchain Developer
6;7;9;9;4;7;4;4;9;2;9;1;3;8;1;8;3;8;6;6;Yes;Software Developer
3;4;3;8;9;4;9;6;5;0;9;9;1;9;4;6;3;7;1;4;Yes;Computer Systems Manager
9;7;7;9;8;8;3;4;5;4;9;9;1;0;2;3;8;2;7;0;Yes;Technical Writer
0;8;0;2;4;4;6;9;8;4;3;7;4;8;6;4;1;0;5;8;Yes;Digital Marketing Specialist
1;5;0;1;8;4;5;5;2;2;6;5;9;3;7;8;4;7;3;1;Yes;Software Engineer
2;8;2;0;0;2;9;8;8;2;3;6;9;7;6;5;3;8;6;6;No;Cybersecurity Analyst
0;7;5;8;0;0;8;3;5;1;4;4;8;9;5;6;9;8;6;2;No;Blockchain Developer
4;2;6;4;0;4;7;1;5;8;7;5;5;2;7;9;5;9;4;8;No;Technical Writer
2;9;9;5;9;6;6;5;0;0;5;0;7;6;9;3;8;8;5;1;No;Computer Programmer
8;8;0;2;0;9;2;1;9;7;4;2;9;6;3;0;6;9;9;4;Yes;IT Support Specialist
5;3;8;6;9;8;8;8;9;6;3;6;1;1;8;0;5;9;4;3;Yes;Computer Systems Analyst
7;4;7;2;2;8;4;4;7;3;5;6;0;0;4;5;0;0;5;4;Yes;Technical Support Engineer
6;1;4;8;3;6;5;1;0;6;1;5;3;3;7;0;4;1;5;1;No;Game Developer
8;5;3;5;9;2;3;7;1;6;1;0;2;2;3;6;5;3;6;6;Yes;Cloud Architect
3;4;7;3;3;6;8;7;2;5;6;5;9;0;5;5;4;4;3;5;No;DevOps Engineer
8;0;4;0;3;8;9;0;9;1;0;0;9;4;5;0;3;4;9;7;Yes;Machine Learning Engineer
6;7;8;3;6;1;7;8;7;9;4;5;0;3;5;9;4;5;3;3;Yes;Technical Writer
4;2;5;3;2;3;4;1;2;5;6;4;5;0;3;1;0;1;6;7;No;IT Sales Professional
2;1;9;5;7;8;1;1;6;3;0;1;3;6;2;1;4;6;0;0;Yes;Database Administrator
0;1;6;6;6;5;8;2;7;4;2;0;2;3;8;6;2;9;4;2;No;Mobile App Developer
6;5;2;3;0;7;9;8;0;2;6;5;3;8;8;5;5;5;2;4;Yes;Computer Programmer
7;6;6;8;5;0;9;6;4;6;0;2;9;0;9;0;6;0;5;6;No;Computer and Information Research Scientist
3;6;8;1;5;8;2;8;4;1;7;5;6;0;1;9;8;5;7;9;No;Network Engineer
7;8;2;9;9;0;8;4;4;1;3;2;6;8;2;0;0;2;6;0;No;Full Stack Developer
0;4;7;0;1;7;6;8;9;7;2;1;5;1;0;1;6;3;2;2;No;Blockchain Developer
8;4;7;2;1;8;7;7;7;1;4;7;9;5;9;9;3;0;3;0;No;Computer Science Teacher
4;5;8;1;1;8;7;5;3;1;3;7;2;9;3;3;5;9;5;9;Yes;Computer Systems Manager
0;1;0;4;5;1;5;9;6;3;5;3;0;8;8;2;4;5;2;5;Yes;Software Developer
5;6;9;6;9;6;8;9;3;1;7;6;5;2;4;2;1;2;2;3;No;IT Project Manager
1;4;9;3;9;8;1;2;5;7;5;9;2;1;8;5;4;7;4;6;No;Machine Learning Engineer
9;8;4;3;6;1;1;4;3;0;5;4;5;6;0;5;1;5;0;4;Yes;Research Scientist
2;8;0;5;6;7;0;1;3;9;3;4;7;0;9;1;7;0;1;9;Yes;Full Stack Developer
8;9;6;7;3;9;4;3;5;3;1;6;1;8;3;7;5;7;5;0;Yes;Computer Network Architect
9;4;2;2;8;6;0;0;4;9;0;4;3;4;8;8;1;0;8;2;Yes;Software Tester
4;2;0;8;5;5;1;3;9;8;5;1;4;4;3;2;6;3;7;2;No;Network Engineer
5;5;2;2;1;9;9;0;9;6;9;1;9;5;1;7;5;1;3;6;No;IT Sales Professional
5;9;7;2;2;9;1;4;4;8;7;8;3;4;9;6;2;6;2;5;No;Data Scientist
1;0;3;1;4;2;1;6;2;6;2;9;8;8;2;4;6;1;9;9;No;Business Intelligence Analyst
3;5;2;7;5;6;3;0;4;7;8;1;5;6;8;2;7;3;0;7;Yes;UI/UX Designer
6;6;9;0;6;7;6;1;8;8;0;3;9;1;0;3;6;7;2;1;Yes;Back End Developer
3;4;9;3;4;4;0;7;8;5;2;0;1;4;7;6;2;5;0;3;Yes;IT Project Manager
3;2;9;7;2;9;7;6;4;6;0;5;6;1;5;3;5;3;9;9;No;IT Support Specialist
3;3;2;0;6;8;5;4;9;6;4;9;6;3;6;4;1;4;6;0;Yes;Database Administrator
4;3;6;8;3;1;6;5;1;5;4;6;6;0;4;3;3;7;6;5;No;Software Developer
5;2;2;0;4;2;2;8;1;0;3;8;2;5;5;1;3;5;5;3;Yes;Software Engineer
5;9;1;6;4;7;4;7;1;4;7;4;4;1;5;4;1;6;2;8;No;Computer Network Architect
7;3;1;7;8;0;4;3;1;7;7;2;3;8;8;9;5;1;9;8;No;Machine Learning Engineer
0;7;9;6;8;3;3;3;6;0;7;7;1;9;7;9;6;6;6;0;No;Computer Programmer
7;5;0;0;8;2;4;4;0;2;0;5;2;6;5;0;2;6;2;8;No;Cybersecurity Analyst
6;7;3;0;0;2;9;7;6;5;5;9;2;2;1;4;1;5;0;9;No;IT Sales Professional
2;8;4;3;0;0;2;4;3;3;8;9;7;1;8;5;5;8;0;9;No;Computer Network Architect
2;4;5;2;5;8;6;7;4;2;9;8;6;6;3;6;5;7;7;1;No;Full Stack Developer
8;7;3;0;8;1;0;2;0;2;0;4;0;2;6;8;3;2;5;8;Yes;Front End Developer
2;6;5;6;5;0;0;2;2;1;5;4;2;2;4;3;6;8;9;8;Yes;Game Developer
0;0;4;3;3;8;0;5;9;7;2;8;0;9;3;6;8;3;6;4;Yes;Cybersecurity Analyst
1;2;2;4;3;7;4;4;6;4;3;4;8;7;1;8;4;8;1;0;No;Computer and Information Research Scientist
2;5;1;1;8;7;7;2;3;1;5;5;8;7;4;5;4;4;2;0;No;Cybersecurity Analyst
0;5;9;9;2;3;9;1;0;6;2;7;7;0;9;7;3;9;4;1;Yes;Full Stack Developer
0;8;3;4;2;3;2;5;7;4;5;5;9;3;4;2;2;7;5;8;No;Computer Systems Manager
3;4;2;1;7;3;7;3;8;4;6;8;6;1;7;0;7;5;2;9;Yes;Software Engineer
3;5;0;8;7;5;7;0;6;2;4;8;8;2;6;6;3;3;6;8;Yes;Network Administrator
4;9;9;1;9;6;7;0;6;7;0;9;3;6;4;4;9;9;6;8;Yes;Computer and Information Systems Manager
2;0;8;0;5;2;1;5;6;6;2;1;7;4;3;4;2;8;3;1;Yes;Network Administrator
9;7;7;6;6;8;2;0;9;8;3;0;4;3;4;1;4;2;2;8;Yes;Quality Assurance Engineer
9;9;5;6;4;6;9;1;7;6;4;7;0;5;4;1;7;4;9;9;No;Game Developer
4;8;5;4;3;7;0;4;5;6;3;1;1;4;7;1;1;5;6;0;No;Computer Network Architect
5;3;9;6;7;5;3;0;6;3;1;4;5;8;8;2;3;5;6;0;No;Game Developer
4;9;0;4;5;6;6;2;7;5;5;3;5;6;3;7;9;2;5;2;No;Software Developer
5;1;0;9;4;6;7;2;2;4;4;1;7;3;4;2;8;2;9;0;No;Software Developer
2;9;8;5;3;3;4;2;4;6;2;1;9;2;7;6;1;0;2;3;Yes;Computer Systems Manager
7;8;1;9;2;1;9;4;1;0;6;5;2;7;1;9;7;4;4;8;Yes;Quality Assurance Engineer
3;4;1;7;7;4;0;0;8;0;6;3;5;3;4;8;6;0;7;1;Yes;Data Scientist
8;1;8;4;3;3;2;3;1;9;9;4;1;1;0;4;4;9;5;9;Yes;Quality Assurance Engineer
0;2;5;7;7;5;5;7;8;1;6;9;3;1;0;5;5;8;0;4;No;Web Developer
0;0;8;0;7;0;3;3;0;6;7;2;7;9;3;9;3;6;0;2;Yes;Blockchain Developer
7;2;7;5;8;5;2;3;2;2;0;3;0;4;9;7;0;1;1;8;No;IT Project Manager
1;3;7;7;3;9;1;1;6;0;0;3;5;5;2;4;7;4;1;5;Yes;Computer Hardware Engineer
8;1;3;7;3;2;6;0;3;1;9;5;8;9;1;7;2;4;5;2;Yes;Embedded Systems Engineer
3;9;3;0;0;9;1;1;5;5;8;3;5;7;2;4;4;1;0;5;Yes;Computer and Information Systems Manager
5;7;9;7;9;7;9;2;2;9;2;9;9;2;7;8;4;0;3;2;No;Embedded Systems Engineer
1;3;3;7;0;7;5;4;4;9;2;7;6;9;6;4;6;3;2;9;No;Blockchain Developer
0;0;2;8;3;1;0;7;0;0;4;0;9;9;0;8;2;9;3;2;Yes;Computer and Information Research Scientist
9;3;5;2;9;4;3;9;8;0;6;7;2;6;9;9;4;5;5;2;Yes;Front End Developer
7;5;3;7;0;4;1;2;4;4;9;9;4;7;0;2;3;7;1;8;No;Technical Support Engineer
1;4;4;9;6;7;4;7;7;5;5;2;3;8;6;3;7;3;2;9;No;Computer Systems Analyst
4;0;5;4;7;0;1;0;9;0;7;7;7;8;4;0;3;2;0;9;No;IT Project Manager
0;5;0;6;6;0;5;9;1;7;7;1;7;5;5;4;5;5;9;7;No;IT Consultant
9;3;9;1;0;3;5;3;2;4;5;5;4;4;5;8;6;7;6;9;No;Machine Learning Engineer
5;0;6;7;4;6;5;5;3;8;6;4;2;8;7;6;9;7;7;8;No;Quality Assurance Engineer
2;8;5;9;4;9;6;3;6;2;4;9;1;5;4;4;1;4;7;5;No;DevOps Engineer
7;1;9;1;3;9;1;7;8;1;4;3;7;9;9;5;5;5;4;3;Yes;Data Scientist
2;3;4;5;1;1;0;5;3;9;7;5;5;1;4;5;6;9;0;7;Yes;Business Intelligence Analyst
4;7;1;3;1;7;3;7;1;2;3;5;1;7;0;7;5;8;8;3;No;Quality Assurance Engineer
6;6;4;3;3;2;4;2;9;5;8;4;4;5;6;2;5;0;7;3;Yes;IT Consultant
1;2;9;3;5;9;2;5;2;6;5;0;7;6;1;8;9;2;5;2;Yes;Blockchain Developer
2;3;1;5;0;6;5;6;8;6;4;1;1;5;1;2;6;8;2;5;No;IT Project Manager
0;4;0;6;0;5;8;4;4;8;4;4;9;8;1;9;5;8;7;1;No;IT Sales Professional
4;5;4;3;7;6;3;7;2;3;6;9;5;9;9;5;1;2;2;4;Yes;Technical Writer
3;7;4;2;7;3;9;0;3;0;8;4;4;6;7;4;3;5;5;4;No;Software Tester
7;4;9;1;8;0;1;6;0;9;3;9;3;2;5;8;1;8;2;4;Yes;Systems Analyst
4;0;7;1;5;3;6;8;9;2;7;1;1;3;5;4;4;9;3;2;Yes;Software Tester
9;5;3;9;6;9;4;0;2;4;1;5;4;1;5;2;2;0;2;0;No;Artificial Intelligence Engineer
5;5;1;6;3;3;2;3;7;4;4;0;8;5;1;8;8;2;8;2;No;Machine Learning Engineer
9;7;5;4;5;9;9;3;9;9;0;3;1;2;2;8;7;6;0;8;No;DevOps Engineer
3;3;9;0;7;4;1;8;1;0;2;0;0;7;9;1;0;9;6;8;No;Mobile App Developer
3;0;6;9;0;5;5;0;3;5;0;7;8;3;9;3;7;3;9;7;No;Computer and Information Systems Manager
5;4;5;7;7;9;2;0;1;7;1;0;0;8;8;8;5;0;9;8;Yes;Database Administrator
6;9;9;8;4;3;8;9;7;9;1;8;4;2;2;6;9;7;2;8;Yes;Technical Support Engineer
5;6;7;1;2;3;5;3;1;2;7;5;4;2;1;8;7;2;8;1;No;Quality Assurance Engineer
1;8;4;3;4;0;7;6;4;3;3;6;0;8;8;0;5;7;3;9;Yes;Systems Analyst
9;2;4;1;7;6;8;5;7;2;8;6;1;4;8;8;1;6;9;8;Yes;Computer and Information Systems Manager
9;5;8;3;4;3;4;5;7;4;5;7;7;1;1;8;6;9;7;5;Yes;Data Scientist
4;2;1;4;5;4;3;8;2;6;2;0;4;2;8;1;7;9;5;5;Yes;DevOps Engineer
8;6;4;6;6;3;0;3;7;1;6;0;4;0;5;2;7;3;1;9;Yes;Machine Learning Engineer
8;8;8;5;1;3;5;5;6;1;1;0;8;7;0;8;1;4;2;5;Yes;Front End Developer
0;3;1;3;4;5;3;8;0;5;5;0;9;4;7;8;8;8;0;2;No;Computer Systems Analyst
9;2;7;2;0;5;3;2;0;0;2;2;6;2;4;0;4;5;5;0;Yes;Data Scientist
3;4;2;3;8;9;0;4;8;4;2;5;8;6;2;8;5;1;9;9;Yes;Business Intelligence Analyst
0;7;3;4;1;1;0;2;8;8;1;6;3;9;4;7;7;6;4;7;No;Database Administrator
8;6;2;6;3;2;0;5;3;5;8;9;4;4;0;0;0;0;6;8;Yes;Digital Marketing Specialist
1;1;4;9;0;7;0;2;3;4;1;3;0;7;5;8;4;8;9;9;Yes;Computer and Information Systems Manager
8;7;5;0;9;8;0;0;3;3;8;6;9;0;8;0;8;2;9;9;No;Front End Developer
0;4;8;1;0;7;1;9;1;4;8;7;0;0;9;2;0;2;3;6;No;Back End Developer
2;9;7;1;9;3;2;8;5;6;4;0;9;7;7;1;2;3;0;7;Yes;Computer Systems Analyst
0;0;2;5;1;9;3;1;3;1;2;3;4;7;9;4;5;6;5;2;No;Blockchain Developer
2;9;8;9;2;8;7;7;7;2;6;4;8;8;4;7;6;1;7;4;No;Front End Developer
7;5;8;9;8;5;7;0;0;3;6;8;2;3;3;3;5;7;7;2;No;Software Tester
9;1;6;3;9;5;2;0;0;9;0;9;4;0;4;7;9;4;5;8;No;Systems Analyst
5;0;9;0;8;9;0;5;3;0;9;8;1;2;6;5;1;4;8;0;No;Software Tester
2;6;3;1;5;4;9;5;6;5;1;1;5;0;6;1;6;6;8;7;Yes;Computer Systems Manager
1;3;8;9;1;6;4;7;5;7;0;0;2;6;8;9;8;5;0;7;No;IT Project Manager
9;5;7;7;0;5;5;8;7;0;1;3;2;7;0;8;3;5;9;9;Yes;Computer Systems Analyst
3;5;4;5;3;4;4;6;0;7;1;0;2;9;5;5;4;2;2;0;Yes;Embedded Systems Engineer
0;9;9;1;6;9;2;5;6;4;4;7;4;0;2;2;4;3;3;9;Yes;Embedded Systems Engineer
3;7;4;2;4;8;2;2;4;8;8;4;2;7;2;7;8;9;6;6;No;Network Engineer
2;4;8;2;8;7;6;2;1;9;7;7;7;1;2;3;9;7;0;7;No;Artificial Intelligence Engineer
3;3;6;5;8;2;4;6;2;9;9;4;4;1;2;9;2;6;5;4;Yes;Front End Developer
2;4;1;2;4;5;3;4;0;6;4;4;4;0;9;5;7;6;1;9;Yes;Computer Systems Manager
7;5;9;9;3;3;7;8;8;7;7;6;3;2;9;8;0;3;1;5;No;Embedded Systems Engineer
3;7;7;3;6;8;8;4;4;0;2;3;4;8;9;3;8;6;5;4;Yes;UI/UX Designer
0;5;9;0;3;5;2;3;2;3;3;1;8;0;6;5;0;3;0;2;No;Systems Analyst
6;0;3;1;2;9;9;1;6;2;8;5;9;8;5;5;9;8;0;6;Yes;Software Developer
9;3;7;8;2;2;3;9;5;9;8;9;9;0;9;5;7;8;0;5;Yes;Quality Assurance Engineer
6;4;3;5;2;6;9;9;6;9;5;7;2;8;9;3;9;8;4;8;Yes;Digital Marketing Specialist
4;1;9;4;2;0;3;8;2;1;6;6;5;7;7;6;7;0;8;2;Yes;Computer and Information Research Scientist
4;0;8;4;1;2;1;0;9;1;7;5;1;6;1;2;6;1;3;9;No;Cybersecurity Analyst
9;1;3;1;6;2;1;4;7;9;0;5;1;4;6;3;0;4;2;8;No;Cybersecurity Analyst
8;2;1;0;8;5;4;4;0;4;7;5;2;0;3;7;0;6;5;6;No;Computer Programmer
6;3;0;2;8;8;9;3;9;1;6;8;8;1;3;2;0;6;8;4;Yes;IT Consultant
7;8;5;8;3;3;3;2;9;2;8;7;5;7;3;2;6;6;3;9;Yes;Machine Learning Engineer
8;3;0;5;2;1;2;4;2;8;8;5;6;5;4;0;4;3;1;6;No;Computer Science Teacher
7;8;0;7;7;3;8;5;5;3;6;3;1;9;5;5;1;1;8;1;No;Embedded Systems Engineer
0;8;0;8;1;1;2;0;4;3;3;8;0;8;1;3;8;6;3;0;Yes;Software Tester
8;3;0;7;2;4;8;2;8;5;4;8;0;9;8;9;2;8;7;0;Yes;Computer Systems Manager
5;5;8;6;4;7;6;5;9;0;7;2;1;5;4;7;6;4;7;8;Yes;Web Developer
1;5;2;0;7;1;1;2;5;4;2;6;7;1;9;3;9;3;9;3;Yes;Game Developer
1;6;5;1;8;3;6;6;7;1;0;3;8;0;5;1;4;0;7;9;No;Database Administrator
7;5;1;5;5;7;9;5;8;5;1;6;0;4;4;4;2;9;7;7;Yes;Database Administrator
0;9;4;6;5;4;0;7;6;3;0;6;1;0;8;8;4;4;7;4;No;Game Developer
7;4;0;8;8;6;8;0;7;0;8;5;9;3;3;9;3;4;5;2;Yes;UI/UX Designer
5;9;4;0;3;8;7;3;5;9;0;6;4;5;7;9;4;3;8;9;No;IT Project Manager
7;8;1;1;6;0;7;0;2;5;9;9;0;2;2;7;6;7;1;6;No;Computer Systems Analyst
1;1;5;4;6;4;9;8;4;9;3;8;8;4;3;1;0;7;6;5;Yes;Data Scientist
2;7;7;6;4;5;4;7;1;9;9;5;8;9;2;6;1;5;5;1;No;Network Engineer
9;8;5;1;0;9;2;5;8;7;9;9;0;0;3;1;3;2;4;0;No;Research Scientist
5;4;7;2;4;9;5;5;6;5;0;3;9;3;9;7;7;0;3;6;No;Computer Hardware Engineer
0;0;8;9;8;8;0;1;7;4;7;0;6;8;2;2;3;7;0;4;Yes;Computer Systems Analyst
9;5;7;3;2;8;0;5;6;0;1;2;3;4;3;0;5;8;4;3;Yes;IT Sales Professional
8;3;6;6;8;0;2;6;0;7;2;7;3;5;3;1;5;5;9;9;No;Computer Programmer
1;1;3;5;5;1;0;4;7;6;4;7;2;7;7;0;7;5;0;1;No;Web Developer
9;5;1;8;9;9;2;7;9;5;6;1;6;4;5;2;4;6;5;0;Yes;Computer and Information Research Scientist
4;0;8;1;4;2;9;8;6;2;3;4;7;5;3;7;3;5;3;9;No;Software Tester
4;5;3;1;6;9;1;6;0;9;7;4;9;7;9;7;2;3;0;9;Yes;Artificial Intelligence Engineer
7;0;1;7;1;1;9;6;6;8;4;9;7;1;4;7;3;8;7;5;Yes;Network Engineer
6;3;8;8;0;9;8;1;7;5;4;6;1;3;1;6;8;0;7;9;No;Mobile App Developer
8;5;7;2;0;0;6;8;9;9;6;1;2;6;2;0;1;1;6;8;No;IT Consultant
0;2;9;2;9;7;2;6;0;3;2;8;6;6;6;0;8;3;3;3;Yes;IT Project Manager
3;7;4;8;6;7;9;9;0;6;3;9;9;8;9;5;4;7;9;6;No;Network Engineer
2;4;5;2;3;8;7;3;2;0;8;3;4;8;9;6;1;0;9;9;No;Computer Hardware Engineer
5;1;7;6;6;1;2;0;8;2;2;2;5;5;8;3;7;4;2;3;No;Computer Hardware Engineer
6;6;4;1;9;8;4;4;0;2;8;4;5;0;8;1;7;7;0;9;Yes;IT Project Manager
3;4;5;8;8;5;9;3;1;3;2;4;3;4;5;0;3;1;9;8;No;Technical Support Engineer
5;1;5;9;7;8;9;2;0;2;0;0;7;9;9;8;3;6;7;3;No;Network Administrator
4;6;3;5;2;0;7;1;5;7;0;1;6;5;9;2;6;4;1;7;No;Digital Marketing Specialist
8;3;6;2;0;7;9;9;2;2;4;1;5;4;9;6;3;9;3;4;Yes;Digital Marketing Specialist
2;0;3;2;7;3;2;1;4;8;0;8;2;3;1;6;9;6;8;0;No;Cloud Architect
4;8;0;4;0;6;0;4;8;8;6;4;4;8;5;1;4;2;2;7;Yes;Cybersecurity Analyst
3;5;6;0;0;7;7;1;8;5;7;9;0;6;2;9;0;8;8;9;No;Technical Writer
3;3;7;5;2;4;1;5;7;1;4;6;7;7;9;5;9;0;9;7;No;Computer Systems Manager
5;8;5;3;8;7;5;6;3;6;2;5;5;8;0;9;6;5;0;6;Yes;Computer and Information Systems Manager
1;7;9;2;5;0;0;9;5;0;7;7;1;8;1;0;7;0;7;2;Yes;Computer and Information Systems Manager
8;1;5;1;3;1;8;1;7;6;4;5;5;9;2;6;3;1;6;5;No;IT Project Manager
0;5;9;1;4;9;9;6;9;3;4;6;1;9;6;2;1;7;7;3;Yes;DevOps Engineer
2;3;4;9;8;5;4;1;7;7;7;6;9;3;9;2;6;5;7;7;Yes;Software Developer
6;9;4;8;7;1;9;5;8;8;3;3;1;4;5;1;7;9;1;5;Yes;Front End Developer
9;4;9;5;8;2;0;9;3;8;3;7;3;4;0;3;2;5;3;5;Yes;Research Scientist
4;7;3;2;0;0;9;5;7;3;7;1;8;7;2;9;0;7;9;3;Yes;Blockchain Developer
2;9;2;1;3;8;0;4;6;2;5;6;5;3;2;3;6;0;7;5;Yes;Systems Analyst
9;9;3;1;3;5;2;8;9;8;4;3;2;8;6;3;5;4;9;4;No;Software Engineer
2;7;9;7;7;1;5;9;2;6;3;7;0;2;6;7;8;3;8;7;Yes;Database Administrator
6;5;8;0;2;3;1;1;7;8;9;0;3;1;3;8;8;9;3;7;Yes;Computer Systems Analyst
2;4;9;9;6;6;9;1;6;5;6;8;8;4;5;2;9;1;6;1;Yes;Blockchain Developer
8;4;5;1;1;7;4;0;3;0;7;5;5;6;3;1;3;4;7;8;Yes;Computer Systems Analyst
4;7;5;8;7;1;0;3;9;7;7;5;7;3;8;9;3;1;7;2;No;Quality Assurance Engineer
0;4;7;7;5;5;4;8;0;7;4;8;2;3;7;3;9;4;9;2;No;Computer Systems Manager
3;7;6;6;8;0;9;1;6;6;4;7;5;9;1;2;5;5;0;7;Yes;IT Support Specialist
9;0;0;7;1;7;4;6;8;7;2;5;2;3;2;7;6;9;4;7;No;Business Intelligence Analyst
1;7;9;2;5;1;5;8;2;1;0;6;2;2;8;7;9;8;7;0;No;Data Scientist
4;4;7;3;3;7;3;8;7;8;0;4;9;8;3;0;6;3;6;3;No;Software Tester
0;4;8;7;3;0;2;5;9;1;4;5;3;3;6;9;9;4;7;0;Yes;Back End Developer
9;4;4;9;7;6;7;5;0;2;2;6;8;5;0;6;8;2;0;2;Yes;Computer Systems Manager
4;9;3;9;9;6;7;0;5;8;2;0;5;5;2;8;8;5;5;9;No;Computer Hardware Engineer
0;1;6;1;3;6;9;6;2;2;2;4;9;2;3;4;5;6;7;7;Yes;Digital Marketing Specialist
1;0;3;6;9;9;1;0;5;8;4;4;9;0;3;9;9;2;9;9;No;Network Engineer
3;1;1;7;0;5;1;1;1;5;8;7;5;7;8;7;7;7;3;9;No;UI/UX Designer
0;9;5;7;2;4;5;8;7;5;5;7;7;3;5;5;9;6;0;1;Yes;DevOps Engineer
9;2;3;2;7;8;7;8;6;1;5;1;4;6;4;6;9;3;8;7;No;Software Tester
2;4;8;1;1;5;2;5;9;6;7;0;0;8;6;2;1;8;1;5;Yes;Data Scientist
2;4;8;3;5;2;9;7;3;9;8;3;4;4;0;6;2;0;6;4;No;Data Scientist
6;3;8;6;0;1;8;8;1;2;5;1;1;8;7;9;8;8;0;1;No;Mobile App Developer
8;1;3;2;1;4;6;6;3;0;1;7;2;4;2;6;7;9;4;0;Yes;IT Support Specialist
5;9;2;7;9;0;3;0;3;4;3;4;0;7;4;4;7;8;6;0;Yes;DevOps Engineer
5;1;3;6;9;5;7;1;5;9;0;3;4;7;0;1;3;1;9;2;Yes;Business Intelligence Analyst
7;5;2;5;1;9;2;4;6;2;5;7;8;7;4;7;7;8;9;7;Yes;Software Tester
5;3;7;4;4;1;0;0;8;6;4;5;8;8;8;5;7;1;2;3;Yes;Computer Science Teacher
5;7;3;0;3;7;8;6;6;8;5;2;2;7;9;8;5;6;9;0;Yes;UI/UX Designer
1;7;9;7;1;0;7;2;7;4;5;8;3;8;7;1;2;3;1;9;Yes;Computer and Information Research Scientist
2;2;3;1;9;2;0;3;9;6;8;4;5;4;5;4;2;1;6;0;Yes;Computer Programmer
0;8;0;3;3;1;6;6;0;8;9;0;6;2;0;3;4;7;7;6;Yes;IT Sales Professional
2;1;7;9;3;2;4;5;0;4;9;3;4;5;0;1;3;7;1;5;No;IT Support Specialist
2;1;7;6;2;8;2;5;6;0;1;8;9;0;7;9;5;9;7;2;Yes;Blockchain Developer
6;8;6;0;4;3;4;5;6;4;8;4;0;3;5;3;1;9;8;4;Yes;IT Sales Professional
8;4;0;9;3;4;2;8;7;7;1;2;2;8;4;3;7;7;2;4;No;Computer Hardware Engineer
2;2;2;9;3;9;4;1;0;0;7;6;1;5;1;7;1;3;4;1;Yes;Computer and Information Research Scientist
5;6;1;6;8;8;3;8;9;5;7;3;9;1;6;8;6;3;7;3;No;Game Developer
8;2;5;4;4;6;2;1;3;8;4;7;5;2;1;0;7;9;5;8;No;Computer and Information Systems Manager
4;3;0;6;1;8;9;3;5;7;6;0;8;9;1;4;1;4;9;7;No;Computer and Information Research Scientist
1;1;5;9;2;8;1;5;0;0;3;6;9;5;6;7;9;9;8;0;No;Front End Developer
0;6;2;9;8;1;4;0;6;7;4;8;9;1;6;2;7;6;2;2;Yes;Technical Writer
5;7;5;4;3;5;2;9;2;4;8;9;9;1;8;3;1;3;3;4;Yes;Cybersecurity Analyst
6;2;4;0;1;1;2;3;1;0;2;5;1;0;0;6;4;6;6;1;No;IT Support Specialist
9;4;3;7;0;1;8;5;1;9;2;2;3;6;7;2;9;3;9;3;Yes;Computer and Information Systems Manager
9;8;4;8;9;1;5;4;8;1;0;5;2;1;2;1;4;3;6;8;Yes;Technical Support Engineer
9;3;0;0;4;4;9;4;5;9;4;5;8;3;6;8;9;4;6;3;Yes;Computer Science Teacher
1;8;1;8;5;9;7;1;8;2;6;4;3;2;1;8;2;2;0;6;No;Computer Programmer
0;5;2;2;0;2;5;5;3;1;4;6;1;1;2;9;5;0;4;6;Yes;Computer and Information Research Scientist
3;8;9;0;6;0;7;1;5;8;6;4;4;2;1;8;0;0;4;0;No;Database Administrator
8;4;1;9;9;0;4;4;4;4;4;2;1;4;3;4;7;7;8;0;No;Network Administrator
5;8;1;8;5;7;2;8;2;0;3;4;6;2;8;2;0;1;4;6;Yes;Business Intelligence Analyst
8;9;6;7;3;8;4;4;7;2;5;1;8;5;8;9;5;9;6;4;No;UI/UX Designer
1;2;9;3;3;7;5;6;0;6;2;6;9;6;3;8;3;4;5;8;No;Mobile App Developer
5;8;6;9;5;1;9;7;3;9;3;2;8;4;3;1;4;3;6;0;Yes;IT Support Specialist
4;3;5;5;5;1;5;2;4;6;5;3;5;8;0;2;6;4;4;3;Yes;Computer Hardware Engineer
7;2;9;8;8;4;4;3;5;6;6;4;5;6;3;3;4;4;6;6;No;Technical Support Engineer
1;8;5;5;4;1;8;4;1;5;2;2;0;7;4;6;8;3;9;8;No;Computer Systems Manager
9;2;3;5;8;6;9;6;8;2;6;7;4;8;0;5;6;3;2;5;Yes;Back End Developer
6;9;8;6;6;8;6;3;1;7;5;0;5;9;3;3;1;6;5;5;Yes;Web Developer
5;1;0;7;6;8;8;1;0;2;2;1;6;7;4;4;4;5;2;8;No;Machine Learning Engineer
4;9;4;8;8;8;8;5;8;4;8;7;1;2;2;6;7;2;5;4;No;Data Scientist
3;7;3;3;2;9;4;6;7;7;6;5;3;2;3;0;1;8;5;3;Yes;Technical Support Engineer
4;4;6;2;9;9;7;7;6;4;1;1;0;8;6;5;3;7;6;8;Yes;Computer Programmer
3;4;8;2;2;9;9;6;8;1;8;5;6;5;9;5;1;4;0;1;Yes;IT Support Specialist
1;0;5;5;6;4;9;3;6;9;1;0;6;8;1;9;8;8;0;0;No;Game Developer
8;2;9;7;7;3;4;0;1;1;9;0;8;3;9;8;0;4;7;3;Yes;Web Developer
4;6;8;6;0;6;6;7;9;1;1;8;1;1;3;8;4;7;3;0;No;Research Scientist
9;2;7;6;1;2;6;6;1;4;4;3;5;3;8;4;3;1;1;7;No;Back End Developer
6;2;9;1;4;4;7;1;2;6;0;0;4;3;3;9;7;4;1;5;No;Research Scientist
0;3;8;4;7;5;2;8;1;4;6;5;1;8;8;8;2;3;9;7;No;Web Developer
4;6;5;6;6;2;7;4;2;7;0;7;0;5;2;4;0;7;2;6;No;Software Developer
0;9;3;0;5;2;3;4;4;2;3;7;2;6;2;0;3;3;2;7;No;Front End Developer
3;2;9;9;5;4;7;5;5;0;5;3;2;1;9;4;7;8;4;3;Yes;Computer Systems Manager
8;3;3;9;0;7;6;5;6;4;0;4;4;5;9;5;9;3;3;0;No;Network Administrator
4;5;9;7;5;1;0;8;9;5;7;3;2;9;8;1;2;8;1;6;Yes;Research Scientist
6;2;8;7;8;3;7;3;8;4;3;9;1;7;0;0;3;7;3;9;No;Cybersecurity Analyst
1;0;3;2;2;1;2;1;4;6;8;4;9;2;0;9;9;2;2;7;No;Research Scientist
7;9;6;8;3;3;2;4;3;7;1;9;8;9;7;5;0;0;0;8;Yes;IT Consultant
0;5;0;1;7;8;6;7;3;8;5;6;5;5;9;3;8;2;8;4;No;Software Tester
0;9;5;0;4;1;6;6;9;3;8;1;8;3;7;4;9;2;3;0;Yes;Mobile App Developer
6;3;8;5;9;3;6;8;0;3;6;8;8;0;6;1;4;6;3;9;No;UI/UX Designer
7;9;2;4;2;5;1;5;0;5;8;5;6;9;4;4;3;0;2;1;Yes;IT Support Specialist
2;2;9;9;8;0;0;3;1;8;3;8;1;2;4;3;6;3;3;5;Yes;Artificial Intelligence Engineer
2;0;6;9;4;7;6;0;5;3;7;3;3;3;0;8;2;8;5;0;No;Cloud Architect
2;8;6;6;3;0;9;4;4;8;5;8;5;5;5;8;8;4;2;7;Yes;Artificial Intelligence Engineer
2;4;6;2;5;7;8;4;5;9;5;9;6;9;3;5;3;8;4;8;Yes;Computer Science Teacher
1;4;8;3;8;7;0;7;9;3;9;6;4;3;1;8;7;8;9;2;No;Network Engineer
5;3;8;5;9;1;0;9;5;7;9;1;8;5;2;6;5;7;7;8;Yes;Artificial Intelligence Engineer
8;3;1;2;4;9;7;3;3;0;6;0;6;1;0;2;3;3;4;2;No;Technical Support Engineer
1;2;5;6;2;9;9;5;3;0;2;1;0;5;3;1;8;9;7;1;No;Network Engineer
4;0;4;4;3;9;3;6;3;2;2;2;8;1;1;6;5;7;1;4;Yes;Machine Learning Engineer
3;8;6;5;6;1;5;0;7;1;2;4;4;8;1;3;9;4;9;3;No;Game Developer
4;5;4;2;7;9;0;1;8;6;8;8;8;2;6;4;7;9;5;7;No;Technical Support Engineer
5;4;6;3;2;6;9;4;2;4;7;0;5;6;6;9;5;1;5;5;No;Network Engineer
6;8;6;2;5;2;9;2;8;1;9;6;1;1;5;5;8;8;0;8;No;Computer Systems Manager
2;4;8;2;5;3;1;3;2;0;3;3;3;7;3;4;4;0;8;8;Yes;IT Support Specialist
1;4;2;0;3;9;7;4;3;4;8;5;9;2;4;1;7;8;4;3;Yes;Software Engineer
0;7;8;1;9;9;9;5;4;0;3;2;5;1;2;1;3;8;3;8;Yes;Blockchain Developer
2;8;7;6;9;5;5;1;6;6;5;9;0;7;9;0;6;1;2;3;Yes;IT Support Specialist
7;7;1;3;6;6;7;0;6;2;2;1;6;5;6;3;8;3;1;0;Yes;Machine Learning Engineer
4;6;0;9;7;4;1;1;1;2;9;5;0;3;6;6;7;8;5;6;No;Network Engineer
8;2;8;7;7;4;9;6;6;2;6;7;8;9;1;1;8;2;9;9;Yes;Technical Support Engineer
7;4;2;3;3;0;1;9;5;3;3;9;0;7;3;0;7;8;3;1;Yes;Network Engineer
0;8;8;2;7;6;6;7;4;1;4;8;5;9;2;3;7;5;5;1;Yes;Data Scientist
3;4;6;9;9;0;5;7;3;1;6;2;7;8;1;9;0;3;1;0;No;IT Sales Professional
7;0;5;2;5;6;4;8;7;8;7;7;6;4;1;3;8;5;5;7;No;Digital Marketing Specialist
2;4;1;7;7;9;7;4;3;0;0;6;6;3;7;3;5;0;7;3;Yes;Computer Programmer
4;3;4;3;8;0;8;1;7;5;6;8;8;5;1;8;5;5;3;9;No;Business Intelligence Analyst
0;7;8;5;4;7;3;1;1;7;0;0;3;3;4;8;7;3;7;2;No;DevOps Engineer
0;2;8;9;5;8;5;2;5;5;1;5;2;5;9;8;9;7;9;9;Yes;IT Support Specialist
6;8;3;6;9;8;4;9;2;0;6;9;1;9;8;4;2;4;9;1;Yes;Computer Systems Analyst
5;4;5;1;2;8;7;0;5;8;6;3;2;0;6;0;2;1;5;2;Yes;Computer Programmer
7;4;8;5;6;4;5;8;4;7;2;9;9;6;5;9;4;5;5;8;No;Software Engineer
2;0;9;6;8;0;5;3;8;2;0;9;5;4;7;1;5;0;7;4;No;Computer Systems Analyst
4;7;9;8;9;5;2;6;7;0;4;5;1;0;4;7;3;1;3;6;Yes;Business Intelligence Analyst
0;0;9;3;7;7;2;3;8;9;5;0;5;0;6;1;9;3;5;6;Yes;UI/UX Designer
8;3;1;1;3;3;1;6;4;5;3;8;8;1;6;3;9;2;4;0;Yes;Software Engineer
7;3;5;9;5;8;7;8;7;0;4;2;3;2;4;6;1;4;8;1;Yes;Quality Assurance Engineer
9;2;0;3;6;3;0;3;6;9;4;3;1;3;9;4;5;1;8;1;No;Computer Programmer
8;9;8;3;1;4;4;8;1;9;3;8;2;8;7;5;7;6;9;3;No;Software Engineer
3;3;3;4;2;4;3;3;5;1;3;8;2;4;9;8;6;3;7;8;No;Computer Network Architect
6;4;8;9;1;0;5;3;0;7;5;2;7;2;1;3;4;1;1;6;No;Full Stack Developer
3;9;2;5;0;2;1;4;1;1;2;2;8;8;6;3;8;3;8;9;No;Software Developer
1;6;8;4;6;2;1;7;5;2;1;6;9;0;2;5;1;5;5;0;No;Data Scientist
1;8;6;4;3;4;9;3;6;6;4;4;9;9;5;7;6;7;2;5;No;Computer Network Architect
2;5;7;8;7;6;4;1;4;6;1;5;5;4;8;3;6;1;7;2;No;Systems Analyst
3;8;5;4;7;8;7;6;1;7;0;3;4;9;1;7;4;5;1;4;Yes;Game Developer
2;9;2;8;0;1;7;2;7;2;0;1;4;2;4;1;1;3;2;5;Yes;Game Developer
5;5;2;9;1;9;4;3;5;7;6;7;8;7;1;1;0;1;9;4;No;Technical Support Engineer
4;9;9;1;7;6;4;0;6;9;6;6;7;4;1;7;7;1;2;4;No;Data Scientist
9;0;4;7;1;5;1;3;5;4;5;5;9;3;7;0;5;6;5;8;Yes;IT Sales Professional
8;8;1;9;5;9;3;5;0;8;1;0;1;4;2;7;1;3;8;4;No;Embedded Systems Engineer
0;3;3;2;2;6;2;5;7;1;3;6;4;2;0;7;7;2;6;6;Yes;Data Scientist
3;0;7;0;0;4;3;5;8;0;7;4;0;1;8;8;3;3;6;5;Yes;Computer Hardware Engineer
2;2;6;4;5;9;3;0;5;4;2;5;6;7;4;9;4;4;9;5;No;IT Consultant
4;0;6;3;4;8;7;2;0;6;1;9;3;1;7;8;4;5;4;5;No;Computer Network Architect
7;6;2;5;5;6;2;8;8;3;6;8;7;4;9;5;0;6;6;3;Yes;Cybersecurity Analyst
6;9;6;9;5;6;1;5;2;4;5;3;6;6;9;2;7;8;7;3;No;Software Engineer
6;7;3;1;7;7;9;9;8;6;2;1;4;0;0;0;2;2;8;4;Yes;Network Administrator
2;1;1;6;7;6;2;9;0;9;5;5;2;4;3;7;1;6;0;7;No;Web Developer
5;9;9;0;2;3;2;2;2;2;6;7;2;3;0;6;1;7;4;1;Yes;Artificial Intelligence Engineer
7;8;0;9;6;6;3;4;5;4;7;2;1;3;3;8;3;7;3;7;Yes;Front End Developer
7;4;2;7;7;2;4;2;0;0;7;0;8;2;2;2;8;8;8;9;No;IT Support Specialist
1;0;1;1;7;8;6;9;4;7;7;2;1;8;8;9;2;4;3;4;Yes;IT Consultant
7;0;6;6;5;0;1;8;5;8;9;5;4;6;4;3;4;6;7;7;Yes;Web Developer
4;4;4;9;9;9;7;0;0;0;5;3;6;1;3;4;3;0;5;0;No;Embedded Systems Engineer
0;6;4;4;4;1;8;4;1;4;6;4;5;4;5;3;3;0;7;5;Yes;UI/UX Designer
8;7;4;2;1;9;2;7;7;6;6;4;0;3;6;2;8;1;7;4;Yes;Computer Hardware Engineer
6;5;9;5;1;6;6;3;3;5;4;8;8;5;5;3;7;4;1;9;Yes;Full Stack Developer
5;2;2;6;5;3;2;7;9;0;2;9;2;5;8;6;3;6;4;2;Yes;IT Sales Professional
4;7;8;0;3;5;2;8;2;6;1;1;5;8;5;3;8;8;2;3;Yes;Data Scientist
5;5;4;8;1;3;7;6;2;9;2;1;8;2;0;8;0;2;8;8;No;Network Engineer
7;6;0;3;5;3;4;1;6;8;7;9;1;1;5;2;1;8;3;9;Yes;IT Project Manager
8;5;2;1;3;9;9;2;2;0;1;3;9;8;8;3;8;0;7;5;Yes;Data Scientist
5;0;4;7;1;2;3;1;7;3;2;0;5;2;8;1;5;9;5;3;No;IT Support Specialist
3;7;9;9;9;1;5;5;6;9;4;2;8;6;8;9;7;7;8;0;Yes;Digital Marketing Specialist
9;5;2;7;4;9;2;1;9;6;8;9;3;6;0;7;9;8;8;2;No;Quality Assurance Engineer
4;4;0;3;7;5;1;6;7;4;7;3;4;8;6;0;1;0;6;8;Yes;Technical Writer
0;5;2;9;5;1;4;4;1;6;3;2;4;3;0;6;9;8;9;0;Yes;Cloud Architect
5;8;5;5;5;4;5;5;9;4;3;3;2;0;5;2;8;5;8;0;Yes;Embedded Systems Engineer
4;8;8;2;0;5;8;1;4;6;0;9;8;7;8;9;4;6;8;5;No;Software Tester
9;5;0;8;0;9;3;5;2;7;0;9;0;3;4;1;8;9;9;6;Yes;Quality Assurance Engineer
6;6;8;5;8;1;8;7;9;2;3;4;2;0;1;8;1;8;4;9;Yes;Computer Network Architect
3;4;0;3;9;6;8;6;4;5;1;1;1;8;5;4;7;1;7;6;No;Computer Programmer
6;2;9;7;2;6;0;2;1;8;3;6;0;9;6;6;2;1;9;4;Yes;Computer Science Teacher
8;5;5;2;8;2;2;4;6;4;2;4;2;7;8;8;3;9;0;9;Yes;Software Developer
1;3;9;7;0;2;1;2;5;4;9;9;1;3;9;0;6;2;0;2;No;Quality Assurance Engineer
9;7;8;2;7;0;2;8;7;4;4;7;7;1;8;6;2;1;7;0;No;Computer Systems Analyst
6;2;9;6;1;0;4;8;4;8;1;8;3;0;7;1;7;4;8;5;Yes;Computer Science Teacher
3;7;0;8;6;3;7;9;1;9;7;1;0;9;6;9;7;6;7;3;Yes;Cybersecurity Analyst
0;2;4;6;8;3;7;3;8;8;2;8;5;8;4;6;9;8;6;7;Yes;Technical Writer
5;6;8;3;8;3;1;9;1;7;6;8;1;0;4;5;3;6;0;5;Yes;Machine Learning Engineer
3;4;4;8;0;0;9;6;1;0;2;2;6;0;0;8;2;7;0;9;No;Artificial Intelligence Engineer
6;6;8;8;0;1;7;7;3;2;1;2;9;7;8;6;5;5;0;3;No;Software Developer
9;8;4;6;6;0;0;2;6;0;0;0;6;6;2;9;1;2;5;9;Yes;DevOps Engineer
4;4;1;4;0;7;7;6;3;1;4;2;7;5;9;9;9;5;6;0;Yes;Network Administrator
6;5;0;9;8;7;0;3;0;4;4;7;5;2;0;1;6;8;4;4;Yes;Computer Systems Manager
7;8;2;1;8;7;4;4;3;7;4;4;2;4;3;1;8;6;8;5;Yes;IT Support Specialist
5;7;7;6;7;0;8;5;7;6;0;6;4;0;9;7;4;1;9;3;No;DevOps Engineer
9;4;8;4;5;3;9;1;3;1;0;7;2;2;0;6;0;7;4;4;No;Computer Programmer
1;9;9;0;6;5;6;8;1;9;9;5;3;0;3;5;3;2;1;0;Yes;DevOps Engineer
7;7;6;6;9;2;5;2;4;7;8;5;0;1;1;1;1;8;7;1;Yes;Technical Support Engineer
2;2;9;9;7;6;1;7;9;7;4;7;6;1;1;4;6;4;5;7;Yes;Software Developer
3;1;5;4;0;0;7;0;3;6;3;3;9;2;7;4;8;8;9;5;Yes;Back End Developer
3;5;2;1;7;7;9;8;5;4;2;0;1;2;3;9;3;6;2;1;No;Digital Marketing Specialist
9;7;3;6;4;1;4;7;6;9;0;2;0;3;3;7;6;8;9;9;No;Digital Marketing Specialist
6;2;2;2;2;8;6;2;7;9;2;5;5;6;5;4;5;1;7;6;No;Blockchain Developer
8;7;4;4;3;2;3;5;9;0;7;2;7;7;0;8;8;7;2;9;Yes;IT Consultant
4;6;8;4;7;4;1;1;9;1;0;9;3;2;9;7;9;7;9;6;No;DevOps Engineer
4;3;7;3;9;0;1;3;9;6;3;4;3;2;2;3;0;3;5;9;Yes;Computer and Information Systems Manager
2;5;8;6;5;0;5;5;4;2;4;0;5;4;2;0;0;8;0;5;Yes;Research Scientist
7;4;9;4;3;4;4;5;2;8;6;6;3;9;2;7;3;9;7;3;No;Web Developer
7;3;3;5;4;3;4;3;4;3;4;0;4;3;8;5;5;0;6;3;No;Technical Writer
4;2;9;4;5;1;8;1;0;1;6;3;2;1;9;0;2;5;0;8;Yes;Embedded Systems Engineer
1;4;8;0;2;2;2;0;2;8;9;3;6;5;1;0;4;2;9;1;Yes;Database Administrator
8;7;0;2;3;7;9;4;6;2;3;9;1;1;4;2;0;5;9;7;No;Embedded Systems Engineer
6;4;1;2;8;9;1;7;7;8;0;1;5;6;4;4;6;2;1;6;Yes;Computer and Information Research Scientist
9;8;5;0;7;8;3;8;3;1;1;9;8;4;9;7;0;9;9;5;Yes;Computer and Information Research Scientist
9;6;3;3;2;4;6;6;2;8;9;4;7;4;8;9;5;2;8;9;No;Back End Developer
7;1;1;7;4;8;9;5;8;9;3;2;4;7;5;3;4;5;5;4;No;Software Engineer
4;4;4;8;5;8;2;7;7;0;3;8;8;0;9;6;1;4;9;3;No;IT Support Specialist
6;0;1;6;2;7;9;7;7;9;1;4;6;5;0;1;6;3;3;3;No;Data Scientist
3;3;5;9;8;6;6;5;6;2;5;8;4;7;8;3;3;7;4;8;No;Computer Systems Manager
8;7;5;7;2;4;2;3;8;6;2;1;9;1;1;0;7;0;8;9;Yes;Computer Science Teacher
9;1;7;5;1;8;2;2;8;7;5;6;4;4;3;8;7;8;5;8;Yes;Computer Science Teacher
5;9;4;7;9;3;8;3;8;9;8;9;0;1;0;8;2;5;1;7;Yes;Computer Network Architect
1;8;4;0;2;7;4;8;6;6;6;4;6;0;9;3;3;5;8;9;No;Web Developer
0;5;2;7;3;2;9;5;7;2;3;2;7;6;4;9;1;1;0;5;Yes;Web Developer
8;3;3;9;0;6;6;0;7;6;5;2;3;8;7;3;0;1;0;2;No;Business Intelligence Analyst
4;8;3;6;1;1;3;3;8;4;6;6;9;7;7;6;7;6;3;8;Yes;Technical Support Engineer
8;2;8;3;6;1;3;8;9;1;4;5;1;4;5;5;1;1;9;4;Yes;Database Administrator
3;6;9;7;8;4;6;7;2;8;5;2;2;5;9;6;0;2;8;9;Yes;Software Tester
0;8;3;3;1;2;9;1;7;2;7;4;3;7;6;1;6;5;0;2;No;IT Sales Professional
2;8;9;9;0;3;7;7;5;2;6;2;8;2;1;6;3;7;9;6;Yes;Cybersecurity Analyst
6;1;4;8;9;6;8;2;0;2;0;5;8;1;7;5;1;4;3;1;No;Technical Support Engineer
7;1;1;0;0;3;2;5;7;2;3;9;4;8;2;2;9;6;3;6;Yes;Artificial Intelligence Engineer
0;2;8;0;6;8;7;5;3;1;9;8;7;0;2;8;2;8;5;6;Yes;Computer Network Architect
8;5;2;4;1;2;1;5;1;1;5;0;5;4;4;5;7;4;1;9;No;Mobile App Developer
1;3;1;6;4;2;6;6;1;9;4;6;9;0;0;9;1;1;0;6;No;Front End Developer
2;8;6;0;9;6;8;1;0;1;4;7;4;3;3;4;0;8;7;1;Yes;Game Developer
1;8;9;6;8;9;6;9;1;2;3;9;4;3;2;2;5;3;7;6;No;Database Administrator
1;6;0;8;2;8;9;4;9;8;5;7;4;2;9;8;8;5;9;4;Yes;Front End Developer
5;5;9;4;4;3;4;8;1;8;3;7;9;6;5;4;8;3;1;4;Yes;Computer and Information Systems Manager
9;2;6;3;5;9;1;7;2;9;9;2;3;9;6;2;5;7;6;8;Yes;Full Stack Developer
2;0;1;3;7;6;5;8;8;2;2;6;0;9;8;0;0;4;4;2;No;Digital Marketing Specialist
0;2;0;4;1;6;3;2;7;5;1;8;2;7;3;7;8;9;3;1;Yes;IT Consultant
1;3;8;3;2;2;0;6;8;9;1;8;4;4;3;7;8;2;6;0;Yes;Web Developer
2;3;2;3;5;3;1;6;3;6;1;2;3;1;4;8;3;2;8;2;No;Research Scientist
6;2;5;1;8;8;6;3;6;1;4;7;1;2;5;5;0;0;7;9;Yes;Technical Writer
2;5;5;2;4;4;4;8;8;9;2;7;6;2;3;6;3;7;9;9;Yes;Cloud Architect
1;3;2;3;2;8;6;6;3;2;4;7;8;2;0;6;8;1;9;2;No;Web Developer
0;1;4;8;7;1;0;9;7;2;2;5;6;2;3;3;1;3;1;6;No;Business Intelligence Analyst
9;5;8;3;3;3;0;1;2;8;5;5;1;2;4;1;6;1;9;2;No;Artificial Intelligence Engineer
8;0;2;9;9;7;0;9;1;0;4;6;7;7;7;0;9;5;0;8;Yes;Computer and Information Systems Manager
6;4;0;2;8;4;0;4;2;4;0;6;5;6;9;5;9;6;5;1;No;Machine Learning Engineer
5;5;2;6;1;8;7;5;5;2;1;7;6;3;0;5;8;5;0;7;Yes;DevOps Engineer
4;5;9;4;9;2;3;7;1;1;0;8;9;4;4;1;8;5;2;7;No;Artificial Intelligence Engineer
3;4;4;4;0;1;6;6;6;1;7;4;7;7;3;0;8;5;3;3;No;Technical Support Engineer
4;7;0;9;6;3;3;1;1;2;9;5;8;8;6;9;5;6;6;6;No;Business Intelligence Analyst
9;0;1;6;0;1;7;8;5;8;4;2;7;2;6;5;7;0;9;1;No;Blockchain Developer
4;2;3;5;7;5;9;3;9;2;1;3;3;7;0;7;5;3;7;7;No;IT Sales Professional
7;0;8;7;5;1;0;1;0;5;6;8;8;1;5;9;7;6;6;4;No;UI/UX Designer
5;6;5;2;2;7;2;9;2;0;8;6;0;6;8;8;7;6;5;8;No;Computer Systems Manager
8;4;9;9;6;0;1;1;4;1;7;1;1;7;3;8;8;8;5;1;Yes;Machine Learning Engineer
0;9;4;4;2;9;4;8;3;1;9;6;5;3;8;7;4;3;2;5;Yes;Network Administrator
9;9;8;5;0;3;1;4;7;3;9;7;5;1;5;7;3;9;4;8;No;Digital Marketing Specialist
8;2;0;4;9;0;8;4;3;0;7;3;1;6;9;4;1;2;8;1;No;Business Intelligence Analyst
0;3;2;6;6;2;6;9;1;4;1;9;8;7;4;2;8;8;5;5;Yes;Back End Developer
9;9;9;1;2;1;0;5;3;4;8;6;5;7;5;3;5;2;0;6;No;Network Administrator
7;9;1;6;2;1;1;5;3;2;7;8;0;1;1;6;8;9;3;5;No;Artificial Intelligence Engineer
7;2;9;5;5;6;4;2;7;5;5;4;7;7;3;6;7;9;6;7;Yes;Systems Analyst
9;7;4;1;4;8;5;0;2;8;5;9;5;6;7;7;9;2;9;6;No;Computer Hardware Engineer
2;5;1;2;2;5;3;9;4;8;8;7;9;4;6;6;0;3;4;0;No;Database Administrator
5;0;1;1;9;9;5;7;3;2;7;1;1;6;0;8;9;4;7;5;No;Computer and Information Systems Manager
7;0;3;2;0;0;8;7;9;7;6;7;7;7;7;3;3;0;3;1;No;Computer and Information Systems Manager
1;7;0;9;6;8;9;9;5;4;2;1;0;2;5;1;4;9;7;0;Yes;Back End Developer
5;1;6;5;0;5;6;0;9;5;2;9;3;5;6;3;5;3;1;1;No;Software Developer
6;0;4;8;2;4;5;8;8;6;3;4;7;4;0;8;7;5;8;9;Yes;Computer Programmer
7;3;2;1;7;0;2;4;4;2;1;3;1;4;1;6;4;7;6;8;No;Computer Hardware Engineer
2;9;5;7;2;0;5;6;9;5;8;8;1;2;5;1;8;5;9;1;No;Research Scientist
7;4;0;8;1;1;7;1;8;1;6;1;8;8;6;4;1;0;8;9;Yes;Research Scientist
0;7;6;5;3;2;0;5;9;7;6;0;8;5;1;7;4;1;8;4;Yes;Machine Learning Engineer
4;9;4;1;8;5;0;5;8;7;4;5;8;3;1;2;6;5;1;5;No;Computer and Information Systems Manager
4;2;1;2;8;5;0;4;1;2;1;2;4;6;3;1;2;8;3;9;No;Technical Writer
9;9;9;3;5;8;6;1;7;3;6;5;5;1;4;8;0;4;4;2;No;Full Stack Developer
7;8;0;7;3;3;8;2;4;9;6;5;4;2;5;6;6;8;3;3;Yes;Software Developer
9;4;8;6;4;9;9;3;8;2;2;0;3;7;8;2;4;1;6;5;No;Quality Assurance Engineer
0;8;7;6;9;9;2;6;9;2;4;4;1;1;4;0;3;4;1;8;No;Systems Analyst
4;9;4;4;2;9;6;7;2;5;1;5;6;5;4;2;6;4;9;9;Yes;Network Administrator
1;1;0;4;5;9;0;8;3;2;1;3;1;9;4;6;0;6;8;3;No;IT Sales Professional
7;5;5;3;8;8;2;0;1;4;5;1;8;2;6;1;2;3;8;4;No;Technical Writer
5;9;2;2;3;0;7;6;3;3;3;2;3;7;9;1;7;9;9;3;No;Software Engineer
4;7;1;8;0;3;1;1;6;4;3;0;7;5;4;0;7;0;0;4;No;IT Project Manager
5;8;7;8;9;9;7;8;1;3;6;6;3;3;4;6;8;1;9;8;Yes;Computer and Information Research Scientist
0;8;8;4;0;9;1;9;4;7;3;3;3;0;2;9;2;5;3;5;Yes;Cloud Architect
6;1;0;4;3;5;7;0;1;4;9;8;6;8;1;3;8;1;7;6;Yes;Network Administrator
5;6;7;5;5;1;0;9;6;5;4;6;6;4;3;3;6;8;3;7;No;Full Stack Developer
6;3;2;7;4;5;4;8;8;0;3;8;6;0;1;8;7;3;6;4;No;Computer and Information Research Scientist
8;6;2;9;9;7;6;9;7;8;3;3;0;4;1;2;3;2;3;6;Yes;Cloud Architect
6;4;2;1;3;5;0;2;1;8;9;9;0;9;3;2;5;8;3;8;No;Machine Learning Engineer
6;6;2;7;0;1;0;1;8;6;6;1;1;0;8;1;5;7;0;4;Yes;DevOps Engineer
1;8;8;4;3;2;1;2;9;3;2;8;5;9;8;4;8;6;2;9;Yes;Embedded Systems Engineer
8;2;6;6;3;8;7;9;8;8;9;1;7;6;3;2;9;0;0;5;Yes;Computer Programmer
8;3;4;5;0;0;2;2;4;5;4;0;3;7;2;3;0;4;1;0;No;Full Stack Developer
2;6;3;3;3;7;1;9;9;6;4;5;3;5;6;7;9;2;2;9;Yes;Quality Assurance Engineer
6;5;6;9;9;0;4;5;1;7;3;5;8;6;0;6;5;1;9;8;Yes;Cloud Architect
1;7;9;4;8;3;0;2;4;3;5;8;9;0;0;5;0;0;2;4;No;Network Engineer
6;4;2;8;8;8;9;0;4;3;5;9;5;5;9;3;4;0;5;5;Yes;Front End Developer
0;0;1;0;4;6;6;7;0;5;9;7;4;7;3;0;7;6;6;1;Yes;Computer Systems Analyst
7;5;8;0;8;9;8;5;2;6;7;2;4;5;8;8;5;5;9;6;Yes;Software Tester
6;9;9;3;9;2;1;4;6;3;8;6;5;6;6;2;1;2;3;5;No;Digital Marketing Specialist
4;6;6;3;7;6;6;7;9;6;6;2;0;3;4;8;4;5;8;8;No;Front End Developer
4;8;8;3;5;6;6;8;6;3;6;2;2;3;8;4;6;7;2;9;No;UI/UX Designer
8;0;1;0;2;6;0;5;7;4;4;1;5;9;8;8;5;1;6;6;Yes;Computer Programmer
7;1;2;2;2;6;7;7;8;2;1;0;5;5;4;7;2;4;2;0;Yes;Computer Systems Manager
5;4;0;7;7;6;1;3;0;1;1;5;1;5;2;9;5;2;9;7;Yes;Blockchain Developer
6;9;9;7;1;7;2;5;7;8;5;4;6;3;4;7;7;8;5;9;Yes;IT Support Specialist
8;5;3;3;6;5;5;6;1;1;3;6;4;8;1;3;0;7;7;3;No;Computer and Information Research Scientist
7;4;7;2;1;1;1;1;5;7;2;3;6;1;1;0;6;9;4;6;Yes;Software Engineer
8;7;8;4;6;2;5;3;4;0;3;9;8;2;3;3;6;9;3;2;No;Software Developer
7;9;3;3;0;9;5;5;7;7;6;7;2;8;0;3;0;0;9;3;No;Software Tester
6;1;3;2;2;1;2;2;1;9;8;8;4;6;2;1;7;5;5;8;No;IT Sales Professional
6;7;4;0;5;9;8;3;7;7;0;2;9;1;7;1;1;4;7;3;Yes;Network Administrator
6;0;1;6;9;3;6;9;3;9;2;8;6;8;2;0;8;2;7;9;No;Research Scientist
2;9;2;1;9;1;9;5;3;4;5;9;3;4;5;6;9;8;6;1;Yes;IT Sales Professional
7;6;5;3;1;5;7;9;0;4;1;1;6;6;3;0;6;9;2;9;Yes;Cybersecurity Analyst
1;5;0;7;6;2;5;6;7;8;8;7;1;9;8;4;6;5;0;1;No;Full Stack Developer
9;1;3;7;5;5;5;8;5;0;2;9;5;9;4;7;2;0;9;8;No;Computer Hardware Engineer
0;7;6;8;9;1;0;5;5;6;8;3;0;9;0;9;4;6;9;8;Yes;Computer and Information Systems Manager
7;7;9;3;3;4;5;4;9;0;9;9;5;2;2;1;9;8;1;9;Yes;Full Stack Developer
9;1;2;5;7;1;3;8;9;0;0;5;9;3;1;3;6;3;3;9;No;IT Consultant
7;4;6;1;1;6;8;5;8;5;5;7;6;8;3;7;1;1;1;4;No;Computer Science Teacher
5;5;5;1;7;6;8;2;6;0;7;5;4;9;4;9;7;0;1;7;No;Quality Assurance Engineer
1;0;9;5;7;1;2;9;6;9;0;2;0;8;6;4;2;0;2;6;No;Machine Learning Engineer
2;2;3;1;1;9;9;5;7;7;6;4;8;4;4;4;4;3;1;3;Yes;IT Project Manager
3;0;5;7;7;0;2;6;9;0;1;3;5;3;6;4;0;8;0;2;No;IT Sales Professional
0;6;8;1;8;4;1;4;1;3;9;8;0;8;8;2;5;8;8;2;Yes;Software Engineer
7;5;0;0;1;1;8;4;0;6;1;3;8;6;2;0;7;9;4;3;No;Computer Systems Analyst
9;5;1;0;5;5;2;7;0;9;7;1;1;7;5;2;9;1;6;6;Yes;Computer Systems Manager
5;0;6;6;8;3;4;2;2;3;7;7;0;4;7;8;8;0;8;8;No;Embedded Systems Engineer
0;7;2;1;0;9;7;2;1;6;7;5;2;3;5;7;8;8;3;3;No;IT Support Specialist
3;6;9;5;4;3;1;9;9;8;1;8;2;5;0;0;3;7;8;2;Yes;Network Administrator
9;3;7;6;4;0;7;0;3;2;5;7;9;8;9;7;9;3;6;9;No;Quality Assurance Engineer
4;9;5;1;4;7;4;1;7;0;5;2;6;3;7;7;2;9;3;8;Yes;Computer Science Teacher
7;1;1;1;2;4;1;6;2;9;6;7;8;5;9;8;3;2;7;7;No;Software Engineer
7;3;6;3;6;6;9;2;7;4;2;2;9;2;7;7;5;3;8;6;Yes;IT Support Specialist
6;6;7;5;5;7;3;8;5;7;3;6;9;8;6;0;6;8;4;1;No;IT Sales Professional
5;6;7;5;1;9;4;7;6;6;9;6;7;6;8;2;3;2;3;5;Yes;Computer Programmer
7;7;5;1;3;4;2;0;6;5;6;9;7;5;9;4;1;1;2;8;Yes;Database Administrator
1;8;2;3;4;2;9;5;0;4;1;7;0;8;4;1;2;9;0;9;Yes;IT Consultant
8;7;2;9;8;3;4;1;7;9;6;2;5;9;1;1;7;4;4;0;No;Machine Learning Engineer
2;9;5;7;5;6;3;7;3;2;6;0;8;8;6;8;3;1;5;7;No;Computer Science Teacher
1;2;2;9;2;3;0;2;2;8;6;5;1;4;5;9;5;5;1;9;Yes;Full Stack Developer
5;9;3;7;0;6;9;0;6;9;4;1;5;1;3;3;2;4;1;1;Yes;Computer Hardware Engineer
7;2;5;7;8;1;5;0;1;0;8;8;5;5;8;3;5;6;7;4;No;DevOps Engineer
5;7;8;9;4;5;5;4;1;7;6;0;2;3;6;0;8;6;9;2;No;Full Stack Developer
0;6;4;1;2;1;9;4;6;6;2;2;5;1;3;6;1;9;0;7;Yes;Front End Developer
6;7;2;1;7;7;2;3;3;2;3;7;6;5;5;8;4;9;6;3;No;Business Intelligence Analyst
6;9;9;3;6;7;5;9;2;0;9;8;3;8;9;3;9;3;2;7;No;Computer Systems Analyst
2;8;6;5;3;8;9;9;5;6;2;9;4;4;2;5;4;5;5;6;Yes;Computer Hardware Engineer
5;4;2;4;1;5;4;8;7;4;5;0;7;1;6;7;7;1;6;9;No;Software Engineer
3;4;4;2;5;2;3;1;4;4;3;5;1;9;0;4;5;1;4;2;No;Business Intelligence Analyst
7;2;8;8;7;9;4;5;0;6;7;1;4;2;8;9;7;1;7;3;Yes;Cybersecurity Analyst
7;6;3;8;8;6;0;1;5;2;9;6;7;8;6;2;2;4;6;5;Yes;Artificial Intelligence Engineer
7;6;7;3;7;8;9;4;8;3;8;2;0;7;0;3;2;7;4;1;Yes;Web Developer
9;0;0;4;4;2;9;6;2;7;3;9;1;8;7;3;4;9;9;0;No;Artificial Intelligence Engineer
1;4;0;7;7;6;7;6;4;9;9;4;6;8;4;6;3;3;2;8;Yes;Technical Writer
8;7;8;0;7;7;1;5;5;7;3;5;3;8;1;5;0;7;1;3;Yes;Database Administrator
6;5;7;0;2;1;4;0;2;2;3;1;6;0;8;2;0;7;9;3;No;Computer Network Architect
4;4;3;6;1;8;1;7;7;1;3;6;0;4;2;9;4;4;0;7;Yes;Computer Systems Manager
5;8;4;9;4;7;8;2;1;5;8;1;8;5;3;3;4;5;9;9;Yes;Systems Analyst
7;1;0;1;5;9;7;6;3;9;2;5;4;9;0;4;0;5;0;3;No;Digital Marketing Specialist
5;1;5;1;5;2;4;1;2;9;3;3;5;5;9;4;4;4;1;4;No;IT Support Specialist
7;1;1;7;2;6;5;7;2;0;0;3;6;2;9;5;7;7;9;3;Yes;Machine Learning Engineer
0;4;2;6;5;8;0;3;4;7;1;1;8;5;2;7;7;1;9;8;No;Web Developer
5;2;6;5;9;4;7;3;8;0;7;6;5;4;9;7;8;9;9;8;No;Digital Marketing Specialist
5;8;9;1;0;0;8;7;3;8;4;2;6;0;0;9;8;8;8;0;No;Mobile App Developer
5;6;2;9;4;7;1;1;9;0;9;9;7;0;6;4;5;3;6;4;Yes;IT Sales Professional
0;1;8;3;6;3;9;7;9;2;7;1;3;0;7;0;2;1;4;7;No;Cybersecurity Analyst
0;9;3;1;5;9;5;9;8;5;6;0;4;7;5;6;3;9;8;7;No;DevOps Engineer
0;0;4;4;9;8;8;6;8;5;2;0;2;0;5;7;5;7;1;1;No;Data Scientist
9;7;2;4;7;5;9;1;6;1;4;4;2;9;5;9;0;8;1;6;Yes;IT Sales Professional
7;1;4;8;5;1;8;5;7;3;6;8;2;6;9;5;8;3;5;7;Yes;Front End Developer
6;0;5;4;0;7;2;4;4;7;4;0;9;4;2;1;2;1;8;9;No;Machine Learning Engineer
5;0;4;0;9;1;2;9;3;3;1;0;8;9;7;8;1;5;1;8;Yes;Back End Developer
2;3;2;4;2;7;2;3;5;6;0;8;1;2;3;8;9;6;5;6;No;Technical Writer
1;0;0;2;1;2;4;9;1;8;4;5;9;7;5;6;5;3;9;3;Yes;Network Administrator
6;6;0;8;5;4;4;1;4;4;0;0;6;4;1;4;6;7;4;8;Yes;Game Developer
2;5;1;6;7;5;3;9;6;0;6;3;6;1;9;8;7;5;5;0;No;Database Administrator
9;2;7;7;6;8;8;6;7;2;7;7;5;2;2;1;8;1;0;3;No;Computer and Information Systems Manager
9;4;9;3;7;1;2;8;5;1;4;1;0;3;4;5;3;6;7;1;Yes;Full Stack Developer
0;6;3;0;2;9;2;7;3;2;6;9;3;4;7;9;3;4;4;3;No;Technical Writer
3;4;4;0;9;3;6;2;4;9;2;0;1;7;8;3;6;5;2;3;No;Computer Network Architect
3;3;8;3;0;3;3;8;4;5;6;9;4;3;0;3;4;2;4;0;No;Network Administrator
3;3;1;5;1;6;2;8;1;9;5;7;7;5;8;4;2;2;1;8;Yes;Network Engineer
8;7;6;4;8;4;0;3;4;2;7;5;2;7;6;2;8;4;4;2;Yes;Computer Systems Analyst
0;8;3;2;1;7;8;2;6;7;6;7;3;5;9;8;3;5;2;3;No;Digital Marketing Specialist
7;1;8;8;4;9;1;7;2;2;6;6;3;0;6;3;8;6;3;1;Yes;Data Scientist
1;7;9;5;0;1;3;0;8;2;1;3;7;4;9;5;8;8;9;5;Yes;Computer Programmer
6;6;6;9;2;9;0;1;9;1;2;5;7;5;1;2;6;1;0;8;Yes;Software Developer
9;7;7;9;7;5;7;7;9;3;6;1;9;9;3;2;7;0;7;4;Yes;Software Developer
7;2;4;0;8;5;4;1;0;3;3;6;0;8;9;1;0;5;2;8;Yes;Network Engineer
8;3;8;0;0;6;8;6;1;5;1;0;6;5;3;0;7;7;5;9;Yes;Computer and Information Systems Manager
1;6;6;6;3;1;0;9;3;3;8;0;8;2;3;5;4;5;4;3;No;Data Scientist
9;3;7;2;4;0;9;7;6;5;6;6;2;5;1;3;8;5;8;4;No;IT Sales Professional
3;2;0;8;0;5;4;6;6;1;4;7;5;1;1;1;9;9;4;4;Yes;Software Developer
3;7;4;4;5;8;4;4;3;5;7;6;6;9;9;9;1;9;2;3;No;Front End Developer
5;4;1;4;8;7;1;1;5;7;4;7;7;6;4;6;3;3;2;8;No;Network Administrator
4;9;2;1;8;2;8;9;1;0;3;8;4;3;4;7;4;8;6;0;No;Embedded Systems Engineer
9;7;5;6;7;9;6;8;9;8;4;0;6;6;2;3;1;3;4;4;Yes;Software Engineer
6;0;1;2;6;5;5;4;5;6;1;8;1;9;0;4;9;7;3;2;No;Game Developer
5;0;5;0;8;0;3;1;8;3;7;5;2;8;9;5;1;9;0;0;Yes;Computer Science Teacher
0;2;6;8;6;9;7;9;1;5;0;8;8;0;8;6;6;9;1;5;No;IT Support Specialist
2;9;1;1;8;4;4;8;9;4;0;1;7;8;1;5;6;0;7;4;Yes;Computer and Information Systems Manager
8;4;4;0;9;2;7;9;6;6;6;6;2;2;0;6;1;8;4;1;Yes;Computer and Information Systems Manager
6;9;4;3;4;6;8;7;9;7;0;0;6;7;5;3;9;6;8;4;Yes;Mobile App Developer
8;5;6;4;8;3;0;8;6;7;6;1;7;3;6;8;4;7;9;5;Yes;Web Developer
5;2;6;0;5;4;4;2;2;0;8;1;6;3;5;5;9;3;8;5;Yes;Cybersecurity Analyst
8;9;6;3;5;1;3;7;3;2;8;5;0;1;1;5;0;2;6;2;No;Database Administrator
0;2;8;9;1;8;0;9;5;3;4;8;9;8;9;1;9;7;6;1;Yes;Technical Support Engineer
0;0;0;7;7;7;3;4;7;7;4;3;2;9;0;4;0;6;7;7;No;Business Intelligence Analyst
5;1;3;1;4;0;7;0;9;3;8;1;9;5;8;2;4;1;3;8;Yes;Embedded Systems Engineer
7;0;7;4;5;4;8;9;6;4;9;4;9;3;0;7;8;9;1;3;No;Software Tester
6;1;0;2;9;1;2;4;0;0;7;6;6;0;5;8;4;4;8;2;No;Computer Systems Manager
4;2;7;5;3;6;1;4;3;3;0;1;7;7;1;3;9;7;2;1;Yes;Technical Writer
9;4;2;7;7;1;9;8;0;6;9;0;0;2;2;9;0;8;1;2;No;Computer Programmer
9;5;7;3;0;1;2;8;2;7;9;4;8;5;7;4;9;7;1;5;Yes;IT Consultant
3;8;2;6;8;6;1;3;5;0;2;8;0;6;7;9;4;3;3;6;No;IT Support Specialist
3;4;0;6;3;3;8;8;1;2;4;9;7;0;2;6;5;6;5;0;No;Data Scientist
6;0;5;5;1;8;9;9;3;9;9;7;7;0;6;2;3;8;9;7;No;Artificial Intelligence Engineer
1;7;8;1;4;3;0;4;1;8;3;7;2;9;4;5;3;4;1;4;No;Network Administrator
9;1;3;9;7;9;9;4;8;8;8;2;9;1;2;0;3;4;9;6;Yes;Computer Systems Manager
2;1;9;7;3;9;5;6;9;1;1;5;6;5;7;0;2;7;4;8;No;Computer Network Architect
8;6;3;9;8;0;9;1;1;4;1;6;6;2;2;6;5;1;4;2;Yes;Back End Developer
8;5;6;1;5;9;8;6;7;3;7;7;9;5;0;2;6;9;6;4;No;Computer Systems Manager
6;3;3;5;2;8;7;9;8;6;2;9;7;9;8;4;9;8;9;3;No;Artificial Intelligence Engineer
2;6;2;3;9;3;0;5;7;8;8;2;1;5;6;4;3;1;9;6;No;Computer Systems Manager
2;3;2;0;4;6;2;2;3;0;4;2;1;6;7;8;7;3;2;7;Yes;Machine Learning Engineer
5;0;7;7;9;6;0;0;7;5;4;5;1;6;3;2;7;0;0;7;Yes;Game Developer
9;5;5;6;8;6;5;4;7;8;1;8;5;6;2;7;2;6;3;4;No;Computer and Information Systems Manager
3;4;3;3;4;9;3;1;8;0;0;1;8;5;5;5;2;5;9;3;No;Computer Systems Analyst
9;0;0;3;0;0;0;7;0;7;2;1;9;8;9;6;3;7;1;8;No;Full Stack Developer
1;6;7;9;0;0;5;2;2;1;1;7;8;6;7;5;7;6;6;7;No;Computer and Information Systems Manager
3;2;9;7;6;0;0;0;3;0;5;3;9;1;1;3;2;2;6;3;Yes;Database Administrator
1;3;0;8;8;4;9;5;5;8;2;5;7;8;1;2;0;7;3;1;Yes;Business Intelligence Analyst
0;4;5;2;0;8;0;0;2;2;0;3;1;2;4;0;6;1;1;9;No;Software Engineer
4;0;7;0;7;9;0;0;4;0;2;4;6;7;7;8;5;5;5;9;Yes;Machine Learning Engineer
1;3;1;4;1;7;2;9;2;5;6;6;5;2;6;6;7;5;7;4;Yes;Artificial Intelligence Engineer
9;9;3;0;7;5;6;6;8;7;6;5;1;5;9;8;1;5;7;5;Yes;Research Scientist
1;1;5;8;5;3;3;8;3;6;5;3;4;2;6;8;9;8;0;8;Yes;Cybersecurity Analyst
3;0;6;2;1;8;3;3;1;0;6;9;7;7;8;6;2;5;5;4;Yes;Network Administrator
9;7;3;8;9;4;5;7;9;7;0;2;0;3;6;3;0;4;4;0;No;Computer Hardware Engineer
7;4;5;4;5;2;4;9;2;4;8;3;3;0;9;6;3;2;6;2;No;Technical Writer
4;1;2;1;5;5;6;8;0;9;9;0;5;8;9;4;7;2;9;2;No;Cloud Architect
8;8;0;4;8;0;2;6;0;6;4;0;4;4;4;3;6;1;1;1;No;Game Developer
8;6;0;6;3;2;2;7;0;8;3;2;0;1;3;5;2;4;6;2;No;Front End Developer
5;1;0;4;4;1;2;4;7;0;5;7;0;1;7;5;2;1;3;6;No;Network Engineer
5;1;6;7;7;2;0;8;8;8;1;8;7;0;4;4;3;3;0;4;No;Software Developer
7;1;9;1;1;0;8;3;3;6;3;4;5;7;0;6;4;1;0;8;Yes;Back End Developer
8;6;7;9;3;9;9;6;5;8;7;9;1;8;5;0;3;4;3;7;No;Digital Marketing Specialist
1;1;1;1;7;9;7;5;9;2;2;1;9;0;7;6;6;2;8;7;Yes;Embedded Systems Engineer
3;6;6;9;2;5;7;0;4;4;2;4;1;2;3;0;6;7;3;4;No;Computer Network Architect
2;3;3;3;5;1;7;0;0;2;0;3;6;9;1;4;2;1;9;5;No;Machine Learning Engineer
7;2;0;4;1;8;3;8;8;2;7;7;5;7;1;0;8;6;7;4;No;Computer and Information Systems Manager
0;0;5;0;9;6;4;7;9;4;5;7;0;7;0;1;4;2;3;1;No;Data Scientist
4;1;6;2;6;4;2;6;8;9;7;2;3;6;7;1;1;7;8;6;Yes;Network Engineer
7;9;8;6;0;9;0;7;7;8;2;1;9;6;0;2;7;7;0;6;No;Full Stack Developer
0;4;6;5;7;8;6;0;5;3;3;2;9;7;5;2;5;7;5;6;No;Systems Analyst
3;0;9;1;9;5;1;5;1;6;8;4;2;3;4;1;5;3;0;3;No;Front End Developer
2;9;1;1;4;5;4;6;2;3;8;8;1;8;4;8;8;2;4;3;Yes;Network Administrator
9;7;6;8;2;2;4;6;2;0;6;8;7;1;4;6;2;1;5;9;Yes;IT Consultant
8;7;8;7;4;5;3;0;0;8;2;0;1;6;6;6;2;1;5;8;Yes;Computer Hardware Engineer
8;5;4;8;2;1;6;1;5;3;4;7;5;9;8;0;2;1;3;6;Yes;Technical Support Engineer
3;0;9;3;5;2;7;2;0;7;2;2;3;2;8;1;5;9;0;9;No;Technical Writer
3;9;0;2;4;9;2;4;5;0;0;1;3;3;6;0;0;0;8;3;Yes;Computer and Information Research Scientist
1;7;9;2;4;9;7;0;8;1;4;1;0;2;9;4;5;9;6;3;Yes;Game Developer
9;4;8;5;6;3;6;7;0;7;2;6;0;3;8;1;8;8;7;9;No;UI/UX Designer
3;8;4;2;7;3;5;6;0;9;9;7;2;4;1;5;6;8;5;9;No;Game Developer
7;9;8;7;2;4;3;9;1;3;2;0;8;3;8;6;4;2;0;1;No;Business Intelligence Analyst
0;1;0;9;0;3;6;4;5;9;5;8;7;9;3;2;4;3;8;8;No;Computer Systems Manager
6;1;3;9;0;4;5;7;2;6;0;2;1;9;7;5;8;9;8;4;Yes;UI/UX Designer
7;7;9;9;9;7;3;1;8;5;8;1;9;4;9;4;7;1;3;2;No;Blockchain Developer
5;0;1;6;0;2;1;0;3;9;8;0;0;9;8;4;8;2;7;8;Yes;Front End Developer
5;7;4;8;8;0;0;3;6;1;2;9;8;1;5;7;7;4;1;1;No;Blockchain Developer
9;6;5;2;7;2;7;2;2;1;0;9;6;4;6;3;3;5;5;1;Yes;Computer and Information Systems Manager
9;3;0;5;5;9;7;7;9;1;1;6;5;4;3;8;4;8;3;6;No;DevOps Engineer
1;2;7;8;6;0;7;7;6;5;3;2;4;1;1;9;7;4;6;9;Yes;Web Developer
3;4;0;2;6;2;1;7;7;6;5;9;1;3;4;1;4;2;0;0;No;Network Engineer
4;4;6;4;3;8;9;7;7;2;4;4;7;9;1;4;4;1;2;2;No;Front End Developer
6;5;6;6;9;8;1;5;9;8;2;0;5;3;6;4;2;3;9;5;No;Embedded Systems Engineer
2;3;1;9;4;9;3;5;3;3;3;8;0;3;8;4;1;7;3;4;No;Blockchain Developer
1;8;1;3;3;5;1;3;8;7;2;5;5;1;0;1;8;1;7;2;Yes;Cybersecurity Analyst
8;9;6;1;7;4;7;3;5;3;8;0;8;9;3;1;9;6;8;2;No;Digital Marketing Specialist
5;8;8;8;9;2;5;5;0;2;7;2;8;2;9;2;5;4;9;7;Yes;Computer Network Architect
7;9;1;6;5;0;2;1;4;6;9;6;4;3;4;9;9;6;9;1;Yes;Computer Programmer
0;0;2;3;6;1;1;6;3;7;0;3;0;5;8;9;2;0;9;5;Yes;Systems Analyst
6;6;3;2;2;8;2;8;3;4;2;0;1;3;9;3;5;6;0;9;No;Web Developer
5;0;3;3;7;7;5;6;9;6;6;7;5;2;4;1;3;1;6;5;Yes;IT Sales Professional
7;1;3;3;7;2;4;1;7;9;7;2;3;9;1;9;0;7;6;7;No;Computer and Information Systems Manager
2;9;0;7;9;1;2;0;9;5;9;6;1;3;8;3;7;2;9;6;No;Software Engineer
0;5;7;1;4;8;0;6;7;3;3;8;5;8;1;4;2;8;6;2;Yes;IT Sales Professional
2;5;3;6;3;1;6;3;8;8;9;4;7;5;8;3;9;6;8;9;Yes;Blockchain Developer
1;8;6;0;2;3;9;2;1;8;0;3;6;4;7;1;0;5;4;3;No;Computer Science Teacher
0;1;3;6;1;3;4;8;4;9;7;3;1;4;1;6;1;0;6;8;Yes;Cloud Architect
9;4;3;5;8;3;6;5;8;8;5;2;7;7;1;0;8;2;9;9;Yes;Computer Science Teacher
4;7;3;1;3;9;5;9;6;4;3;3;8;8;2;3;6;5;2;8;Yes;Software Tester
4;3;7;9;2;8;4;6;5;7;6;7;5;2;8;3;9;1;0;4;Yes;Data Scientist
7;7;0;1;7;5;4;7;7;5;4;1;8;8;5;9;2;9;2;6;Yes;Front End Developer
8;4;3;9;1;4;3;5;9;0;9;1;6;2;2;1;3;7;7;8;No;Blockchain Developer
3;8;7;7;4;1;8;7;0;1;9;2;1;6;3;2;5;0;0;8;No;Software Developer
3;3;5;7;5;5;1;9;4;1;0;4;0;1;0;2;0;5;5;0;Yes;Computer Hardware Engineer
0;7;2;3;5;9;8;0;1;6;8;6;1;7;8;2;8;0;3;5;No;Computer Network Architect
1;4;0;7;3;8;5;4;7;7;4;7;2;3;3;9;1;3;4;7;Yes;Computer and Information Research Scientist
2;8;8;6;9;3;3;0;4;8;8;0;2;9;0;7;8;3;8;8;No;Blockchain Developer
8;8;1;7;3;6;9;6;5;5;4;9;0;4;3;3;6;8;2;3;Yes;Cloud Architect
3;9;2;0;3;3;0;0;2;5;1;2;5;6;6;8;8;7;8;1;Yes;Embedded Systems Engineer
7;5;0;5;3;2;0;6;0;2;8;9;9;9;6;3;3;8;6;2;Yes;DevOps Engineer
6;6;5;2;8;4;1;3;4;8;1;0;0;0;1;3;7;0;1;1;No;Research Scientist
2;9;5;3;4;3;2;1;8;7;0;2;0;8;4;9;7;5;6;1;Yes;Blockchain Developer
2;6;8;1;2;5;8;5;8;2;7;2;8;1;5;4;7;8;3;1;No;UI/UX Designer
9;4;6;0;1;9;1;6;2;8;3;6;0;4;7;5;1;8;5;3;Yes;Computer Systems Manager
4;4;1;0;9;4;8;3;6;6;6;6;4;2;6;4;6;4;0;4;No;Software Developer
7;7;7;3;8;2;5;9;0;7;2;0;5;5;6;0;9;9;2;3;Yes;Mobile App Developer
3;8;0;3;7;1;0;0;2;5;7;8;0;6;3;1;2;2;1;6;No;Computer Systems Manager
4;5;5;4;8;6;2;4;8;2;8;4;2;4;9;0;9;8;5;4;Yes;Computer Science Teacher
7;1;9;4;3;1;3;6;0;6;7;3;2;6;7;6;6;8;6;8;No;Back End Developer
7;0;9;5;2;6;7;3;6;1;9;5;5;7;5;7;5;4;2;0;Yes;Embedded Systems Engineer
5;9;3;0;4;8;0;4;6;2;8;6;9;2;4;7;2;3;5;6;No;Network Engineer
2;4;9;5;6;6;7;7;5;3;8;4;3;4;0;3;5;5;3;4;Yes;Network Administrator
0;0;7;4;0;7;5;5;0;3;1;6;0;6;1;1;4;8;8;2;Yes;Machine Learning Engineer
4;6;3;8;1;1;2;2;8;2;4;0;3;0;6;1;7;5;9;0;No;Technical Writer
9;7;4;3;2;2;2;7;6;2;2;2;8;3;6;1;9;2;1;9;No;Computer and Information Systems Manager
6;1;7;5;9;7;0;1;1;1;2;6;9;1;3;8;4;8;7;2;Yes;Computer and Information Research Scientist
0;2;1;9;6;7;0;4;6;6;2;2;6;9;1;6;2;2;3;1;Yes;IT Project Manager
4;7;1;1;2;9;6;0;9;4;6;1;7;9;8;4;7;9;3;4;Yes;Blockchain Developer
2;3;1;2;8;6;6;9;3;2;1;5;4;3;8;0;2;6;3;4;Yes;Embedded Systems Engineer
5;4;4;4;8;3;0;9;4;0;4;3;3;4;7;4;0;7;0;2;No;IT Support Specialist
0;6;0;7;1;5;4;1;0;1;9;6;7;0;1;9;1;3;7;6;No;Cloud Architect
0;5;5;2;5;6;6;2;6;2;4;7;2;6;4;0;3;7;1;0;No;IT Sales Professional
9;4;2;6;2;1;6;5;7;9;6;5;1;3;3;9;3;4;4;9;Yes;Network Administrator
7;8;9;2;4;0;8;2;0;7;4;9;6;6;9;3;4;2;8;4;No;IT Project Manager
6;6;0;7;6;1;0;6;8;9;5;3;4;6;4;5;2;8;9;9;No;Computer Network Architect
1;1;0;3;9;7;4;1;0;4;7;5;0;7;6;0;4;2;1;0;No;IT Consultant
5;8;0;5;4;9;5;5;9;9;2;8;6;2;1;3;6;6;1;6;No;IT Consultant
6;2;3;2;2;0;7;1;5;8;5;6;3;8;9;6;7;4;9;2;No;IT Support Specialist
7;6;2;4;3;0;8;2;7;2;3;3;5;5;8;5;0;5;0;0;No;Computer Systems Analyst
0;4;4;3;1;0;7;0;8;3;3;4;6;4;0;7;4;8;1;2;No;DevOps Engineer
6;3;8;5;1;2;4;9;9;5;9;3;6;2;5;1;8;7;8;6;Yes;IT Project Manager
3;8;2;3;2;3;3;6;2;1;5;5;8;3;8;9;9;5;4;4;No;Technical Support Engineer
2;1;6;0;9;3;6;4;9;3;1;9;6;2;6;4;0;3;3;1;No;Business Intelligence Analyst
6;9;5;6;0;6;2;0;7;4;8;7;7;1;5;2;9;3;9;7;Yes;Machine Learning Engineer
4;0;6;0;8;6;8;3;0;9;0;6;6;6;5;1;5;6;2;4;No;Cybersecurity Analyst
1;4;0;4;7;8;7;0;3;1;5;6;3;6;3;0;0;6;8;9;Yes;Quality Assurance Engineer
4;6;1;5;5;1;8;0;6;9;5;8;7;1;1;4;4;9;8;6;Yes;Cybersecurity Analyst
4;0;8;3;2;6;1;7;6;7;8;5;7;6;7;2;4;3;3;3;No;Blockchain Developer
7;1;9;3;2;2;6;2;6;5;7;1;5;1;1;3;8;5;6;2;Yes;Software Developer
6;4;5;9;1;7;1;6;0;8;5;1;2;4;6;4;1;2;9;0;Yes;Computer Systems Analyst
0;5;8;2;6;3;7;5;5;3;1;3;7;6;7;7;9;4;3;4;Yes;Artificial Intelligence Engineer
3;6;8;6;6;8;4;7;4;6;5;9;9;5;8;0;3;0;5;3;No;Cybersecurity Analyst
2;4;8;5;4;5;8;2;7;9;9;2;4;5;6;0;0;7;8;0;Yes;Back End Developer
1;6;6;3;9;6;7;4;6;8;7;7;8;4;2;3;9;2;7;5;Yes;UI/UX Designer
8;9;6;5;9;3;4;7;6;0;4;7;4;9;3;5;6;6;3;4;No;Technical Writer
1;1;7;3;0;0;0;8;8;3;5;9;2;3;5;3;2;9;6;2;No;Business Intelligence Analyst
3;4;2;7;5;7;9;1;5;1;2;3;2;1;0;4;4;6;4;4;Yes;Technical Support Engineer
7;5;8;5;7;2;7;7;1;4;3;5;2;1;9;7;0;5;1;7;Yes;Computer and Information Systems Manager
4;0;6;9;3;1;9;2;6;0;3;1;4;0;3;0;0;4;8;7;Yes;Technical Support Engineer
8;4;4;3;8;0;3;8;4;7;2;3;5;9;9;8;9;8;0;0;Yes;Business Intelligence Analyst
5;0;2;5;5;1;7;5;6;1;9;6;3;7;7;7;4;3;6;0;No;Computer Systems Analyst
7;0;6;1;4;8;1;8;2;6;1;2;2;3;9;3;8;9;7;6;No;DevOps Engineer
1;0;5;2;2;2;3;7;9;7;1;6;4;3;6;0;4;7;6;0;No;Software Engineer
4;2;3;4;9;3;6;1;3;8;6;9;9;0;2;0;1;0;4;9;No;Computer Network Architect
0;5;1;6;6;7;8;1;3;8;1;6;9;4;8;7;6;8;6;5;No;Technical Writer
1;8;7;6;6;3;6;7;8;3;1;5;2;9;0;4;0;0;8;1;No;Systems Analyst
1;5;9;1;6;8;8;1;2;1;8;3;6;8;0;4;9;8;6;2;No;Database Administrator
5;8;1;1;0;4;1;7;7;3;9;9;1;2;9;8;5;0;9;2;Yes;Network Engineer
5;1;7;6;5;7;7;6;3;8;2;1;2;3;4;0;5;4;3;4;No;Research Scientist
1;7;7;0;5;7;6;2;7;4;9;4;7;6;0;8;7;5;0;3;Yes;Digital Marketing Specialist
3;2;9;6;0;9;7;7;7;1;6;4;3;3;4;1;8;4;1;2;Yes;IT Consultant
0;8;0;7;2;1;0;5;0;7;2;7;0;9;4;1;5;0;3;3;No;Back End Developer
1;9;7;6;0;8;4;5;5;7;2;8;5;1;1;9;9;7;4;3;Yes;Machine Learning Engineer
2;9;9;7;5;3;4;8;7;9;7;6;8;2;4;1;6;5;2;0;No;Computer and Information Systems Manager
0;5;2;6;3;0;8;2;1;2;0;8;3;0;6;5;3;5;0;0;No;Data Scientist
2;0;0;4;2;2;3;3;2;2;0;3;0;0;9;8;5;1;8;4;No;Computer Network Architect
8;3;0;4;4;9;8;3;0;1;0;4;5;2;2;4;9;6;0;1;No;Software Engineer
9;6;7;7;9;7;4;5;2;0;3;1;9;8;2;7;3;4;2;9;Yes;Software Engineer
9;8;0;4;0;3;6;9;7;3;1;0;5;2;5;4;5;2;5;4;No;Embedded Systems Engineer
4;3;6;8;8;9;1;9;1;6;1;2;4;3;2;5;1;6;3;2;Yes;Technical Support Engineer
5;3;3;3;4;0;6;2;6;3;9;9;3;0;5;5;9;9;3;1;No;Computer Hardware Engineer
5;0;5;4;5;1;2;7;0;1;2;7;2;3;5;4;2;7;1;6;Yes;IT Sales Professional
9;8;2;7;0;1;3;0;2;2;7;8;7;2;9;4;8;9;5;7;No;IT Project Manager
0;7;7;1;2;9;3;6;6;5;5;1;3;2;9;3;1;4;5;7;No;Research Scientist
0;1;4;6;1;8;1;3;9;2;0;7;6;0;8;2;4;9;2;8;No;Computer Hardware Engineer
1;8;5;3;1;0;4;9;6;2;2;3;5;5;9;8;6;6;9;3;No;Game Developer
0;5;9;0;2;2;4;4;1;7;0;2;2;3;8;8;1;9;9;6;No;Digital Marketing Specialist
8;0;9;9;1;6;8;7;6;0;7;9;2;5;6;8;0;7;4;8;No;Mobile App Developer
2;1;9;4;7;3;5;0;9;4;8;6;8;3;6;5;3;2;1;9;No;Back End Developer
5;2;5;5;2;5;1;0;2;9;6;3;3;8;9;0;6;0;1;8;No;Cloud Architect
3;0;7;9;2;0;6;7;1;9;6;4;5;8;7;4;6;1;7;6;Yes;Game Developer
1;5;9;9;4;0;0;5;6;6;6;9;0;6;4;9;7;6;9;9;No;Systems Analyst
9;4;0;0;4;0;3;8;6;6;8;6;2;2;1;3;1;8;7;0;No;IT Consultant
9;3;9;3;1;5;5;2;1;3;2;4;5;2;6;4;6;1;1;3;No;Technical Writer
2;3;8;7;3;1;5;6;7;7;3;7;2;1;5;0;5;7;7;2;Yes;Digital Marketing Specialist
7;8;5;1;7;8;0;0;9;9;0;2;3;0;9;7;9;8;0;2;No;Artificial Intelligence Engineer
2;0;8;4;4;6;5;3;0;6;3;1;8;2;4;8;8;3;4;3;No;Software Developer
6;5;3;4;0;2;1;2;7;3;9;2;1;9;0;2;1;8;3;2;No;Technical Writer
6;3;1;2;9;3;4;1;8;4;7;3;2;7;5;9;6;3;0;5;Yes;Blockchain Developer
2;3;9;8;0;2;9;5;0;8;0;2;8;2;3;6;1;4;3;5;Yes;Software Developer
1;4;7;0;0;2;5;5;3;3;3;8;7;1;2;0;6;6;0;3;Yes;Blockchain Developer
2;2;4;0;9;5;5;4;8;3;2;8;9;5;9;6;4;6;2;7;Yes;Systems Analyst
8;3;9;4;1;4;6;9;0;9;2;5;3;9;2;1;8;5;6;8;No;Computer Network Architect
7;2;4;2;6;5;2;6;6;3;7;7;9;4;5;5;4;5;7;4;No;IT Project Manager
5;7;4;1;9;3;7;8;9;1;5;0;7;7;9;8;7;6;5;3;Yes;Computer Science Teacher
7;3;5;9;9;5;4;2;7;0;5;9;9;3;0;8;9;9;3;6;No;Mobile App Developer
4;4;9;7;8;1;7;9;3;0;9;4;1;7;7;2;6;5;5;3;No;Research Scientist
8;6;0;5;4;1;5;8;5;0;6;6;8;9;4;3;6;9;2;9;No;Business Intelligence Analyst
3;4;0;1;0;5;0;4;6;5;4;3;5;6;2;3;3;2;4;6;No;Cybersecurity Analyst
7;4;9;9;9;7;3;2;1;2;9;2;5;9;6;2;7;2;2;8;Yes;Data Scientist
8;2;6;3;1;0;6;8;8;9;3;0;0;5;3;5;0;6;4;1;Yes;Research Scientist
0;5;9;9;2;1;5;3;6;8;8;3;5;2;2;4;6;3;2;3;Yes;Technical Writer
8;9;8;5;5;2;3;4;2;7;1;4;6;0;0;1;2;0;6;4;Yes;Game Developer
4;4;1;0;1;6;4;8;1;0;0;3;6;9;8;6;7;0;7;0;Yes;Technical Writer
5;3;7;5;4;0;2;2;6;6;2;6;7;0;9;3;7;7;0;5;No;Cybersecurity Analyst
5;8;9;2;9;4;8;7;8;7;4;7;8;3;5;1;0;1;8;2;Yes;Game Developer
0;2;3;3;3;8;5;3;1;7;4;1;2;2;8;4;3;5;3;4;No;IT Support Specialist
8;3;2;3;6;8;3;2;4;8;4;3;1;5;4;7;8;7;2;0;Yes;Computer Science Teacher
6;1;1;7;4;4;9;4;3;4;4;6;8;7;6;3;9;2;1;1;No;Quality Assurance Engineer
3;2;2;4;3;3;4;4;4;1;3;9;3;2;6;4;8;4;2;3;Yes;Software Tester
7;1;2;9;7;1;0;9;4;4;3;9;0;4;5;4;9;2;3;7;No;Computer and Information Systems Manager
8;0;7;3;6;1;1;0;9;8;6;1;6;4;9;4;8;2;9;9;No;Computer Programmer
3;5;9;7;6;1;6;2;9;8;9;3;8;5;7;6;9;8;8;3;No;Back End Developer
5;1;0;3;6;9;6;2;1;1;7;1;0;3;1;9;0;6;8;8;Yes;IT Project Manager
8;3;1;2;8;1;4;8;8;0;0;2;2;9;0;4;9;4;5;0;No;Database Administrator
5;2;8;8;4;8;8;2;4;1;2;4;7;5;9;4;4;1;2;8;No;Mobile App Developer
0;7;9;7;5;0;3;8;3;8;8;8;2;6;2;5;7;6;8;6;Yes;Computer and Information Research Scientist
6;3;0;2;7;7;2;4;5;3;1;9;8;7;6;2;2;7;9;7;No;Data Scientist
5;3;7;7;7;6;6;3;8;2;4;8;3;7;3;8;8;4;6;3;Yes;IT Support Specialist
5;6;0;9;9;5;7;8;3;7;5;0;0;7;3;9;4;3;1;4;No;Machine Learning Engineer
3;5;4;3;8;7;3;3;8;9;2;0;8;9;7;9;1;5;1;7;No;Software Engineer
6;8;4;1;4;9;2;1;5;7;7;7;1;9;6;9;1;7;8;0;No;Network Engineer
0;4;2;6;4;4;8;1;2;6;0;2;0;5;1;7;7;0;3;2;Yes;Front End Developer
1;7;0;7;0;9;9;4;8;3;5;9;8;6;7;5;4;0;0;1;No;Computer Systems Manager
6;9;8;3;3;5;9;5;9;5;9;6;3;7;0;1;7;5;3;9;No;Front End Developer
6;3;9;9;6;7;1;0;5;4;8;6;1;4;7;0;1;6;5;7;No;Systems Analyst
9;8;3;2;8;9;9;8;9;2;6;6;8;5;8;0;6;3;2;3;Yes;Machine Learning Engineer
4;5;1;0;2;0;6;9;4;3;8;5;0;3;0;0;5;4;9;8;Yes;Computer Systems Analyst
9;9;7;7;3;1;7;0;9;0;8;6;4;1;6;2;2;7;7;0;No;Network Engineer
4;3;8;2;2;6;6;3;5;9;4;0;3;6;3;9;9;3;4;7;No;Quality Assurance Engineer
9;3;1;0;8;7;8;4;6;2;6;2;8;4;6;0;7;3;0;4;No;Systems Analyst
4;5;0;6;6;4;5;2;6;7;6;4;4;9;5;9;8;9;8;9;Yes;Full Stack Developer
7;0;6;3;8;7;2;0;5;3;4;8;4;1;5;3;2;3;6;4;No;Full Stack Developer
2;2;5;1;1;4;4;4;4;3;2;9;7;1;0;1;1;5;0;5;Yes;Computer and Information Systems Manager
5;5;5;7;6;2;2;4;4;7;1;2;0;4;6;8;6;9;6;0;Yes;Software Engineer
7;8;0;7;6;0;8;3;5;8;9;0;7;3;4;8;1;0;5;6;Yes;Computer Systems Analyst
4;7;7;9;4;6;4;6;5;1;5;6;7;1;7;7;6;9;8;8;Yes;Software Developer
2;7;1;7;9;7;3;3;9;9;1;3;2;9;5;4;9;9;8;3;Yes;Systems Analyst
1;0;1;7;5;0;3;9;3;8;7;4;7;9;9;2;4;3;3;2;No;Front End Developer
7;6;0;5;4;9;2;4;5;5;8;8;9;3;0;2;8;2;4;7;No;IT Consultant
8;4;2;4;9;0;6;0;5;4;9;4;2;2;8;4;5;8;2;8;Yes;Machine Learning Engineer
3;8;2;6;6;1;7;4;2;1;9;7;6;4;9;4;8;8;0;6;No;Machine Learning Engineer
9;2;7;4;8;4;7;8;8;6;3;1;3;0;4;9;5;0;4;2;No;Game Developer
7;2;9;7;0;5;6;3;5;0;0;1;3;6;8;0;6;7;9;0;No;Software Developer
7;0;4;1;2;2;8;8;5;5;1;8;4;8;1;2;4;8;9;3;Yes;IT Sales Professional
5;4;7;8;3;7;1;7;5;4;1;3;6;1;7;2;2;6;7;0;No;Technical Support Engineer
3;2;4;3;8;7;6;6;2;2;7;1;9;0;5;5;2;0;5;6;No;Systems Analyst
5;3;1;3;7;5;4;6;7;7;3;7;2;9;3;4;0;5;0;9;No;Computer Network Architect
3;9;8;3;5;6;4;9;9;8;2;1;8;0;5;1;9;3;9;0;No;Digital Marketing Specialist
6;1;7;9;4;0;8;3;4;8;9;5;9;9;5;5;0;4;9;1;Yes;Mobile App Developer
2;1;9;7;1;4;9;4;5;0;7;8;2;0;1;8;5;3;6;1;Yes;Embedded Systems Engineer
1;5;0;4;1;2;3;4;1;5;2;8;1;3;3;4;1;4;2;8;No;Software Tester
4;4;2;7;3;6;7;5;8;3;5;8;3;3;6;9;9;4;1;4;Yes;Computer Hardware Engineer
6;8;1;3;9;3;3;9;7;3;0;4;7;7;2;7;7;9;7;7;No;Software Developer
9;2;1;2;7;9;8;2;8;2;6;6;7;3;2;3;0;3;3;7;No;Data Scientist
2;6;4;0;6;0;6;8;6;8;1;7;6;4;9;6;3;4;7;8;No;Network Engineer
9;0;0;7;3;2;1;0;9;0;9;4;5;6;0;0;3;4;9;5;Yes;Network Engineer
2;1;5;2;6;1;8;2;0;1;1;5;6;3;2;2;5;7;6;3;Yes;Database Administrator
5;5;0;2;5;7;3;3;1;4;3;2;1;6;3;1;6;3;2;2;Yes;Network Engineer
1;9;3;3;2;1;9;2;3;8;2;0;6;9;2;3;3;0;6;5;Yes;IT Project Manager
8;7;9;9;5;6;6;1;7;3;5;2;8;5;1;1;6;7;5;8;No;Computer Science Teacher
8;5;4;7;8;0;6;2;8;1;0;5;8;3;7;1;4;0;8;5;Yes;IT Consultant
4;3;2;6;2;0;9;3;2;9;5;0;8;6;8;7;4;9;9;4;No;IT Sales Professional
5;8;4;5;2;1;8;9;6;6;3;0;1;2;2;8;8;4;5;2;No;Machine Learning Engineer
9;9;6;1;7;3;8;8;4;8;1;1;9;3;2;8;9;2;9;2;Yes;Network Administrator
1;1;7;6;5;0;0;0;4;2;0;5;8;4;0;9;7;0;3;4;No;Network Administrator
4;8;7;8;9;5;5;9;6;3;0;8;1;4;7;0;6;3;3;2;Yes;Full Stack Developer
6;4;4;2;5;0;4;9;5;6;7;1;5;6;2;7;1;5;1;7;No;Mobile App Developer
0;0;4;3;2;7;3;8;1;4;4;0;9;6;4;6;1;9;1;1;No;Computer Systems Manager
3;3;7;6;5;2;4;4;6;5;3;8;8;5;7;0;3;3;8;2;No;Technical Writer
5;4;7;7;0;2;6;5;6;2;9;3;1;6;1;6;3;0;5;6;Yes;Business Intelligence Analyst
1;5;6;9;1;2;3;6;9;1;4;1;0;1;2;1;7;4;0;0;Yes;Machine Learning Engineer
2;8;0;4;5;8;8;2;8;4;1;5;8;5;1;5;3;7;2;1;Yes;Machine Learning Engineer
7;4;3;3;4;8;2;9;7;7;8;1;6;3;7;8;2;8;6;9;Yes;Systems Analyst
8;7;7;2;4;5;0;1;5;3;0;0;2;0;6;9;0;9;5;5;No;Network Administrator
0;1;9;7;4;1;1;2;0;8;0;3;5;2;1;0;9;0;6;8;No;Software Tester
6;5;2;8;3;4;0;6;6;6;6;7;3;4;9;0;4;9;4;2;Yes;IT Support Specialist
0;5;7;6;9;3;9;0;4;7;6;1;1;2;3;1;9;2;8;9;No;Software Tester
1;1;1;4;4;8;7;7;0;8;0;0;7;8;6;1;5;8;1;8;No;Front End Developer
6;9;3;4;9;7;8;6;4;8;5;7;6;4;7;6;6;6;0;0;No;Computer Hardware Engineer
1;4;7;1;2;6;3;5;1;1;3;1;7;1;8;2;2;3;0;0;No;IT Project Manager
2;8;6;8;3;9;6;6;6;4;5;2;0;8;8;8;8;4;4;2;Yes;Database Administrator
2;9;2;6;9;0;4;6;8;2;3;4;1;8;6;1;6;0;5;2;Yes;Quality Assurance Engineer
8;5;9;1;2;9;9;2;1;8;9;2;4;9;8;2;4;6;1;6;No;IT Consultant
3;4;3;8;8;1;8;3;8;0;6;9;0;3;6;6;4;5;1;6;Yes;UI/UX Designer
1;8;0;1;9;2;0;6;7;8;2;0;9;0;5;7;0;0;4;6;No;Cybersecurity Analyst
9;9;0;1;4;9;7;8;7;8;6;4;9;2;6;1;5;0;4;3;Yes;Cloud Architect
2;3;3;5;6;3;4;2;6;5;7;9;4;4;8;9;3;7;8;6;No;IT Sales Professional
8;8;8;3;1;9;5;5;4;0;4;6;8;8;3;4;6;7;6;3;No;Computer Science Teacher
2;2;4;4;6;4;7;3;3;0;3;6;2;1;1;6;1;0;1;0;Yes;Digital Marketing Specialist
1;1;6;1;9;9;3;8;0;2;1;3;7;6;0;6;4;8;7;0;No;Software Tester
3;8;6;7;5;0;6;5;5;9;4;8;8;4;2;8;5;9;3;2;Yes;Technical Writer
7;5;7;0;6;9;7;1;7;8;1;1;8;5;4;9;7;8;7;8;No;Computer Systems Analyst
2;2;4;5;7;2;9;2;1;5;2;2;6;6;4;5;1;6;4;8;No;Artificial Intelligence Engineer
4;4;2;5;1;6;1;6;4;5;7;3;8;9;8;7;5;8;3;9;Yes;Computer Programmer
3;7;7;2;4;8;4;0;2;2;2;9;8;5;1;7;8;1;0;4;No;UI/UX Designer
9;0;5;7;6;7;5;9;8;5;7;5;8;4;5;0;2;8;8;7;No;Web Developer
4;5;1;5;8;6;2;4;5;5;3;4;6;8;7;4;5;8;2;1;Yes;Computer Systems Analyst
7;4;0;4;0;5;8;7;4;9;8;2;8;2;0;8;6;0;4;5;No;Computer and Information Research Scientist
9;5;9;5;1;0;6;0;4;2;8;3;0;9;0;8;2;0;4;0;Yes;Artificial Intelligence Engineer
3;6;0;7;7;9;0;8;2;7;2;6;4;6;7;2;6;2;1;4;No;Mobile App Developer
2;6;7;9;7;4;5;1;5;4;9;1;8;1;0;2;4;1;7;4;Yes;Cloud Architect
3;1;0;2;5;8;4;6;5;5;0;5;8;6;1;5;7;0;0;6;Yes;IT Consultant
6;3;1;7;6;7;5;5;1;7;1;8;4;0;1;6;4;2;8;8;Yes;Cloud Architect
3;1;4;6;2;6;4;6;4;3;5;1;1;7;1;6;8;5;3;8;No;Network Engineer
3;7;9;7;2;5;1;8;9;8;8;6;0;1;2;7;7;8;5;0;No;Artificial Intelligence Engineer
2;5;9;5;9;6;1;6;5;0;3;2;4;2;1;2;9;8;5;2;No;Digital Marketing Specialist
4;9;4;7;2;3;4;6;7;3;8;2;5;8;2;0;4;5;4;4;Yes;Computer Systems Analyst
9;6;7;5;4;0;7;3;4;4;8;8;8;2;6;9;7;9;2;2;Yes;Computer Network Architect
4;2;8;9;5;3;0;6;6;5;4;3;4;7;4;8;3;1;6;7;Yes;Data Scientist
9;3;7;6;6;4;0;0;4;8;7;2;3;5;7;3;8;7;3;2;Yes;Game Developer
5;1;2;0;6;8;9;0;8;5;9;8;3;3;8;7;5;8;9;2;Yes;Embedded Systems Engineer
0;0;0;8;5;4;0;0;5;8;7;2;6;1;5;9;6;5;5;4;Yes;IT Support Specialist
0;2;8;3;0;6;8;0;6;1;7;7;5;6;8;5;0;4;3;8;No;Computer Hardware Engineer
8;0;5;1;0;5;2;9;5;9;4;6;2;1;7;6;5;9;4;6;Yes;Web Developer
0;2;1;5;9;3;3;5;5;2;1;0;2;4;6;7;4;1;6;9;No;UI/UX Designer
3;5;6;6;9;4;9;0;3;4;2;9;7;3;0;5;0;1;0;1;Yes;Cybersecurity Analyst
1;6;0;4;2;0;6;8;0;1;8;6;6;5;3;5;5;9;1;3;No;Digital Marketing Specialist
4;7;8;0;2;9;4;8;9;8;3;6;3;3;5;0;3;9;3;4;No;Technical Writer
7;7;9;0;3;7;3;4;6;5;8;5;7;3;3;5;8;1;0;8;Yes;Computer Science Teacher
2;5;4;5;4;2;6;0;8;3;5;5;0;3;5;7;3;9;0;8;Yes;Technical Support Engineer
7;3;3;8;8;0;4;0;2;0;4;6;1;1;0;5;2;4;5;9;Yes;Data Scientist
5;4;0;1;4;7;3;5;1;3;9;9;4;7;3;3;6;6;6;1;No;Quality Assurance Engineer
3;9;2;4;2;5;7;6;7;8;5;3;2;5;2;5;4;5;9;5;Yes;Cybersecurity Analyst
4;7;3;6;3;9;1;1;4;9;0;6;5;3;9;4;7;1;2;9;Yes;Embedded Systems Engineer
2;4;8;8;6;0;0;8;6;6;5;4;1;3;3;6;6;1;4;5;Yes;IT Consultant
9;6;5;6;8;6;4;2;8;2;3;7;3;3;8;0;1;5;1;3;Yes;Front End Developer
2;8;5;3;3;1;6;9;3;0;2;4;4;1;4;2;7;3;0;0;Yes;Cybersecurity Analyst
6;8;6;3;6;8;0;2;2;7;0;8;1;7;0;2;2;5;6;7;No;Quality Assurance Engineer
5;4;7;5;0;6;1;9;6;4;7;6;8;1;6;6;7;7;1;0;No;Computer Systems Manager
0;3;5;9;6;2;0;0;2;4;4;1;6;0;7;8;4;6;9;9;Yes;Systems Analyst
9;5;8;6;5;2;6;0;1;2;0;9;3;5;4;9;5;5;0;2;No;Cybersecurity Analyst
2;5;3;1;6;0;6;5;7;9;3;6;3;3;4;1;8;7;2;0;No;Front End Developer
0;4;7;2;0;5;9;3;9;1;7;1;8;9;2;7;3;7;2;8;Yes;Computer Science Teacher
8;6;8;5;2;9;8;0;7;5;0;0;5;1;9;0;5;3;2;7;No;Artificial Intelligence Engineer
2;6;0;5;8;8;6;4;2;3;7;5;3;4;0;8;4;1;8;3;No;IT Support Specialist
9;1;3;2;5;5;8;6;5;7;4;1;5;3;2;9;8;2;8;3;No;Computer and Information Systems Manager
7;1;6;6;5;4;7;0;3;1;7;7;6;7;4;8;7;5;5;4;Yes;IT Project Manager
9;8;2;2;2;7;8;4;1;7;6;3;9;1;9;8;5;2;5;5;Yes;Cybersecurity Analyst
8;2;6;5;1;9;6;4;7;7;7;3;1;0;6;6;9;7;7;2;No;Back End Developer
3;4;7;6;7;0;8;7;1;0;8;1;8;1;8;5;0;3;7;7;No;Back End Developer
4;9;4;4;2;4;7;7;2;5;5;0;5;6;4;9;7;4;4;3;Yes;Machine Learning Engineer
0;5;5;9;1;7;7;0;6;0;4;8;5;3;4;0;3;1;4;5;Yes;Database Administrator
4;0;2;9;8;4;7;4;4;0;7;3;5;9;5;7;7;5;2;4;No;Computer Hardware Engineer
4;4;1;8;2;8;1;2;2;1;9;1;9;6;0;0;0;6;7;7;Yes;Computer Hardware Engineer
1;4;6;8;1;3;3;7;7;0;6;1;5;1;5;1;5;8;9;2;Yes;Computer Science Teacher
5;9;5;6;7;3;1;7;6;4;9;1;3;1;8;1;1;2;1;3;Yes;Cloud Architect
6;7;2;9;4;1;2;7;7;5;5;9;0;5;2;5;3;6;6;0;No;IT Sales Professional
8;4;6;5;5;6;6;4;0;9;9;7;7;2;0;4;1;1;0;5;Yes;Artificial Intelligence Engineer
9;0;5;7;3;4;2;7;3;9;8;1;4;9;2;7;9;6;4;8;No;Software Engineer
6;5;5;8;1;0;9;0;1;3;2;0;3;3;0;9;6;2;9;1;No;Computer Programmer
3;7;8;2;3;1;1;9;8;5;7;7;4;0;9;6;8;7;0;9;No;Cybersecurity Analyst
4;5;1;3;2;7;0;0;4;5;8;7;1;2;2;1;8;8;7;8;Yes;Computer Programmer
0;5;4;3;2;2;1;8;4;3;1;6;4;4;1;4;2;7;2;8;No;Network Engineer
9;6;4;7;4;8;4;5;6;2;1;4;9;6;6;5;9;8;6;0;No;Software Tester
1;1;1;5;0;8;6;9;9;9;4;0;1;6;2;8;4;2;7;4;No;Software Developer
8;2;2;2;5;9;4;0;9;0;1;5;5;8;6;1;7;4;8;3;Yes;DevOps Engineer
0;0;4;9;3;3;1;6;3;6;4;3;7;3;5;1;8;0;6;0;No;IT Consultant
2;6;8;1;7;3;5;6;8;0;6;4;9;4;4;7;5;4;2;9;No;Digital Marketing Specialist
8;8;3;2;6;6;7;8;3;2;1;3;6;6;0;0;1;3;9;2;Yes;Machine Learning Engineer
6;8;2;8;0;5;0;6;2;1;5;6;2;4;8;1;1;2;0;4;Yes;Blockchain Developer
0;3;2;3;9;7;4;1;5;3;2;3;9;1;1;3;8;7;4;2;No;Quality Assurance Engineer
2;6;1;3;9;7;2;0;8;4;9;9;7;1;5;7;8;9;5;1;Yes;Computer Systems Manager
0;4;6;6;7;1;0;4;9;0;7;1;2;8;9;3;8;6;8;7;Yes;Software Tester
7;8;8;7;9;4;4;5;5;5;8;3;0;7;1;2;6;9;0;4;Yes;Software Engineer
6;2;5;6;5;5;6;4;1;2;9;0;6;1;4;9;3;3;0;0;No;Cloud Architect
2;1;4;3;4;2;0;9;5;9;3;7;2;9;6;6;3;4;1;1;No;Cybersecurity Analyst
4;3;6;2;1;8;2;8;0;0;1;3;3;0;0;4;0;1;1;4;No;Computer Hardware Engineer
1;5;6;5;8;2;0;6;7;7;9;6;6;1;0;9;5;3;3;9;No;Mobile App Developer
0;8;5;7;2;2;5;0;9;2;0;0;2;6;7;8;7;7;6;3;No;Network Engineer
8;0;9;3;4;4;4;1;0;7;8;0;6;4;1;3;4;6;1;1;No;Machine Learning Engineer
8;1;9;7;3;9;6;4;9;5;9;2;9;7;4;4;1;5;4;2;Yes;Software Engineer
0;1;2;4;5;2;2;8;9;5;3;6;3;0;4;9;6;4;2;3;Yes;Computer and Information Research Scientist
0;1;5;6;4;1;0;8;6;1;8;2;6;3;1;4;3;6;7;9;Yes;Mobile App Developer
9;1;8;9;2;1;0;1;3;3;4;1;4;5;6;5;3;3;4;6;No;Full Stack Developer
8;8;4;0;2;6;6;2;4;9;5;8;7;3;5;5;7;3;2;9;Yes;Computer and Information Systems Manager
6;6;9;3;9;1;6;0;2;7;8;9;9;3;5;9;1;7;9;7;Yes;Software Developer
3;3;0;6;6;0;0;0;3;6;1;6;3;3;0;7;0;9;5;2;Yes;Machine Learning Engineer
0;0;1;8;9;6;5;2;1;4;3;1;1;8;8;5;5;7;7;0;Yes;IT Support Specialist
9;0;8;8;3;8;0;9;2;2;6;1;1;0;4;4;9;7;0;0;No;Embedded Systems Engineer
9;2;2;7;5;1;7;7;6;7;7;7;1;7;3;5;0;1;5;9;Yes;Computer Systems Manager
0;0;2;7;7;9;4;8;7;1;6;3;7;6;7;8;4;4;3;4;No;Quality Assurance Engineer
3;2;4;3;5;2;2;6;1;0;8;8;6;3;8;9;7;7;8;0;No;Computer Programmer
0;9;8;7;3;0;1;8;4;1;4;5;1;9;6;1;1;7;9;7;No;Cloud Architect
4;8;5;7;6;1;2;2;6;0;5;0;3;6;5;2;9;3;0;4;No;Business Intelligence Analyst
8;5;8;7;1;9;8;0;2;0;7;2;9;1;7;8;9;8;0;4;No;DevOps Engineer
3;3;9;3;0;0;1;1;7;1;4;9;0;0;4;7;9;6;0;2;No;Software Developer
6;2;1;0;0;6;9;4;8;4;2;8;5;0;8;6;5;5;3;7;No;Computer Science Teacher
4;1;8;8;7;0;4;4;3;2;1;6;7;9;8;3;0;5;2;7;No;Database Administrator
9;4;6;8;1;0;2;9;8;0;5;3;4;3;5;8;4;9;3;1;Yes;Front End Developer
9;5;1;6;7;0;8;9;1;3;9;1;1;7;1;4;6;3;7;5;No;Data Scientist
3;3;9;6;5;7;5;7;5;8;2;4;1;4;7;2;9;6;8;1;No;Technical Support Engineer
5;5;4;5;3;8;4;8;0;5;2;8;6;0;7;6;0;9;8;8;No;Cloud Architect
0;5;6;6;8;5;1;4;5;8;9;8;2;4;5;9;8;5;1;5;No;Computer Systems Manager
0;0;6;0;9;7;2;0;1;3;2;0;5;4;2;1;3;1;6;8;Yes;DevOps Engineer
5;3;7;3;9;5;6;1;4;0;7;1;9;1;5;3;7;0;2;8;No;IT Support Specialist
4;0;2;3;1;7;1;2;7;3;3;4;1;3;5;5;0;0;6;9;Yes;IT Consultant
5;0;0;8;6;7;6;9;9;1;0;4;0;4;0;5;0;5;6;7;Yes;Business Intelligence Analyst
0;7;3;9;8;6;9;3;4;1;7;6;6;4;9;3;7;1;5;8;Yes;Digital Marketing Specialist
1;2;8;2;2;4;1;0;3;0;9;7;7;8;6;9;4;3;9;9;Yes;Machine Learning Engineer
0;8;7;9;5;2;9;4;8;6;0;9;0;9;3;1;3;9;2;0;No;Computer Network Architect
1;9;1;7;0;4;0;6;3;9;7;4;3;2;1;2;9;1;4;4;Yes;Front End Developer
2;9;5;4;8;6;8;2;3;1;3;0;0;6;4;9;0;7;9;7;Yes;Computer Network Architect
4;2;7;1;9;7;9;7;1;4;8;1;1;3;7;3;2;2;0;1;Yes;Machine Learning Engineer
4;6;1;8;6;1;2;0;7;6;4;3;6;8;6;6;6;2;4;6;No;Game Developer
3;0;2;7;3;2;6;9;1;4;5;0;7;8;3;1;9;0;7;1;Yes;Front End Developer
5;4;3;2;1;2;4;2;6;6;3;5;7;6;1;0;7;1;8;5;No;Computer Hardware Engineer
6;6;3;3;2;3;7;1;2;3;0;2;9;2;8;7;5;4;6;3;No;Network Engineer
5;3;0;1;3;4;3;7;0;3;1;6;9;5;7;9;6;3;4;0;No;Software Tester
2;7;8;3;1;1;9;9;3;9;8;4;7;7;2;5;9;8;8;6;No;Cybersecurity Analyst
5;6;0;7;3;6;6;7;0;4;0;9;7;1;1;7;1;6;7;5;No;IT Support Specialist
2;7;3;8;6;5;8;1;9;2;5;4;9;6;3;3;9;3;4;0;Yes;Front End Developer
0;7;6;0;7;7;6;2;3;9;2;6;1;3;0;6;3;8;3;3;Yes;DevOps Engineer
6;5;3;8;2;3;2;7;2;1;0;8;6;3;6;7;1;5;7;1;Yes;Computer Science Teacher
5;1;0;0;2;2;1;7;0;6;7;5;5;3;0;2;7;0;4;1;No;Game Developer
8;4;2;5;8;0;1;9;5;0;0;7;4;2;8;1;2;9;0;9;No;Artificial Intelligence Engineer
5;1;0;7;8;4;2;5;4;1;7;5;0;5;4;4;4;9;8;0;Yes;Network Administrator
6;2;2;8;3;2;8;1;1;3;7;1;9;2;4;7;5;6;3;4;No;Software Engineer
7;8;2;7;6;4;0;3;7;0;1;0;7;2;0;2;0;8;0;0;Yes;Technical Support Engineer
2;6;2;6;6;5;2;1;3;1;1;1;4;7;6;8;4;2;6;0;Yes;DevOps Engineer
2;0;9;0;6;0;8;4;1;7;3;6;0;1;5;0;9;7;6;4;Yes;Data Scientist
5;9;4;4;4;1;2;1;6;6;2;3;5;8;1;7;5;1;1;8;Yes;Software Developer
9;2;8;6;5;4;4;5;6;7;2;0;7;4;6;1;4;5;4;2;Yes;Digital Marketing Specialist
7;1;4;1;1;4;9;0;5;4;8;5;2;4;0;5;3;5;3;2;No;Computer Programmer
4;4;5;4;0;2;2;6;3;0;5;1;2;8;0;3;2;8;9;8;No;Business Intelligence Analyst
8;5;3;6;4;4;6;7;3;6;3;9;0;9;0;9;3;7;2;9;No;IT Project Manager
6;0;7;8;3;9;1;1;1;6;9;4;8;1;2;7;6;3;1;8;No;Cybersecurity Analyst
2;0;7;4;3;9;6;5;1;3;4;1;5;4;0;0;1;7;1;2;Yes;DevOps Engineer
0;6;8;9;2;2;9;0;5;4;5;0;5;1;8;2;5;2;2;3;Yes;Network Administrator
2;4;3;9;2;2;4;2;0;0;8;9;8;0;0;4;3;1;5;6;Yes;Computer Network Architect
5;2;9;9;2;1;3;0;8;9;2;8;8;8;4;2;4;2;7;7;Yes;Network Engineer
0;0;2;7;8;2;8;5;6;6;2;3;6;1;7;4;5;3;0;9;No;Software Developer
9;5;3;1;0;6;0;2;7;4;4;0;3;0;8;5;2;5;0;1;No;Software Tester
8;0;4;9;0;4;9;6;5;1;2;6;4;7;7;1;1;9;6;0;Yes;Embedded Systems Engineer
6;9;8;4;9;4;8;0;7;4;4;9;4;0;3;0;0;9;9;5;Yes;Software Engineer
3;5;2;1;1;7;2;5;1;1;2;9;7;8;0;1;0;5;4;0;No;Embedded Systems Engineer
8;1;9;0;2;0;0;1;5;1;9;2;7;9;9;7;8;6;5;8;Yes;IT Consultant
2;3;4;3;7;0;4;2;8;7;9;3;6;9;4;1;1;0;4;3;No;Computer and Information Systems Manager
1;3;0;9;4;2;1;2;1;2;4;7;4;4;2;1;3;8;9;3;Yes;Cloud Architect
7;7;8;6;7;7;0;2;3;5;7;9;5;0;1;5;2;3;3;6;No;Computer and Information Research Scientist
8;3;1;3;8;8;9;1;8;1;6;0;5;6;4;2;9;3;9;9;No;Software Engineer
5;1;2;6;1;2;5;4;7;4;5;1;8;0;0;7;2;1;4;3;Yes;IT Consultant
4;8;1;9;0;7;1;7;5;3;1;6;9;2;6;5;0;8;5;7;No;Front End Developer
5;6;1;4;1;3;5;0;3;8;7;7;9;4;3;1;0;6;9;7;No;Technical Support Engineer
1;4;9;6;9;9;5;5;2;6;2;1;5;0;5;8;5;7;4;6;No;Web Developer
4;0;3;9;6;5;7;6;1;0;0;3;3;6;3;6;9;0;5;9;No;UI/UX Designer
9;9;0;0;2;3;0;3;0;2;8;2;6;7;0;1;2;3;5;3;Yes;Computer Systems Analyst
6;4;4;0;6;0;8;3;7;1;1;7;6;0;4;2;7;7;6;2;Yes;Front End Developer
5;7;6;3;8;1;9;2;0;0;4;7;9;5;4;4;0;0;0;9;No;Cloud Architect
4;6;1;6;9;0;4;3;1;6;3;0;3;7;9;1;9;2;4;1;No;Game Developer
9;6;0;2;7;8;5;9;7;2;1;2;1;1;7;6;4;2;5;0;Yes;Business Intelligence Analyst
3;8;6;3;6;4;9;9;9;5;9;4;0;3;1;4;3;0;2;2;Yes;Software Developer
3;0;9;2;7;2;2;4;2;5;7;9;5;7;5;1;6;5;4;5;No;Data Scientist
2;1;3;0;9;8;1;2;3;6;6;9;6;5;9;0;2;6;1;0;Yes;Front End Developer
3;3;9;7;9;0;1;9;3;6;6;9;6;8;0;2;7;9;7;8;Yes;Blockchain Developer
2;9;8;5;2;4;4;6;9;5;2;2;5;2;2;6;5;0;1;2;Yes;Quality Assurance Engineer
7;0;0;1;8;7;9;2;0;5;6;9;9;4;2;3;8;3;8;5;No;IT Sales Professional
8;6;7;1;5;4;1;5;6;0;0;7;6;3;7;5;5;5;2;8;No;IT Consultant
4;2;2;8;4;0;4;8;2;5;0;7;6;0;0;2;9;1;9;0;No;Web Developer
4;0;3;5;7;3;8;7;2;5;5;8;8;3;0;6;7;8;3;2;Yes;UI/UX Designer
6;4;1;7;9;6;5;0;8;2;1;1;6;5;0;6;3;2;0;5;No;Software Developer
1;6;2;7;2;1;3;9;2;7;7;7;2;2;9;2;9;6;8;0;Yes;Full Stack Developer
3;1;8;8;9;9;8;3;3;9;0;9;4;3;4;6;6;0;9;4;No;Web Developer
8;6;3;8;4;7;9;8;0;0;4;5;5;2;1;4;3;5;6;4;No;Technical Writer
3;6;9;7;2;7;8;1;1;0;5;9;8;7;7;5;1;6;1;5;Yes;Computer Programmer
1;3;4;8;7;3;1;3;8;3;1;2;8;9;6;9;8;2;9;8;Yes;Network Administrator
2;9;5;5;2;6;2;5;9;3;5;3;6;2;6;8;9;4;8;6;No;Cybersecurity Analyst
9;0;2;7;4;8;5;4;6;3;5;0;7;1;9;5;5;7;6;5;No;Network Engineer
7;3;6;0;2;1;3;8;1;0;2;4;1;2;9;9;7;4;0;0;Yes;Data Scientist
0;0;3;2;7;1;7;1;8;8;9;4;7;1;7;5;4;6;5;2;Yes;Machine Learning Engineer
6;0;3;5;9;6;7;9;9;5;4;0;7;5;9;5;9;1;1;5;Yes;Full Stack Developer
7;4;3;4;5;9;5;5;4;6;1;8;7;6;6;8;7;0;4;2;No;IT Consultant
7;7;7;3;4;8;2;9;0;6;2;8;9;7;8;2;1;8;7;5;Yes;IT Sales Professional
0;4;1;3;4;7;8;3;5;2;1;5;5;4;5;8;0;3;6;7;Yes;Systems Analyst
5;2;3;4;4;8;5;3;0;2;1;6;3;3;5;2;2;8;7;2;No;Mobile App Developer
2;3;9;6;9;4;2;2;9;6;2;9;1;8;7;3;8;9;6;1;No;Database Administrator
2;4;9;9;4;9;1;1;5;2;2;0;7;3;3;0;5;5;2;1;Yes;Computer Network Architect
4;9;6;1;0;7;3;2;3;4;9;8;0;9;4;4;2;1;9;3;No;Software Developer
0;2;3;6;3;6;9;1;5;9;0;8;4;8;1;6;8;3;7;5;Yes;Embedded Systems Engineer
9;6;8;4;1;9;3;1;9;5;9;5;3;0;1;4;3;9;4;4;No;Computer and Information Systems Manager
7;7;8;4;5;3;8;1;8;2;8;9;7;9;2;8;1;1;7;1;No;DevOps Engineer
1;7;4;7;5;3;8;8;2;5;0;1;4;1;6;8;7;4;5;1;Yes;Quality Assurance Engineer
0;3;4;1;1;0;7;5;7;9;0;4;9;6;2;4;9;1;1;1;Yes;DevOps Engineer
0;8;7;3;2;2;6;4;9;0;8;6;8;2;6;6;6;7;9;4;Yes;Software Tester
3;3;4;6;4;8;4;7;2;1;8;7;6;0;1;9;8;3;5;0;Yes;Cloud Architect
3;7;9;5;2;2;9;5;1;8;5;9;5;8;5;3;9;1;5;2;No;Cybersecurity Analyst
2;8;4;6;2;7;0;8;8;8;4;3;0;5;6;3;0;2;1;1;No;Front End Developer
0;1;1;1;1;7;6;4;2;6;0;4;0;0;4;0;1;2;8;6;No;Web Developer
6;6;3;8;6;5;9;5;3;8;0;1;8;6;7;7;2;2;8;4;Yes;Computer Programmer
8;4;9;4;1;9;6;7;3;4;2;8;3;9;8;2;7;7;3;1;No;Back End Developer
3;7;7;1;0;1;8;9;8;3;2;0;0;7;1;7;2;3;1;4;Yes;Full Stack Developer
8;6;3;6;3;7;9;4;9;5;9;1;9;5;8;0;7;7;5;1;No;Computer Hardware Engineer
6;5;3;7;9;5;1;4;2;7;3;7;9;8;0;9;5;0;8;1;Yes;Computer Programmer
9;0;9;1;5;6;6;7;1;3;9;5;9;4;0;1;8;1;8;1;No;IT Consultant
4;8;8;7;8;4;3;7;0;1;8;8;7;5;5;9;9;0;0;0;No;Computer Network Architect
3;2;1;3;3;5;4;3;0;4;2;7;9;8;8;7;2;7;8;6;Yes;IT Project Manager
0;3;6;9;4;1;4;4;2;5;8;4;3;1;7;7;4;8;2;5;No;Computer and Information Systems Manager
7;3;2;6;4;9;2;3;4;4;1;2;2;4;1;4;2;4;1;6;Yes;Systems Analyst
8;4;5;8;5;0;6;0;9;0;7;4;5;9;8;5;1;5;6;6;No;Computer Systems Manager
7;4;3;1;5;9;4;4;6;6;2;1;6;6;0;3;7;8;1;7;Yes;Mobile App Developer
9;6;8;3;8;7;2;6;6;1;1;4;2;0;9;5;9;7;1;0;Yes;Computer Systems Analyst
1;6;8;8;3;2;9;8;0;6;9;4;6;3;1;4;7;0;5;2;Yes;Front End Developer
8;5;7;4;6;9;8;6;4;7;3;0;1;7;5;5;4;1;1;5;No;IT Consultant
1;5;2;6;1;6;8;6;2;9;2;7;5;3;6;6;6;1;5;1;No;Back End Developer
7;3;6;4;9;6;1;2;1;4;2;7;9;9;8;4;5;3;6;6;No;Software Engineer
0;9;0;5;9;1;0;8;4;3;6;1;7;0;2;7;1;9;0;2;No;IT Project Manager
0;1;5;7;3;0;1;0;5;1;7;0;6;6;8;1;2;2;0;9;No;Digital Marketing Specialist
0;8;8;7;0;2;0;3;1;9;4;3;8;5;8;0;7;6;8;9;No;Cybersecurity Analyst
9;8;6;2;1;6;5;1;2;4;7;3;8;2;2;5;8;4;0;2;No;Software Developer
7;4;1;6;8;3;3;0;4;9;2;6;4;5;1;9;0;6;9;7;No;Computer Systems Manager
2;3;5;3;5;1;8;4;8;4;3;4;5;0;8;7;3;0;2;2;Yes;Front End Developer
7;7;8;5;5;2;2;7;3;2;1;9;7;5;5;2;8;2;4;5;Yes;Blockchain Developer
7;0;6;9;1;7;9;4;5;9;9;4;6;0;5;8;8;6;9;9;No;Software Engineer
4;3;1;3;1;3;0;5;8;4;1;9;3;7;3;3;7;0;2;0;No;Database Administrator
2;2;8;8;3;2;8;9;7;4;7;7;2;7;2;2;8;8;9;4;Yes;UI/UX Designer
5;0;9;6;3;1;9;6;7;7;8;4;5;8;1;1;6;6;6;6;Yes;Computer and Information Systems Manager
6;2;8;2;7;2;5;8;3;7;6;7;9;8;8;4;1;1;6;1;No;Software Tester
9;2;0;0;4;1;1;5;4;5;9;3;2;6;7;8;2;4;7;0;Yes;IT Support Specialist
9;1;3;7;9;2;5;0;2;1;5;3;6;3;0;2;1;0;5;8;No;Network Administrator
1;4;3;4;8;6;3;0;4;9;7;8;9;6;7;8;2;5;5;0;Yes;Technical Writer
4;3;4;9;3;6;1;7;8;8;8;7;3;3;7;8;9;0;9;4;Yes;UI/UX Designer
4;3;1;8;1;3;6;3;9;7;8;5;0;5;9;7;6;8;7;1;No;Technical Support Engineer
0;6;7;7;6;3;1;9;8;4;4;9;4;9;9;4;7;2;5;1;No;Network Engineer
2;2;0;7;4;2;6;0;1;4;5;9;7;5;8;3;4;8;2;8;Yes;Computer and Information Research Scientist
4;2;1;3;3;5;4;3;9;1;4;1;9;7;5;7;1;8;9;4;Yes;Computer Programmer
0;0;1;0;6;4;9;6;8;3;3;3;7;7;1;4;7;1;1;8;No;IT Consultant
8;5;8;0;6;1;4;1;3;2;8;7;1;3;1;3;5;6;7;5;Yes;Artificial Intelligence Engineer
2;0;4;0;8;9;4;4;9;6;1;5;1;8;4;1;5;3;1;0;Yes;Web Developer
4;5;9;6;7;1;7;6;1;5;3;4;7;4;9;8;7;0;1;8;Yes;IT Support Specialist
7;4;0;8;6;1;9;3;7;0;9;0;8;9;0;0;4;8;3;1;No;Front End Developer
4;6;3;9;9;1;6;2;9;4;6;1;3;2;0;0;0;0;9;6;Yes;Network Engineer
3;1;7;4;1;0;0;6;3;7;7;7;0;3;1;9;2;2;5;4;No;Cloud Architect
0;6;2;4;8;0;5;8;7;4;3;0;7;8;5;5;1;8;4;0;No;Quality Assurance Engineer
2;8;4;8;3;0;2;0;8;7;3;4;2;7;9;2;8;6;0;2;Yes;Computer Science Teacher
9;2;1;5;3;8;4;5;7;7;9;6;5;0;9;7;9;0;5;0;Yes;Full Stack Developer
7;1;0;0;8;1;8;8;8;4;4;1;8;4;1;5;7;8;2;5;Yes;Network Engineer
1;5;8;3;9;2;6;1;8;4;1;7;3;4;8;0;8;1;8;3;Yes;Research Scientist
5;7;1;5;4;0;1;2;1;0;5;4;3;9;6;8;5;8;9;6;No;Data Scientist
3;5;0;8;7;7;2;0;5;4;9;0;9;6;4;4;1;2;1;3;No;Network Administrator
4;5;0;2;8;3;1;5;3;6;0;8;7;3;1;3;1;7;4;5;No;Machine Learning Engineer
1;8;3;7;8;1;9;4;2;1;0;2;3;7;2;4;3;6;1;9;Yes;Quality Assurance Engineer
6;9;4;4;7;9;8;2;0;7;4;0;9;1;0;8;0;0;1;0;Yes;Game Developer
1;7;4;3;1;5;4;3;6;7;7;6;2;4;7;3;5;2;2;8;No;Mobile App Developer
3;0;5;5;2;8;9;8;7;9;8;3;8;7;8;6;1;8;3;7;Yes;Cybersecurity Analyst
2;4;9;4;5;5;8;1;7;1;2;0;4;2;7;6;5;6;2;8;No;Back End Developer
3;0;1;8;1;1;8;0;0;5;1;6;9;5;1;0;8;3;2;2;Yes;Computer Science Teacher
6;8;6;4;0;6;1;2;1;4;1;1;0;7;4;2;6;2;0;7;No;Cybersecurity Analyst
8;5;4;6;9;0;2;1;7;7;3;8;6;8;5;4;9;5;6;1;No;UI/UX Designer
0;9;1;7;8;0;0;2;3;1;0;0;1;2;8;6;1;9;2;0;Yes;Full Stack Developer
9;9;1;8;0;9;1;6;0;3;3;0;3;8;8;7;9;8;0;2;No;Technical Writer
0;2;2;3;9;3;5;7;5;1;9;5;9;2;3;1;4;8;8;2;Yes;Software Tester
2;7;3;5;2;8;3;8;8;1;0;6;3;6;4;6;5;3;6;7;Yes;Software Engineer
9;0;0;4;9;5;3;4;0;4;7;8;1;0;9;1;7;7;3;9;Yes;Computer and Information Research Scientist
0;0;1;8;4;2;1;9;3;2;4;3;2;8;2;5;3;2;4;8;Yes;Computer and Information Research Scientist
8;6;5;8;3;1;4;6;3;3;3;2;0;8;3;3;1;7;3;8;No;Database Administrator
0;1;0;1;1;7;2;0;0;5;4;0;5;9;7;4;4;1;7;2;No;Web Developer
3;4;0;2;3;7;5;4;0;8;4;6;5;5;4;9;6;4;6;8;No;Systems Analyst
2;2;3;4;7;2;5;1;1;5;9;4;9;4;1;4;1;3;2;6;No;IT Project Manager
3;9;6;7;9;8;2;9;4;6;5;1;0;1;1;7;0;5;6;3;Yes;Embedded Systems Engineer
7;9;1;9;5;4;0;9;9;4;3;5;2;6;3;4;0;4;5;4;Yes;Software Engineer
3;1;6;2;7;4;5;2;1;0;7;1;1;7;2;2;0;1;4;2;No;Software Developer
7;1;1;3;2;6;1;9;1;6;1;4;6;5;0;9;8;6;0;9;Yes;Cloud Architect
7;1;5;3;6;7;7;6;1;3;4;5;1;2;7;6;7;6;0;1;No;Back End Developer
5;6;8;2;5;8;1;2;8;6;9;6;2;0;6;6;0;5;1;0;No;Network Administrator
4;2;5;2;9;2;1;0;7;4;2;5;0;7;4;5;8;0;8;2;Yes;Data Scientist
8;3;4;9;6;5;5;9;0;6;7;4;2;0;8;8;6;9;2;8;No;Network Engineer
4;5;0;8;8;0;4;5;3;6;9;4;5;7;0;7;3;9;1;5;No;Mobile App Developer
3;6;3;8;1;6;8;5;3;1;7;4;8;3;2;6;4;5;2;1;Yes;Business Intelligence Analyst
2;6;8;2;7;4;0;0;2;3;6;1;2;5;5;5;0;9;6;8;No;Back End Developer
5;8;5;8;3;9;9;4;0;2;2;3;6;4;9;3;3;8;5;7;Yes;Front End Developer
6;9;4;0;8;1;7;1;6;1;1;2;2;3;0;3;9;3;7;8;Yes;Technical Support Engineer
2;3;8;4;4;3;9;3;6;9;6;6;4;3;9;3;0;7;2;9;Yes;Quality Assurance Engineer
5;3;5;7;6;0;1;7;4;4;3;3;0;9;7;6;1;3;5;3;Yes;Embedded Systems Engineer
0;3;1;3;3;0;6;9;9;8;8;9;0;6;0;2;6;1;9;6;No;Artificial Intelligence Engineer
3;3;8;3;9;1;0;8;1;1;4;9;5;4;8;5;7;3;9;9;No;Front End Developer
6;0;4;3;3;4;5;3;3;7;1;1;7;7;0;8;0;0;3;0;Yes;Technical Writer
3;6;4;0;4;8;0;7;8;3;3;3;8;6;2;7;7;6;1;7;No;Digital Marketing Specialist
8;4;2;9;2;2;3;0;1;7;4;0;0;8;0;5;9;3;4;7;No;Computer Systems Manager
9;8;1;9;7;5;0;8;2;1;2;5;5;5;0;2;7;4;6;2;Yes;Computer and Information Systems Manager
4;8;7;2;1;9;7;2;9;6;2;6;2;9;3;7;0;9;1;6;No;Computer and Information Systems Manager
4;8;0;1;2;0;6;3;0;6;5;7;2;5;6;3;6;3;0;1;No;Business Intelligence Analyst
2;8;8;1;0;8;0;5;1;5;9;1;2;1;2;5;2;0;6;4;Yes;Mobile App Developer
3;5;8;9;1;8;8;6;7;5;8;4;8;5;5;1;1;2;4;4;Yes;Technical Support Engineer
6;0;0;9;9;7;8;3;1;4;8;9;3;4;3;2;1;7;9;9;No;Full Stack Developer
3;1;8;8;9;9;6;8;7;0;7;3;7;2;7;4;0;9;8;0;No;Mobile App Developer
9;1;2;1;5;8;1;8;9;6;6;7;1;8;1;3;8;8;9;7;No;Computer Hardware Engineer
5;1;0;0;3;5;6;6;7;7;2;3;9;7;5;8;3;5;5;8;No;Database Administrator
5;7;3;8;1;7;0;7;9;8;6;5;6;5;3;0;7;1;6;8;No;Front End Developer
1;7;4;0;9;0;6;9;9;5;5;9;7;1;0;5;7;9;6;5;Yes;Computer Systems Manager
4;5;8;2;9;8;6;8;2;5;5;3;6;8;7;5;0;6;4;0;No;Computer and Information Systems Manager
2;5;8;8;0;9;6;3;3;6;4;1;7;7;3;0;0;2;2;4;No;Game Developer
4;9;6;9;1;2;9;0;0;4;5;7;7;5;4;1;3;5;2;9;No;Software Developer
3;6;9;2;3;5;6;1;3;1;9;6;4;7;3;1;2;7;9;7;No;Full Stack Developer
5;5;0;3;8;4;8;3;5;9;7;3;2;1;9;2;8;5;2;1;No;Software Engineer
4;7;8;7;3;7;0;4;9;8;4;9;8;5;5;2;2;1;4;6;No;Network Administrator
1;9;3;4;7;7;2;5;0;1;8;5;6;3;7;1;7;7;7;0;No;Technical Support Engineer
5;4;5;4;5;9;7;3;9;4;6;3;7;0;0;3;5;3;2;7;No;Artificial Intelligence Engineer
7;3;4;7;9;8;2;4;6;7;7;5;4;1;3;9;3;9;1;8;No;UI/UX Designer
3;2;8;8;9;3;7;3;9;3;1;2;7;9;5;5;3;3;8;9;No;Computer Science Teacher
6;1;3;7;3;7;7;4;7;0;8;7;9;1;9;4;9;5;1;4;No;Data Scientist
1;7;9;0;8;2;7;1;5;3;7;3;5;8;7;0;5;6;5;2;No;Computer Programmer
2;6;9;3;2;0;9;2;9;6;5;9;1;4;7;8;7;7;5;2;Yes;Business Intelligence Analyst
6;8;3;4;0;0;6;2;6;2;0;8;9;5;3;6;0;5;5;5;No;Cloud Architect
2;9;6;0;2;0;4;3;2;3;4;2;3;5;1;0;4;6;3;3;Yes;Computer and Information Research Scientist
8;8;1;7;3;5;8;3;3;3;4;8;6;3;6;4;3;0;1;3;Yes;Blockchain Developer
7;0;7;4;5;7;3;3;0;7;8;8;0;5;5;6;0;5;9;4;No;Computer Network Architect
0;6;5;4;9;4;9;8;8;2;5;4;9;2;5;2;4;5;6;2;No;Embedded Systems Engineer
6;5;7;1;6;0;9;7;3;0;0;8;1;7;8;8;7;7;3;9;No;Business Intelligence Analyst
0;4;7;4;9;8;9;1;4;3;3;5;9;8;0;2;9;9;3;9;Yes;Web Developer
6;1;6;6;1;5;9;3;9;7;4;1;7;9;8;5;9;6;9;0;No;Machine Learning Engineer
7;5;8;6;3;8;7;9;9;4;5;8;6;8;7;1;6;4;4;2;No;DevOps Engineer
3;5;7;0;5;6;1;5;3;5;8;5;4;4;4;0;1;5;0;5;No;Computer and Information Research Scientist
6;3;6;3;3;9;7;1;8;8;8;5;1;6;4;2;2;1;5;1;Yes;Database Administrator
3;4;0;3;5;0;8;1;1;2;7;1;8;8;5;5;3;9;2;8;Yes;Embedded Systems Engineer
6;8;0;1;1;7;4;5;5;9;7;8;4;1;4;6;3;8;9;5;Yes;Quality Assurance Engineer
5;4;9;7;4;5;6;8;4;2;0;1;4;9;1;3;2;8;4;4;Yes;Quality Assurance Engineer
4;4;7;0;1;9;0;7;1;0;6;9;1;8;1;9;6;7;2;8;No;Computer Systems Analyst
1;0;6;1;6;4;5;5;8;8;6;3;8;9;3;3;3;3;0;7;Yes;Quality Assurance Engineer
6;0;6;3;2;0;0;5;5;8;1;3;8;8;9;1;1;3;2;6;Yes;Business Intelligence Analyst
6;8;3;0;3;7;4;0;1;5;1;3;1;4;1;7;8;3;6;5;No;UI/UX Designer
9;0;8;3;1;2;6;3;1;2;8;5;1;6;7;6;2;6;0;5;No;IT Sales Professional
0;7;8;3;0;3;4;8;5;3;2;7;1;4;8;9;4;6;9;0;Yes;Computer and Information Research Scientist
7;9;9;4;0;2;5;8;3;9;5;3;5;9;5;8;0;0;0;3;Yes;Software Tester
9;5;7;3;1;4;1;6;5;1;7;4;9;9;7;7;8;4;8;6;No;Cloud Architect
9;6;5;8;9;2;3;9;1;7;1;7;6;8;5;2;1;0;6;3;Yes;UI/UX Designer
6;0;8;9;0;7;1;2;8;4;1;5;0;4;7;9;5;0;9;7;Yes;Technical Support Engineer
1;4;1;4;4;4;6;2;6;7;2;0;8;7;0;0;9;3;0;5;No;Full Stack Developer
2;9;5;4;5;0;2;0;2;6;5;3;6;8;4;4;1;0;9;7;No;Game Developer
9;7;6;9;9;0;9;6;2;4;5;1;7;4;5;3;2;3;1;9;Yes;Computer Programmer
6;2;4;2;0;7;1;4;5;6;0;9;6;1;8;7;1;4;8;2;No;Back End Developer
6;5;3;1;3;0;7;1;5;3;8;8;6;8;1;1;8;7;7;6;No;Mobile App Developer
5;6;8;7;0;1;8;6;4;1;1;3;0;2;5;3;8;4;0;6;Yes;Computer Systems Manager
7;9;2;7;8;1;7;2;9;9;1;1;7;8;2;8;6;6;6;8;Yes;UI/UX Designer
1;6;9;6;2;8;0;8;6;7;2;5;0;3;2;1;0;4;4;6;Yes;Research Scientist
4;9;0;8;3;9;9;5;3;9;1;1;5;3;7;4;5;2;3;6;Yes;Data Scientist
3;9;2;7;7;0;1;0;3;0;4;8;9;8;0;7;9;8;4;5;Yes;Software Tester
0;1;0;3;1;2;5;7;4;5;3;3;3;5;9;4;6;2;9;9;Yes;Research Scientist
7;2;6;4;4;1;4;1;3;8;5;0;8;4;2;2;8;3;2;2;Yes;Quality Assurance Engineer
1;9;4;4;6;9;0;6;7;3;3;8;3;8;3;3;2;6;8;2;Yes;IT Sales Professional
0;0;9;3;6;9;8;7;7;6;3;4;7;8;8;0;8;2;7;8;Yes;Technical Support Engineer
7;1;3;5;1;2;4;3;6;2;1;6;2;2;6;4;6;6;8;9;Yes;Database Administrator
9;2;2;2;6;4;7;0;4;8;2;5;1;4;1;5;1;3;2;4;No;Front End Developer
8;0;2;6;6;7;6;2;3;0;9;7;8;3;7;8;1;0;6;1;No;Game Developer
0;4;7;3;1;3;6;8;3;4;8;7;4;9;1;3;3;3;1;5;No;IT Support Specialist
8;6;0;8;2;2;4;9;3;1;0;3;0;0;6;8;2;1;5;9;Yes;Blockchain Developer
8;2;7;0;8;2;8;9;6;2;9;8;3;6;0;3;6;2;3;8;No;UI/UX Designer
3;5;5;7;0;9;0;4;0;2;1;6;0;3;2;1;0;2;2;1;Yes;Web Developer
1;3;2;3;0;1;5;0;8;1;8;0;0;0;4;5;0;7;9;3;Yes;Data Scientist
0;1;6;3;4;7;9;2;5;4;5;6;8;6;8;9;5;0;5;9;No;Software Developer
7;4;2;3;5;6;2;7;3;2;3;6;8;1;4;9;3;8;0;9;No;Computer and Information Systems Manager
2;2;9;2;1;2;1;7;4;0;1;4;0;7;0;5;7;8;4;2;Yes;Quality Assurance Engineer
0;4;1;6;9;4;3;9;4;3;2;2;6;7;3;6;9;3;4;7;No;Systems Analyst
3;4;6;7;1;8;1;1;7;4;9;3;0;3;2;9;2;7;7;5;Yes;Cybersecurity Analyst
3;0;9;5;8;0;9;9;7;2;5;8;0;4;6;2;2;2;6;2;No;IT Sales Professional
6;2;8;7;9;5;6;4;0;9;1;0;7;9;5;6;1;7;5;3;No;Front End Developer
1;6;8;8;9;1;3;7;9;8;3;5;7;0;3;8;7;9;9;0;Yes;Computer Science Teacher
6;4;9;0;3;3;1;4;3;6;8;4;9;1;8;9;5;0;9;5;No;Computer Systems Manager
4;4;0;0;6;6;0;9;4;3;6;8;9;6;5;1;1;6;5;0;Yes;Database Administrator
3;9;0;5;5;3;4;5;8;7;5;3;6;4;3;6;3;9;9;5;No;Data Scientist
4;8;2;2;5;4;8;6;6;4;7;1;1;8;8;8;5;9;0;8;No;Network Engineer
8;0;9;4;7;4;6;3;3;6;4;2;3;4;5;0;2;0;6;4;Yes;UI/UX Designer
6;9;6;8;5;6;6;9;7;4;4;5;7;1;6;3;7;4;4;3;No;UI/UX Designer
7;7;9;3;2;6;9;2;2;6;4;3;7;7;0;0;5;9;0;0;No;Systems Analyst
8;8;7;0;6;3;0;5;5;9;4;8;9;2;8;2;3;9;4;4;No;Data Scientist
6;7;5;0;4;4;4;2;3;3;8;2;8;3;5;6;4;0;3;4;Yes;Computer Programmer
9;7;7;6;3;1;5;8;3;3;9;5;8;4;3;4;7;4;2;7;No;Cybersecurity Analyst
9;4;7;2;2;7;6;4;2;6;8;5;8;9;4;0;7;0;8;1;Yes;Digital Marketing Specialist
2;7;7;6;6;8;3;0;7;5;6;9;1;1;9;7;8;7;9;9;No;Computer Programmer
5;5;8;0;0;5;5;9;5;0;8;0;8;9;3;9;0;2;6;6;Yes;Computer and Information Systems Manager
2;1;3;6;9;4;9;4;0;1;4;6;4;7;6;3;3;0;0;0;Yes;Digital Marketing Specialist
4;8;0;8;6;1;1;1;5;5;0;6;1;5;4;1;3;7;5;2;Yes;Cloud Architect
8;3;2;8;9;7;5;8;4;0;5;9;6;6;3;4;0;5;4;1;Yes;Technical Support Engineer
1;5;8;3;1;0;6;8;0;8;0;9;2;7;6;9;3;6;2;1;No;Business Intelligence Analyst
3;7;5;2;5;4;9;8;9;5;6;3;1;3;8;0;0;5;3;8;No;Computer Network Architect
2;2;1;6;0;9;0;3;1;1;6;0;5;8;0;3;6;7;1;1;Yes;Digital Marketing Specialist
5;4;3;8;3;3;6;2;0;4;3;5;9;2;4;4;7;9;9;1;Yes;Software Engineer
6;1;3;0;9;0;7;3;8;6;4;6;7;8;4;7;1;1;0;1;Yes;Technical Writer
4;1;5;6;2;9;5;4;2;9;1;9;8;9;8;8;1;5;5;7;No;IT Consultant
7;3;9;7;0;9;4;5;7;8;5;0;6;1;1;9;4;6;3;4;Yes;Computer Programmer
2;4;1;0;6;8;4;5;1;1;8;2;9;3;7;5;2;9;7;7;Yes;Cybersecurity Analyst
8;1;4;9;5;8;8;1;3;6;8;5;0;5;6;7;6;0;4;3;Yes;Mobile App Developer
4;9;5;0;7;6;3;5;3;7;5;3;3;1;4;7;1;6;4;4;Yes;Computer Hardware Engineer
4;1;1;0;5;3;1;1;2;8;5;2;7;3;7;2;5;4;7;4;No;Cloud Architect
5;2;5;7;9;3;3;4;1;7;1;4;4;3;4;9;4;2;1;3;Yes;Database Administrator
8;4;9;3;9;4;6;2;8;1;0;8;9;9;4;6;5;3;4;0;Yes;Machine Learning Engineer
8;1;2;1;0;7;8;9;7;9;4;0;8;0;6;8;1;2;4;8;No;Computer Systems Manager
0;7;0;3;4;6;1;3;3;2;9;3;2;8;9;7;1;7;0;0;Yes;Business Intelligence Analyst
1;3;2;6;0;0;6;5;6;8;2;8;3;5;9;1;9;6;9;8;Yes;Computer Systems Manager
2;3;0;4;9;9;1;7;0;6;4;5;4;4;8;9;3;6;8;2;Yes;Software Tester
2;3;7;8;2;8;1;5;8;7;4;2;4;6;9;3;6;8;7;7;No;Network Engineer
6;8;5;1;4;2;2;0;5;0;6;3;5;3;3;2;9;7;0;0;No;Embedded Systems Engineer
4;6;3;6;7;1;2;3;2;1;3;2;9;2;4;8;3;5;5;9;No;Computer Programmer
4;6;3;8;7;4;4;9;6;0;5;7;4;7;6;0;8;9;8;0;No;Front End Developer
3;6;7;6;8;8;4;1;2;6;6;3;0;2;5;8;8;3;6;2;Yes;Blockchain Developer
1;3;2;0;2;7;3;0;5;0;6;3;4;2;6;3;0;8;3;1;Yes;Quality Assurance Engineer
2;1;8;4;2;8;8;3;6;8;0;1;7;1;2;2;5;4;9;4;Yes;Computer Science Teacher
9;2;9;6;0;8;6;7;1;4;3;6;7;5;1;6;5;2;1;7;Yes;UI/UX Designer
6;7;1;4;6;6;6;1;0;5;5;6;9;3;0;3;8;2;2;4;Yes;Software Engineer
4;8;6;6;2;2;8;7;8;8;2;9;3;8;2;1;4;2;6;0;Yes;Artificial Intelligence Engineer
8;0;5;0;8;0;1;3;1;7;6;0;6;1;6;8;2;9;1;4;No;Mobile App Developer
3;9;7;7;8;9;9;1;7;6;4;6;2;3;8;9;7;6;9;1;Yes;Game Developer
8;8;6;8;3;3;6;8;6;7;1;4;6;8;2;0;5;2;6;5;Yes;UI/UX Designer
3;4;6;6;1;4;6;8;5;6;5;2;9;9;2;1;7;9;9;9;Yes;Blockchain Developer
0;6;7;0;8;7;7;5;2;6;8;3;9;0;0;9;3;6;6;0;Yes;Computer and Information Systems Manager
3;2;6;8;0;3;9;4;1;4;5;9;2;9;3;0;9;9;0;8;Yes;Computer Science Teacher
3;2;1;0;0;3;1;0;9;8;3;9;6;5;7;8;5;0;7;6;Yes;Database Administrator
0;1;8;4;4;6;3;4;9;1;6;6;1;7;5;4;7;4;3;5;No;Embedded Systems Engineer
5;7;8;7;2;6;3;4;3;4;9;6;5;6;8;4;7;1;8;7;Yes;DevOps Engineer
1;1;1;1;4;5;0;5;1;1;6;6;0;4;9;1;4;5;3;9;Yes;IT Sales Professional
0;5;1;5;2;3;0;4;6;2;2;7;9;5;3;4;8;8;9;5;No;Full Stack Developer
0;4;4;9;7;9;1;2;0;1;1;8;8;3;9;8;3;8;3;2;Yes;IT Support Specialist
1;7;0;5;2;4;4;0;9;6;7;3;7;2;1;9;4;5;5;0;Yes;IT Project Manager
3;4;1;3;7;9;8;5;6;7;0;1;2;9;5;5;3;1;8;3;No;Data Scientist
2;3;5;4;6;6;4;8;7;8;3;3;3;7;7;4;5;3;4;1;No;Game Developer
2;4;3;9;4;5;3;6;8;8;6;1;8;9;2;3;3;7;2;9;Yes;Web Developer
6;3;1;8;2;4;8;9;4;7;5;9;2;4;1;6;7;4;0;7;Yes;Business Intelligence Analyst
5;6;1;9;3;3;7;2;1;6;7;3;1;1;5;0;1;5;1;0;No;Computer Systems Analyst
0;6;9;6;2;9;2;5;6;8;4;3;2;2;5;5;4;8;9;5;No;Quality Assurance Engineer
7;1;9;1;3;0;6;9;2;2;1;6;5;0;6;2;1;9;9;8;Yes;Network Engineer
4;8;1;4;1;4;6;2;8;5;4;6;0;8;0;5;6;7;8;1;No;Software Engineer
4;5;4;4;7;2;9;9;2;4;3;7;1;9;3;8;0;6;8;3;No;Blockchain Developer
7;6;5;7;1;9;9;1;5;8;3;9;6;5;0;6;9;6;4;2;Yes;Cybersecurity Analyst
9;9;7;2;9;5;2;6;9;1;4;1;6;1;4;2;7;2;1;7;Yes;Embedded Systems Engineer
4;7;4;0;2;8;2;2;6;7;4;1;5;1;7;2;3;0;9;6;Yes;Data Scientist
9;0;6;9;4;5;5;3;1;2;9;1;0;2;5;3;9;5;2;8;No;Mobile App Developer
9;5;0;7;4;0;2;9;9;2;8;6;1;0;9;9;3;5;1;5;No;Software Developer
0;2;1;0;8;5;4;4;4;0;1;6;9;7;9;2;1;9;4;8;No;Technical Support Engineer
3;2;2;6;7;2;0;9;3;9;0;2;4;9;1;5;6;1;4;9;No;Digital Marketing Specialist
2;7;3;2;0;0;6;6;9;9;3;9;8;2;8;1;5;1;1;1;Yes;Computer Systems Analyst
4;5;2;1;3;5;0;9;8;0;9;7;1;7;1;7;2;8;3;0;No;Computer Programmer
1;6;4;6;7;8;8;4;9;5;5;2;1;5;1;9;7;6;1;9;No;Front End Developer
1;1;1;1;9;0;7;0;4;3;9;5;1;7;5;8;8;7;0;5;Yes;Computer and Information Research Scientist
5;4;6;1;1;6;7;0;7;3;6;4;8;8;6;5;3;5;4;0;No;Computer Systems Analyst
3;8;3;1;1;9;3;9;1;2;7;4;7;3;1;4;1;0;6;3;No;Cloud Architect
0;1;5;1;2;9;8;0;8;5;4;3;3;0;5;5;0;2;0;6;Yes;DevOps Engineer
2;4;1;4;1;7;7;0;4;8;6;1;4;8;6;2;0;6;2;3;Yes;Machine Learning Engineer
2;2;0;1;7;2;1;4;8;3;0;7;2;2;0;7;0;8;5;9;Yes;Technical Support Engineer
0;5;0;9;4;0;6;9;4;9;9;9;4;0;2;0;8;6;1;1;No;IT Sales Professional
0;8;8;1;9;6;0;2;8;4;7;0;3;6;9;9;8;2;8;9;No;Computer Systems Manager
7;1;8;6;0;8;4;0;6;5;7;8;4;9;6;9;4;6;9;1;Yes;Computer and Information Research Scientist
3;9;5;6;9;8;4;5;2;3;1;8;3;5;9;7;5;6;9;3;No;Technical Writer
0;5;8;0;2;4;7;3;7;2;7;3;4;9;3;4;5;4;6;1;Yes;Software Engineer
9;7;5;1;6;2;2;0;1;7;6;5;5;0;5;1;8;5;9;9;Yes;Computer Systems Manager
8;3;6;4;2;3;2;1;7;5;4;3;9;3;1;3;4;5;4;7;Yes;IT Sales Professional
3;8;1;2;3;6;1;2;3;9;5;7;3;2;8;4;7;3;6;2;Yes;Research Scientist
0;7;7;0;0;0;5;2;8;4;9;4;7;8;4;5;4;9;7;8;No;Software Tester
2;2;0;8;8;5;2;1;6;1;6;1;6;8;3;7;4;8;4;0;No;Technical Writer
4;7;9;3;2;4;0;2;1;0;1;1;8;4;7;7;0;5;0;1;No;Computer Science Teacher
2;3;7;5;5;4;1;0;0;7;2;7;4;1;0;3;8;1;3;2;No;Game Developer
3;3;8;7;0;7;5;4;5;3;7;0;7;5;9;1;8;0;7;3;Yes;Software Engineer
0;4;9;7;8;2;6;3;0;6;2;2;4;9;6;7;9;0;0;0;No;Software Developer
3;7;1;4;7;5;0;4;4;3;2;1;7;5;9;6;8;2;2;8;No;Computer and Information Research Scientist
7;7;5;5;3;1;1;5;7;4;3;2;2;2;7;6;7;3;2;8;Yes;Computer Hardware Engineer
5;4;6;6;2;5;7;0;2;2;0;0;2;4;4;7;5;7;9;6;Yes;Computer and Information Research Scientist
4;6;2;2;0;2;5;0;1;3;6;0;4;7;0;7;5;6;6;1;Yes;Software Engineer
4;7;7;2;4;1;9;0;4;8;6;2;1;3;7;4;7;3;9;4;No;DevOps Engineer
2;6;3;9;8;5;9;0;4;3;5;0;4;0;5;7;2;5;5;9;No;Full Stack Developer
7;1;2;0;2;4;0;5;0;7;0;0;0;3;6;6;5;0;5;7;No;Business Intelligence Analyst
9;9;0;1;7;1;6;2;4;2;4;7;5;1;7;9;9;2;9;2;No;IT Sales Professional
9;4;5;8;1;7;7;9;7;7;3;4;4;5;6;7;0;5;8;1;No;Research Scientist
1;8;7;2;0;5;0;7;0;2;5;9;0;8;3;9;7;1;3;2;No;IT Consultant
7;3;0;5;4;6;4;8;4;0;1;8;6;2;2;7;4;2;5;7;No;Computer Network Architect
4;8;3;0;4;5;1;7;1;9;8;8;0;5;5;8;0;6;9;0;No;Network Engineer
4;3;7;1;1;9;5;0;5;9;0;9;9;4;6;3;6;2;4;6;No;Back End Developer
4;4;0;8;5;1;1;3;0;6;0;9;2;7;8;2;4;0;3;2;Yes;Database Administrator
4;2;5;9;4;8;7;8;0;6;8;0;0;7;5;4;2;4;4;9;No;Computer Network Architect
6;6;2;1;6;6;6;1;2;1;3;6;2;8;9;4;0;5;0;5;No;Computer Science Teacher
9;3;2;6;4;7;8;4;9;4;9;3;6;8;1;2;6;2;5;3;No;Systems Analyst
6;0;6;1;7;7;7;7;8;4;9;4;7;7;2;7;3;0;8;6;Yes;Machine Learning Engineer
4;4;3;1;3;5;9;6;5;1;8;1;1;7;7;0;8;3;7;4;No;Data Scientist
3;5;4;5;0;5;5;1;1;5;3;1;1;5;4;1;5;5;5;9;No;Web Developer
9;4;4;5;1;6;0;5;5;7;0;3;7;6;8;4;0;9;0;0;Yes;IT Project Manager
8;0;4;0;3;7;2;6;2;8;3;7;7;2;2;8;2;2;9;3;Yes;Quality Assurance Engineer
6;3;4;5;3;6;6;8;7;9;1;5;8;7;5;1;3;5;5;2;No;IT Sales Professional
1;2;3;3;5;4;8;0;9;2;2;4;1;5;5;0;3;2;0;8;No;Quality Assurance Engineer
4;9;6;9;3;9;3;8;9;8;7;7;6;3;8;3;2;9;3;4;No;IT Sales Professional
1;9;0;5;5;7;2;9;7;3;1;6;4;1;8;5;3;2;0;8;No;Web Developer
7;4;4;5;4;6;2;4;5;9;6;3;8;7;4;0;7;6;8;1;Yes;Software Developer
8;7;5;7;0;3;2;2;6;9;5;5;5;3;1;7;6;6;1;4;No;Cloud Architect
5;4;0;7;9;5;2;1;0;6;5;9;8;2;4;4;1;8;5;6;No;Full Stack Developer
7;1;4;0;2;6;8;7;3;2;7;4;6;8;6;1;8;0;6;7;Yes;Cybersecurity Analyst
8;2;0;9;6;0;8;7;5;6;2;8;4;6;6;0;5;8;7;5;No;Research Scientist
0;7;1;4;6;9;9;2;8;0;7;4;0;7;8;6;5;7;9;9;Yes;Software Tester
5;3;0;8;9;6;8;4;1;2;9;1;3;0;4;1;6;1;9;5;No;Business Intelligence Analyst
9;4;8;3;4;1;5;3;2;6;6;1;6;0;7;1;1;7;4;2;Yes;Data Scientist
4;9;2;1;7;0;6;2;8;0;4;8;6;0;1;4;8;9;1;3;Yes;Digital Marketing Specialist
4;1;3;3;9;7;0;0;7;7;5;7;8;5;1;0;2;0;6;8;No;Game Developer
5;9;6;7;0;3;2;3;1;2;4;7;3;9;6;1;1;0;3;1;No;Computer and Information Research Scientist
0;2;3;8;4;6;8;7;2;0;7;7;5;5;4;4;7;8;6;3;Yes;Computer Systems Manager
7;3;1;3;2;1;3;2;5;1;1;2;2;9;1;6;8;6;2;3;No;DevOps Engineer
0;9;6;7;3;6;3;0;7;0;4;3;5;7;8;1;6;1;6;5;No;Digital Marketing Specialist
5;8;8;2;3;2;5;5;2;7;0;6;9;6;0;0;5;4;7;3;No;Back End Developer
2;6;0;1;8;4;3;0;0;0;6;7;8;7;5;8;1;4;7;3;No;DevOps Engineer
1;8;6;8;1;8;6;7;7;6;1;5;8;7;8;2;4;2;2;0;No;Data Scientist
4;8;2;6;9;5;9;4;8;2;2;7;4;2;1;7;1;7;3;8;Yes;Cybersecurity Analyst
6;7;8;0;9;5;6;7;2;1;8;7;7;9;9;9;8;3;1;7;Yes;Data Scientist
4;2;6;7;6;0;5;7;7;1;7;4;4;3;7;7;0;1;9;6;Yes;Computer Hardware Engineer
6;9;4;4;7;4;8;7;7;4;4;3;8;7;4;6;4;4;9;1;No;IT Project Manager
3;5;6;6;2;9;6;6;5;1;4;6;6;4;4;5;2;0;8;4;Yes;Software Engineer
2;2;9;5;5;3;2;6;0;9;8;5;2;5;2;0;7;8;2;6;No;Computer Systems Manager
0;3;9;5;6;8;5;2;7;0;2;6;8;0;1;8;7;8;1;7;No;Database Administrator
0;7;6;9;0;8;2;9;2;4;5;6;4;4;7;3;4;4;4;5;No;Computer Systems Analyst
8;8;5;0;8;5;6;7;1;3;9;9;3;0;3;6;3;4;0;8;Yes;Machine Learning Engineer
8;1;6;5;1;5;2;7;2;9;2;9;3;4;8;1;4;0;0;8;No;Database Administrator
5;5;1;2;4;4;1;4;9;7;2;5;5;9;0;4;0;6;2;7;Yes;Network Administrator
1;7;3;1;3;1;3;9;2;3;8;4;5;4;2;0;7;3;2;5;No;DevOps Engineer
1;8;2;1;3;3;7;0;2;5;3;6;7;2;8;3;9;8;0;6;Yes;Front End Developer
2;6;5;8;0;9;0;9;6;8;8;8;5;1;5;5;8;4;2;6;No;Technical Support Engineer
7;5;3;4;9;1;7;7;3;1;8;9;8;5;1;0;2;9;4;1;No;Blockchain Developer
7;1;8;0;7;2;1;3;6;4;7;3;8;2;3;0;2;6;8;4;Yes;Systems Analyst
8;6;5;6;3;7;6;5;2;3;4;2;5;9;2;0;8;2;2;0;No;Software Engineer
1;9;1;0;9;6;1;9;9;0;3;3;2;3;3;1;8;0;6;9;No;Computer and Information Research Scientist
9;6;0;5;5;5;0;4;0;6;4;9;2;2;6;8;0;6;5;0;No;Computer Science Teacher
0;9;1;7;4;1;0;8;3;4;0;0;1;1;8;7;8;9;8;7;No;Software Tester
8;5;5;4;7;5;2;7;5;1;5;7;8;4;2;3;7;7;1;5;Yes;Network Engineer
6;1;9;8;8;1;4;8;1;5;5;3;6;7;8;6;1;5;1;6;Yes;Software Developer
8;1;9;5;1;3;9;9;8;5;9;8;8;1;6;2;5;4;7;2;No;Embedded Systems Engineer
9;0;4;4;9;1;7;7;0;0;7;5;0;5;3;5;1;2;3;1;No;Back End Developer
9;3;7;9;5;9;4;8;7;4;5;4;3;9;1;1;6;1;0;9;Yes;IT Consultant
3;1;2;5;6;3;0;9;7;3;0;9;3;5;0;9;4;2;7;2;Yes;IT Sales Professional
4;5;2;1;4;2;1;3;3;4;4;8;0;0;6;5;9;1;7;8;Yes;IT Support Specialist
4;6;2;1;3;9;1;1;2;0;9;2;5;7;1;8;6;2;9;7;No;Technical Writer
5;4;6;9;7;7;3;5;5;5;9;4;9;7;0;0;3;9;4;4;Yes;Machine Learning Engineer
9;4;6;2;3;4;7;9;9;9;4;3;2;6;7;1;1;1;0;1;Yes;Network Administrator
7;7;0;7;0;8;3;7;7;9;6;9;5;2;0;5;0;2;4;7;Yes;Computer Network Architect
5;8;4;8;2;2;5;7;1;7;5;2;9;2;3;2;6;9;6;9;No;Cloud Architect
2;9;0;5;5;8;8;2;5;8;6;4;3;9;1;3;1;6;8;2;No;Technical Writer
2;8;4;2;9;3;0;1;7;0;4;2;4;6;2;0;1;0;4;7;Yes;IT Consultant
7;0;3;1;3;0;1;5;5;5;0;6;9;9;9;4;1;8;6;9;No;Technical Writer
8;9;0;4;2;2;7;8;5;3;5;2;7;1;1;6;1;2;3;0;Yes;Cloud Architect
8;5;9;6;2;7;8;9;2;7;5;8;7;1;3;0;3;5;9;0;Yes;DevOps Engineer
5;7;6;5;0;0;1;5;7;7;3;4;2;2;1;4;7;5;7;7;No;Computer Network Architect
3;0;3;4;4;0;7;7;4;7;8;1;8;5;9;0;3;8;5;0;No;Computer Network Architect
1;4;0;1;8;6;2;0;8;1;2;1;2;9;0;6;0;4;3;1;Yes;Embedded Systems Engineer
8;4;2;1;2;7;6;7;7;2;2;4;5;7;4;6;6;1;9;7;Yes;Research Scientist
2;5;9;4;1;7;9;3;2;8;7;1;8;0;7;4;5;7;8;5;No;Game Developer
6;3;9;1;6;4;5;5;1;0;6;0;3;0;0;8;6;1;0;6;Yes;Computer Science Teacher
7;2;8;1;1;9;3;8;0;1;9;4;9;7;9;6;3;5;4;0;Yes;IT Support Specialist
3;7;5;3;8;2;4;0;8;8;0;4;9;8;1;2;0;6;6;2;No;Software Tester
7;8;0;0;2;8;7;1;4;2;2;4;4;6;2;9;6;4;9;3;No;Front End Developer
3;8;7;2;1;1;8;8;6;6;8;1;9;0;3;5;0;7;8;8;No;DevOps Engineer
2;4;1;8;9;5;8;8;6;9;2;3;2;0;3;1;1;0;7;4;No;Computer Hardware Engineer
7;6;3;7;0;5;2;1;5;1;5;9;7;2;6;7;9;2;4;8;No;IT Consultant
2;1;5;6;0;6;7;9;9;9;2;0;3;1;1;3;3;3;0;6;No;Back End Developer
8;2;1;1;9;2;9;9;1;2;3;9;2;4;8;1;1;8;2;2;No;Cybersecurity Analyst
1;2;5;7;6;7;9;9;7;1;8;9;0;8;1;5;8;6;9;6;Yes;Cybersecurity Analyst
6;4;3;4;5;0;8;4;1;4;2;8;0;1;3;4;6;1;5;0;Yes;Data Scientist
1;7;9;1;1;3;8;8;0;6;6;3;3;1;8;1;3;5;7;6;Yes;Network Administrator
1;8;0;9;8;8;1;8;9;9;7;7;9;4;2;7;9;6;6;3;No;Full Stack Developer
3;9;7;1;2;4;8;0;2;7;6;4;1;6;3;0;9;5;6;4;No;Blockchain Developer
8;2;4;4;3;0;2;9;1;0;8;7;6;3;0;4;5;9;1;2;No;Computer and Information Systems Manager
6;6;6;7;0;5;0;0;3;6;4;4;0;7;0;8;7;2;5;7;Yes;Computer Systems Manager
9;2;6;3;8;0;1;0;3;5;9;4;3;0;4;8;5;2;3;1;No;Cloud Architect
1;7;6;4;1;6;9;6;6;1;1;0;5;1;4;6;3;1;0;2;Yes;Systems Analyst
3;1;6;0;6;7;6;8;6;0;4;7;0;1;3;9;5;7;1;5;No;Data Scientist
7;4;8;7;4;9;0;5;3;9;6;8;5;9;8;7;3;1;8;1;Yes;Software Developer
2;9;5;2;4;5;3;3;4;3;1;8;5;2;7;7;7;3;8;4;Yes;Artificial Intelligence Engineer
8;4;6;4;2;7;0;4;0;3;3;7;1;2;8;2;1;0;4;3;Yes;Computer Systems Manager
3;8;3;2;1;0;5;0;8;0;3;7;3;8;6;7;2;5;2;1;Yes;Artificial Intelligence Engineer
9;6;7;2;0;6;9;1;1;9;0;0;4;3;7;2;5;5;9;3;Yes;UI/UX Designer
0;1;9;7;0;8;4;3;5;7;9;5;8;3;4;4;7;6;9;2;Yes;Machine Learning Engineer
5;1;7;8;2;0;4;4;5;9;5;5;3;7;0;5;3;8;2;6;No;Database Administrator
4;2;0;4;9;6;2;9;0;7;8;1;5;1;8;5;4;9;5;6;Yes;Embedded Systems Engineer
7;6;0;6;4;1;4;1;8;4;2;0;7;4;2;3;0;8;9;8;Yes;Digital Marketing Specialist
5;6;4;8;5;0;8;2;0;8;2;7;3;2;5;1;5;4;0;0;No;Machine Learning Engineer
4;8;6;2;7;6;1;8;2;5;9;7;0;7;1;8;4;1;7;0;Yes;Blockchain Developer
8;7;2;7;6;6;2;5;1;6;5;2;9;9;4;9;5;4;7;5;No;Digital Marketing Specialist
6;2;2;6;6;6;2;6;1;2;2;0;9;5;3;7;0;4;0;9;Yes;Quality Assurance Engineer
6;7;8;4;1;4;3;9;3;4;9;2;3;2;1;2;8;1;9;3;No;Technical Support Engineer
3;8;1;3;3;8;5;7;9;2;2;6;6;4;8;5;6;8;4;0;No;Research Scientist
4;4;9;1;2;3;2;2;3;5;7;8;9;2;7;2;4;0;1;1;No;Cloud Architect
9;9;8;7;7;4;8;3;7;7;2;0;6;0;6;6;6;3;1;7;Yes;IT Project Manager
6;0;8;0;1;2;9;6;6;7;8;4;0;0;8;2;8;2;5;0;Yes;Computer Systems Analyst
4;9;9;9;0;6;8;6;3;0;8;5;2;1;5;6;9;9;3;1;No;Quality Assurance Engineer
2;4;7;4;8;9;7;9;8;7;9;6;9;1;6;1;8;8;2;8;Yes;Computer and Information Systems Manager
2;5;1;4;1;3;1;5;1;4;8;8;9;2;0;8;9;6;8;4;No;Data Scientist
7;5;6;4;9;6;2;4;6;9;7;3;3;5;7;7;1;6;2;0;No;Full Stack Developer
5;0;8;1;1;7;9;4;0;2;2;9;8;6;9;2;4;4;0;4;No;Computer Hardware Engineer
1;7;2;4;5;8;4;2;6;0;7;4;1;4;2;6;8;3;0;4;No;Software Engineer
2;7;6;7;2;9;2;7;9;1;2;4;6;4;0;0;8;7;9;5;Yes;Network Engineer
6;6;7;5;0;3;5;7;3;3;7;1;0;2;7;1;5;4;6;5;Yes;Computer Systems Analyst
9;9;4;0;1;9;7;4;6;2;2;3;1;2;8;3;1;8;6;6;No;Machine Learning Engineer
8;3;3;5;3;0;6;5;1;1;3;3;1;3;7;7;3;2;9;1;Yes;Technical Support Engineer
1;9;1;4;5;5;8;3;0;9;6;1;3;9;4;0;4;3;7;9;Yes;Computer Network Architect
9;4;5;6;4;1;0;3;4;9;9;3;5;3;0;8;3;8;3;2;No;Web Developer
6;6;1;4;7;6;6;6;0;9;2;3;1;8;9;7;9;9;0;6;Yes;DevOps Engineer
0;3;8;1;2;6;2;5;2;2;5;8;7;2;8;9;0;6;1;4;No;Quality Assurance Engineer
8;4;9;1;4;3;7;2;2;1;4;2;9;4;2;7;8;6;7;0;Yes;Game Developer
3;7;0;1;2;7;7;4;9;3;7;9;0;1;5;5;6;7;2;0;Yes;Computer Programmer
4;3;6;7;6;8;6;5;2;5;6;5;0;8;6;4;6;1;9;0;Yes;Back End Developer
5;5;0;8;9;6;6;3;3;4;8;8;8;5;1;1;9;8;5;2;No;Computer Systems Analyst
8;4;1;0;2;7;5;3;4;4;5;4;0;9;2;4;9;7;4;8;No;Network Engineer
8;6;3;4;1;9;6;2;2;8;1;4;6;2;4;5;9;1;0;5;No;Embedded Systems Engineer
6;0;4;3;8;9;2;9;4;0;1;4;3;1;7;6;1;9;9;1;No;Software Developer
1;8;3;1;1;8;9;1;0;6;1;8;2;3;4;0;4;4;2;6;Yes;Computer and Information Systems Manager
5;4;2;8;0;1;1;2;8;4;0;9;3;7;1;5;0;1;1;1;Yes;Cybersecurity Analyst
3;1;3;4;4;2;1;9;6;6;7;8;0;6;5;8;0;3;4;8;No;Cloud Architect
4;2;7;9;9;2;7;3;9;0;0;2;0;8;0;4;4;2;2;5;Yes;Computer Systems Analyst
1;2;3;6;4;1;7;9;6;6;9;8;1;3;0;3;0;8;5;5;No;Computer Systems Manager
7;0;9;3;5;7;8;3;4;6;3;0;7;4;1;3;0;5;4;7;Yes;Database Administrator
6;1;8;1;2;5;9;9;2;5;4;9;5;3;8;8;9;3;8;4;Yes;Software Tester
1;6;8;4;3;6;4;7;6;1;6;4;8;6;2;9;8;0;1;1;Yes;Software Developer
2;2;8;1;8;7;8;7;1;9;7;2;8;1;2;7;4;5;6;3;No;Computer Programmer
7;0;4;8;2;4;7;0;1;2;7;2;4;4;9;0;7;1;9;2;No;Data Scientist
7;0;0;3;8;5;8;1;7;5;1;9;8;2;7;5;4;9;5;2;Yes;Artificial Intelligence Engineer
3;0;4;1;3;4;7;5;3;9;5;2;3;2;0;3;5;8;9;6;Yes;Blockchain Developer
3;7;9;1;2;1;8;3;4;9;6;6;5;8;9;6;8;0;1;1;No;Computer Network Architect
6;3;7;4;5;0;9;6;1;6;8;6;7;4;2;6;8;2;8;1;No;Network Engineer
2;0;7;2;5;9;8;7;5;4;2;1;7;0;2;8;0;7;9;4;Yes;Software Developer
8;2;7;3;6;8;2;8;4;9;3;5;4;8;1;7;0;5;8;6;Yes;Research Scientist
7;5;3;9;0;5;0;1;6;2;9;4;2;2;4;3;0;9;5;0;No;Computer and Information Systems Manager
4;0;7;6;4;5;4;4;6;1;7;6;0;7;8;3;3;9;0;0;Yes;Cloud Architect
3;4;8;2;0;3;3;2;8;9;5;2;5;5;0;9;2;4;0;2;No;Cloud Architect
6;3;2;0;2;4;4;7;7;5;4;1;4;5;5;2;5;9;1;2;No;Full Stack Developer
4;6;0;7;1;1;1;5;3;9;1;7;6;5;9;9;0;0;8;9;No;Cloud Architect
1;2;4;1;8;9;7;6;0;4;5;9;2;6;2;1;5;6;8;1;No;Technical Support Engineer
5;5;4;3;0;8;1;4;3;7;5;1;0;7;4;8;3;7;3;4;No;Computer and Information Research Scientist
5;3;2;7;2;4;6;5;9;7;0;8;6;8;7;2;5;8;8;1;No;Business Intelligence Analyst
5;8;6;2;8;5;6;4;2;0;8;4;8;3;2;0;6;6;9;5;Yes;Front End Developer
4;7;4;8;6;7;2;8;1;5;6;7;6;9;6;7;0;4;7;6;No;Network Administrator
5;0;8;7;7;2;5;2;1;6;2;7;2;9;9;1;5;2;3;5;No;IT Support Specialist
6;2;5;9;9;2;1;3;2;6;4;1;1;0;3;3;4;0;3;8;No;Web Developer
0;2;0;9;2;7;2;8;0;5;7;5;7;2;7;9;5;3;4;5;Yes;Game Developer
0;3;8;4;3;7;4;0;3;0;3;5;8;7;3;9;4;5;1;8;Yes;Network Administrator
1;0;1;6;9;9;3;3;2;4;6;1;0;4;1;9;0;7;1;5;Yes;Game Developer
5;8;5;0;7;4;3;4;0;3;9;8;8;7;0;7;8;9;6;7;Yes;Computer Hardware Engineer
4;6;0;6;2;6;8;5;2;8;3;4;3;7;2;5;9;4;4;8;No;IT Consultant
2;0;3;2;4;1;3;1;4;4;8;1;1;4;1;0;4;3;7;0;Yes;Computer Systems Manager
4;8;9;2;8;2;2;4;5;8;9;4;1;1;5;9;2;5;4;2;No;Network Administrator
0;1;3;9;7;2;3;6;4;7;7;7;8;1;3;5;7;5;8;6;Yes;Computer and Information Research Scientist
9;6;3;3;9;6;5;8;8;2;5;9;3;4;3;3;9;3;3;5;Yes;Data Scientist
4;8;7;3;8;3;4;5;5;2;5;7;0;1;3;6;0;8;9;5;No;Mobile App Developer
0;5;1;6;4;1;1;9;9;6;2;6;5;4;7;0;2;6;3;7;No;Artificial Intelligence Engineer
1;4;8;1;3;2;2;9;3;5;8;0;7;7;6;9;2;2;4;0;Yes;Computer Science Teacher
8;7;7;0;1;7;9;0;9;0;8;5;7;9;2;7;6;3;4;6;No;Artificial Intelligence Engineer
5;0;2;4;7;7;3;3;2;1;3;7;5;6;7;1;1;8;1;6;Yes;Software Developer
8;8;0;5;7;7;0;1;0;2;0;4;2;4;1;9;1;8;5;9;No;Systems Analyst
0;7;7;3;2;4;3;7;2;4;1;9;1;6;7;9;8;5;2;6;No;Front End Developer
6;8;7;0;8;5;1;3;2;3;8;6;2;3;1;4;8;1;3;3;Yes;DevOps Engineer
3;6;4;0;1;5;7;4;4;9;9;4;6;8;9;2;8;1;9;6;Yes;IT Project Manager
2;0;8;0;1;9;0;4;3;4;3;9;5;5;3;4;5;5;9;4;Yes;Full Stack Developer
4;5;8;2;9;9;6;4;9;7;8;3;4;5;3;7;9;3;9;7;Yes;Back End Developer
2;1;4;7;7;6;4;6;2;0;2;2;9;8;1;4;5;4;0;0;Yes;Network Administrator
9;2;0;0;8;0;9;6;0;7;9;5;1;7;4;8;4;0;2;4;No;Computer and Information Research Scientist
2;9;3;0;3;8;5;3;2;2;2;5;6;5;9;8;3;9;4;1;Yes;Data Scientist
8;2;7;3;2;3;5;1;4;8;9;7;4;9;6;4;4;7;8;0;Yes;Research Scientist
8;9;5;7;2;0;8;1;1;7;6;6;3;0;3;6;6;2;8;0;No;Computer Science Teacher
6;1;1;7;0;8;3;4;7;3;5;0;5;2;5;6;2;2;6;5;Yes;Machine Learning Engineer
5;6;4;8;0;6;8;9;6;5;5;0;2;8;4;7;6;7;1;4;Yes;DevOps Engineer
1;2;9;4;3;7;1;4;0;6;0;0;3;2;4;0;3;3;1;4;No;Computer Systems Manager
2;6;8;7;0;6;2;4;7;0;6;3;8;1;8;8;6;3;8;0;Yes;DevOps Engineer
9;0;8;5;7;9;8;2;8;1;9;7;3;1;8;9;5;0;2;9;Yes;Machine Learning Engineer
8;5;4;6;3;8;5;8;1;3;0;2;2;0;9;5;1;8;2;1;No;Research Scientist
5;5;5;2;5;1;7;8;4;4;0;5;8;8;0;5;4;4;6;1;Yes;IT Consultant
2;4;7;3;1;5;1;6;3;0;0;9;9;1;1;4;4;5;5;3;Yes;Back End Developer
4;2;3;0;5;7;1;7;9;2;8;3;2;8;9;5;0;4;1;7;Yes;Business Intelligence Analyst
0;9;2;3;0;2;1;0;9;8;3;5;8;8;0;8;5;1;0;8;No;Blockchain Developer
2;1;9;8;4;4;9;8;4;1;3;7;3;5;8;7;7;0;0;7;Yes;UI/UX Designer
6;3;9;1;2;9;1;3;4;1;9;0;9;8;5;2;4;5;9;3;No;Cybersecurity Analyst
0;1;5;5;3;2;2;2;4;1;5;4;6;0;0;1;6;5;8;9;No;Cloud Architect
3;7;8;6;0;1;6;1;1;9;4;3;5;7;6;9;6;0;1;0;No;Web Developer
5;2;2;7;2;5;1;3;1;1;1;7;0;5;3;7;6;2;9;0;Yes;Software Tester
7;6;5;7;6;0;8;2;2;7;7;4;4;5;0;8;5;1;9;9;No;Computer Hardware Engineer
3;9;2;5;6;9;2;2;3;2;1;6;4;3;8;5;3;3;8;6;No;IT Support Specialist
2;2;4;9;9;5;9;3;7;4;9;6;7;9;5;7;9;3;4;1;Yes;IT Project Manager
7;4;1;7;9;8;7;4;5;9;5;5;4;1;0;9;5;6;5;5;Yes;Computer Hardware Engineer
8;1;2;8;0;2;5;6;1;4;9;6;9;6;5;0;7;2;1;0;Yes;Software Tester
8;0;3;4;7;1;3;0;6;6;6;6;1;1;9;7;8;4;2;5;No;Mobile App Developer
8;3;7;9;2;8;6;9;0;2;6;0;8;0;8;0;5;3;0;2;No;Database Administrator
1;6;3;7;2;9;4;5;8;7;8;3;1;2;9;2;6;8;8;6;Yes;Database Administrator
4;5;9;4;8;7;8;2;4;4;7;8;6;2;3;5;2;9;1;6;Yes;Computer and Information Research Scientist
4;4;1;0;8;7;2;3;9;1;1;6;9;2;2;0;1;0;1;6;Yes;Software Tester
9;3;3;5;0;7;7;1;0;9;3;3;8;2;5;7;5;6;0;9;No;Computer Systems Analyst
7;5;5;8;8;9;2;3;1;5;5;8;6;6;6;4;7;5;8;3;No;DevOps Engineer
1;7;3;9;4;2;0;7;3;3;3;3;9;5;5;3;7;6;1;4;No;Blockchain Developer
2;5;5;5;1;2;9;1;8;5;2;5;4;0;6;5;1;3;5;6;Yes;Computer Programmer
7;3;0;5;8;0;3;5;1;7;5;9;7;8;4;8;0;9;7;3;No;Cybersecurity Analyst
2;3;1;5;5;8;7;9;0;0;1;5;5;5;6;9;8;3;3;1;No;Mobile App Developer
9;3;5;2;9;6;7;6;2;4;3;8;0;1;9;5;4;8;0;8;No;Technical Support Engineer
3;0;0;4;8;9;6;7;0;1;6;7;5;9;7;3;9;8;9;6;Yes;Technical Writer
0;8;6;9;0;1;8;6;3;2;0;8;3;2;7;7;8;5;8;0;Yes;Business Intelligence Analyst
0;0;1;5;1;5;2;2;1;0;3;3;5;9;3;7;8;2;9;2;No;Computer Science Teacher
5;3;3;2;3;5;7;9;5;2;0;7;0;7;1;9;6;6;5;6;Yes;Computer Systems Manager
1;6;3;1;7;5;5;6;5;7;2;5;6;2;9;7;8;7;9;7;Yes;Computer Systems Manager
1;4;9;4;9;9;2;7;8;5;7;7;1;7;0;4;8;2;6;4;No;Artificial Intelligence Engineer
4;9;0;1;8;1;5;8;3;5;3;3;3;0;6;2;3;6;6;4;Yes;Front End Developer
0;1;8;1;6;9;8;8;8;1;2;9;5;7;8;5;1;3;7;6;Yes;Business Intelligence Analyst
9;0;6;8;1;7;7;3;5;8;0;5;1;6;9;9;6;0;8;4;No;Game Developer
1;3;0;7;3;7;4;2;6;6;7;9;6;8;3;3;1;8;1;9;No;Network Engineer
6;1;8;8;9;2;0;0;8;9;7;0;3;3;1;8;7;4;9;4;No;Computer and Information Research Scientist
8;4;3;5;6;2;3;4;9;3;8;6;0;2;5;4;8;2;6;3;Yes;Computer Network Architect
7;2;7;9;2;4;1;5;4;9;1;6;9;6;1;3;7;2;7;9;Yes;Software Engineer
3;9;7;7;9;2;7;0;7;7;1;7;0;1;5;2;0;7;0;9;Yes;Business Intelligence Analyst
3;3;8;2;6;1;2;1;7;5;1;6;6;4;3;8;2;1;3;6;No;Network Administrator
1;5;6;4;0;1;6;1;5;8;3;9;8;1;0;5;2;5;3;4;No;Digital Marketing Specialist
5;4;9;2;3;3;4;3;3;0;1;3;9;4;9;9;7;2;3;5;Yes;Computer Hardware Engineer
3;7;8;5;1;4;2;2;0;5;7;5;5;7;0;8;3;5;7;4;No;Machine Learning Engineer
3;9;3;8;7;4;5;4;0;9;0;5;6;3;0;5;8;6;7;0;Yes;IT Project Manager
0;5;3;4;3;6;5;0;1;2;9;2;2;4;5;8;7;1;5;7;Yes;Business Intelligence Analyst
6;4;4;0;7;9;0;3;7;1;4;5;7;4;0;6;1;4;3;6;Yes;Computer and Information Research Scientist
3;0;6;2;5;0;8;7;5;4;3;8;5;1;8;2;9;0;9;9;Yes;Computer Network Architect
8;4;5;7;6;9;0;1;8;3;5;3;8;1;4;9;6;4;5;9;No;Mobile App Developer
7;3;6;9;7;7;2;5;9;6;7;7;0;3;0;5;7;6;4;9;Yes;Digital Marketing Specialist
7;5;7;9;5;6;0;4;0;0;2;6;3;0;1;6;7;9;7;4;No;Systems Analyst
6;0;2;2;1;9;0;7;6;7;4;3;3;4;8;8;9;3;1;4;No;Computer Systems Analyst
1;9;3;8;8;8;3;2;2;5;1;7;0;1;2;2;3;4;8;9;No;Computer and Information Research Scientist
2;1;2;6;3;4;5;0;3;4;1;2;1;7;0;4;7;3;1;2;No;Software Tester
7;1;2;4;4;1;8;2;7;2;7;3;4;2;6;6;0;1;8;0;Yes;Full Stack Developer
7;5;9;6;5;5;1;1;4;1;9;4;4;3;1;4;8;6;1;0;No;Software Developer
0;4;3;9;9;2;2;4;0;6;2;7;1;0;7;3;3;6;0;6;No;Blockchain Developer
4;4;0;7;8;0;4;9;7;9;6;4;6;8;0;1;7;2;8;1;No;Business Intelligence Analyst
2;0;5;8;1;2;3;2;6;7;9;2;5;0;6;4;9;2;8;9;Yes;Technical Support Engineer
0;6;9;3;6;4;1;5;0;1;9;3;6;0;3;3;0;7;4;8;No;Computer and Information Research Scientist
9;7;1;5;6;0;4;8;8;5;7;8;6;3;0;3;3;0;1;0;No;Quality Assurance Engineer
4;6;9;6;7;8;6;0;9;4;6;5;6;3;2;9;8;6;7;2;Yes;Web Developer
0;1;3;9;1;0;8;4;0;5;2;8;4;8;3;7;5;5;1;3;No;Network Engineer
6;0;8;8;0;9;6;0;3;7;9;9;6;1;8;9;7;5;7;5;No;Computer Systems Manager
0;7;6;0;1;8;2;8;0;7;1;5;7;0;0;3;8;9;5;8;No;IT Consultant
3;1;2;0;8;4;4;8;9;3;1;4;5;3;7;9;1;3;9;9;Yes;Research Scientist
5;7;2;4;4;2;3;5;8;4;0;0;7;1;0;1;7;0;5;1;Yes;Data Scientist
5;0;8;6;0;5;3;4;9;9;5;0;3;4;0;7;0;0;9;8;No;Computer Hardware Engineer
8;8;2;4;2;5;2;4;8;3;3;6;8;7;8;3;4;3;9;1;Yes;Machine Learning Engineer
4;1;5;0;6;1;8;1;6;6;1;0;0;3;4;7;7;6;3;8;Yes;Quality Assurance Engineer
4;4;2;9;1;3;7;9;1;4;4;4;3;0;5;4;4;2;9;3;Yes;Computer Systems Manager
0;2;3;8;7;2;4;7;6;1;7;1;4;1;9;4;4;1;3;2;No;Computer Systems Manager
8;1;0;7;7;5;9;5;5;1;3;9;1;8;7;2;6;5;1;7;No;Machine Learning Engineer
7;0;5;9;2;2;7;4;3;5;9;8;5;1;1;0;6;7;7;1;Yes;IT Project Manager
1;7;6;6;9;5;0;0;5;8;7;9;0;2;0;6;9;5;1;1;Yes;IT Consultant
5;3;5;3;7;8;9;4;9;9;6;8;5;6;9;6;3;6;4;5;Yes;Research Scientist
0;3;4;5;5;3;4;2;1;1;6;4;1;3;6;5;2;9;0;2;Yes;DevOps Engineer
1;4;8;9;8;5;6;8;6;3;8;8;8;3;6;0;1;2;3;8;Yes;Front End Developer
9;3;5;7;6;5;2;0;4;5;1;4;0;2;8;5;3;8;8;9;Yes;IT Project Manager
0;5;4;9;3;6;1;1;0;3;9;5;2;3;2;0;9;9;4;3;No;Cloud Architect
4;5;2;5;4;8;6;6;9;3;3;7;0;9;3;5;0;8;6;4;Yes;Systems Analyst
8;0;7;8;1;1;7;2;8;1;9;3;6;0;3;7;6;9;7;8;Yes;Full Stack Developer
0;2;3;7;2;4;9;7;2;3;4;0;4;6;9;2;2;7;6;5;Yes;Technical Writer
6;9;1;7;9;3;5;2;9;3;5;3;6;9;2;3;7;0;0;1;No;Embedded Systems Engineer
6;5;0;2;3;0;8;4;9;0;3;0;5;5;3;4;9;4;5;7;No;Network Engineer
9;7;4;6;9;8;2;0;9;5;7;1;3;3;6;8;8;8;7;3;No;Machine Learning Engineer
6;7;5;5;6;6;7;2;0;3;8;9;6;7;1;9;9;7;9;4;No;Software Developer
7;8;8;8;6;6;6;8;3;7;1;6;9;1;5;0;4;5;3;5;No;Computer Programmer
4;7;9;3;9;0;2;5;6;2;1;9;6;4;5;6;9;0;8;4;Yes;Computer Systems Manager
6;0;4;8;4;1;6;2;1;6;2;9;3;6;9;9;0;0;9;4;No;Web Developer
8;1;8;3;4;8;9;7;1;5;1;9;9;5;0;7;4;1;7;0;Yes;Systems Analyst
4;0;0;8;2;1;3;3;5;7;7;4;8;5;6;2;7;9;9;5;No;Technical Support Engineer
4;5;3;7;7;9;0;6;3;7;9;5;3;2;9;9;4;5;5;6;Yes;Computer and Information Systems Manager
3;1;7;2;1;1;6;8;5;1;2;0;1;3;3;3;2;6;2;5;No;IT Project Manager
1;6;7;5;7;8;4;4;8;2;1;7;3;8;2;8;8;0;2;1;Yes;IT Consultant
0;8;9;8;0;0;0;4;6;5;7;8;1;7;5;7;0;7;4;0;Yes;Mobile App Developer
6;7;4;1;6;9;4;6;6;1;7;5;8;9;0;2;7;3;1;6;No;Computer Programmer
8;9;0;3;1;0;1;4;0;0;7;5;7;7;3;4;2;2;0;0;Yes;Business Intelligence Analyst
3;1;5;5;8;2;9;8;7;8;8;0;5;6;1;5;8;5;4;6;Yes;UI/UX Designer
9;4;4;1;7;6;9;1;6;4;7;3;5;5;2;1;3;8;5;6;No;Database Administrator
0;4;7;4;3;7;8;2;9;4;0;4;4;3;3;3;9;6;8;5;No;Mobile App Developer
3;3;6;3;1;2;8;9;5;8;6;8;1;0;1;7;0;5;7;9;No;Embedded Systems Engineer
1;9;7;2;6;5;4;2;7;3;0;7;0;1;0;4;8;9;9;4;Yes;Network Administrator
3;5;4;1;5;6;5;5;0;8;4;9;4;9;7;7;7;5;2;9;No;Network Engineer
9;0;5;6;3;1;1;3;8;2;6;7;9;1;8;7;1;1;1;0;Yes;IT Project Manager
3;2;6;3;8;5;9;8;5;4;2;1;1;5;2;5;5;9;4;2;No;Cloud Architect
5;2;1;7;5;1;3;1;8;7;6;1;1;5;8;5;7;3;7;2;No;Artificial Intelligence Engineer
6;1;3;8;4;5;1;6;0;1;3;2;7;4;3;6;9;0;3;3;No;Software Developer
9;9;9;9;0;0;1;3;4;3;6;0;3;3;5;9;3;5;7;3;Yes;Computer Hardware Engineer
1;9;9;9;8;2;4;3;9;5;9;9;9;7;3;5;7;6;3;7;Yes;DevOps Engineer
2;0;0;7;5;6;8;9;1;8;0;9;9;8;3;7;3;1;2;4;No;Machine Learning Engineer
0;7;3;2;0;7;0;1;8;1;9;0;9;7;0;3;7;3;7;5;Yes;Data Scientist
5;3;1;7;9;9;0;0;6;7;8;1;9;8;5;6;6;9;7;3;Yes;Network Engineer
3;3;6;4;1;8;9;0;3;8;6;1;3;2;0;0;0;6;6;5;No;Computer Science Teacher
9;3;3;9;5;1;1;5;3;6;1;1;5;5;6;0;5;9;8;6;Yes;Mobile App Developer
1;7;2;5;7;3;0;8;9;7;2;0;9;5;4;4;1;6;1;8;No;IT Support Specialist
3;9;5;3;4;5;4;8;6;4;1;5;2;5;7;3;1;7;8;5;Yes;Software Tester
6;1;9;4;5;6;6;6;0;3;8;7;4;9;1;7;3;8;6;7;Yes;Software Developer
7;2;9;7;1;9;5;8;0;6;9;6;8;4;2;1;0;4;9;7;No;Computer Science Teacher
0;2;7;3;4;9;5;8;0;6;6;6;4;6;5;7;7;7;1;9;No;DevOps Engineer
5;3;2;7;1;1;4;5;0;5;7;0;3;3;2;9;2;9;3;8;No;Computer Network Architect
6;3;9;1;0;9;1;5;8;4;4;5;7;2;6;1;2;7;4;7;Yes;Computer Network Architect
0;7;3;3;6;5;5;5;6;3;1;5;5;9;4;5;2;7;3;5;Yes;IT Support Specialist
3;8;4;5;8;6;0;0;8;3;7;9;5;5;9;3;1;3;4;7;Yes;Mobile App Developer
1;9;0;7;5;4;0;5;7;8;9;3;8;0;8;7;0;0;1;2;Yes;IT Project Manager
1;0;7;1;6;4;5;2;6;1;3;9;1;2;1;3;2;5;6;0;No;Blockchain Developer
2;2;7;5;5;9;6;6;3;7;1;2;6;0;9;4;6;9;0;7;Yes;Database Administrator
6;2;5;2;8;0;5;8;4;4;1;0;4;8;6;5;2;9;6;8;Yes;Computer Science Teacher
4;3;7;5;2;0;1;6;4;8;7;2;4;7;6;3;8;1;4;1;No;Systems Analyst
1;5;9;9;7;5;7;5;3;9;2;8;6;0;5;3;4;3;3;2;Yes;Quality Assurance Engineer
4;2;4;4;8;2;8;9;9;1;4;9;8;8;5;4;9;5;8;2;No;IT Project Manager
0;7;4;6;5;4;1;9;8;3;6;8;3;9;8;0;4;5;8;4;No;Computer Science Teacher
3;8;5;7;3;1;8;1;7;0;5;9;6;1;9;1;7;6;5;8;Yes;Technical Writer
2;2;8;7;9;9;1;7;1;3;0;3;9;0;6;5;4;9;3;6;Yes;Artificial Intelligence Engineer
3;5;4;0;3;7;4;8;3;0;3;3;9;2;3;0;6;4;7;0;No;Computer Programmer
0;7;4;9;0;8;9;7;5;9;5;7;1;6;1;5;4;1;8;5;Yes;Computer Systems Analyst
3;7;9;9;0;0;8;9;7;5;2;2;2;9;3;6;1;7;1;2;Yes;UI/UX Designer
5;7;2;4;3;1;8;6;4;1;4;5;7;1;1;2;4;5;0;0;No;IT Project Manager
2;9;4;3;5;2;2;9;7;4;5;3;8;2;6;2;4;9;2;4;No;Computer Systems Analyst
4;8;6;2;7;4;9;5;4;2;8;5;9;2;5;2;4;7;9;6;Yes;Network Administrator
9;8;4;1;9;7;8;6;8;4;8;2;0;7;1;6;0;1;4;8;Yes;Computer and Information Research Scientist
9;9;4;2;5;7;5;6;1;4;7;3;8;3;9;3;2;6;5;3;No;Computer Systems Analyst
0;0;5;2;5;1;8;2;1;4;3;1;2;9;7;6;5;0;5;7;No;Research Scientist
2;4;6;8;6;7;5;3;5;4;9;3;6;4;2;7;0;4;9;2;Yes;Digital Marketing Specialist
1;5;3;5;4;8;9;2;7;7;8;2;4;2;5;5;9;8;8;7;No;Computer Network Architect
4;3;2;8;0;5;0;7;9;8;3;9;9;8;7;3;5;7;7;6;No;Machine Learning Engineer
5;1;7;2;0;2;2;8;0;7;3;8;0;5;4;3;1;0;8;6;No;Network Engineer
9;6;8;9;1;1;2;8;5;1;0;3;0;8;3;9;6;9;5;8;Yes;Computer Science Teacher
7;5;5;4;7;0;9;8;1;7;1;8;0;1;9;2;6;1;3;1;Yes;Database Administrator
5;1;4;7;0;3;5;8;6;6;6;1;9;4;9;8;4;6;5;6;Yes;Software Engineer
3;0;5;1;7;6;6;5;1;9;6;0;0;2;6;8;8;4;1;2;Yes;Quality Assurance Engineer
5;0;0;0;4;9;4;9;9;9;8;6;4;1;8;4;3;6;8;2;Yes;Web Developer
9;3;5;2;4;4;4;9;6;1;1;7;2;8;9;9;0;1;9;7;No;Business Intelligence Analyst
2;8;1;9;7;1;7;0;7;8;4;5;8;9;1;4;9;7;9;7;No;Data Scientist
2;9;0;0;0;4;3;4;8;9;0;2;4;7;7;1;6;0;6;9;No;Mobile App Developer
2;1;9;1;8;8;3;3;9;9;6;7;7;5;3;7;6;1;9;1;No;Network Administrator
7;3;7;8;1;2;1;9;4;9;6;1;3;7;3;7;8;7;6;4;Yes;Computer Systems Analyst
9;9;2;3;5;7;4;0;0;6;8;2;1;1;3;2;5;8;6;1;Yes;Front End Developer
1;9;2;3;7;5;2;6;7;9;1;9;2;3;2;0;2;3;6;2;Yes;Technical Writer
9;5;3;6;2;6;1;4;6;1;0;8;1;8;3;9;8;2;1;3;No;Cloud Architect
1;4;0;5;2;9;4;1;6;5;8;9;0;4;5;6;0;3;5;2;Yes;Blockchain Developer
8;9;4;6;3;3;1;7;7;6;4;6;8;5;4;2;8;5;5;4;Yes;Game Developer
2;9;8;3;5;8;1;0;7;8;3;6;4;2;7;9;0;9;3;9;No;Network Engineer
1;5;8;6;1;9;6;1;2;4;5;6;0;3;4;9;3;9;8;9;No;Software Developer
7;5;3;8;8;9;3;4;4;3;1;1;6;8;2;3;3;7;2;7;No;Mobile App Developer
8;3;0;9;3;1;9;0;0;3;4;8;0;1;5;1;9;5;7;0;No;Software Tester
8;2;0;2;9;3;9;4;5;5;8;4;6;6;5;7;2;1;1;1;Yes;Computer Science Teacher
4;2;7;9;5;1;3;0;7;1;9;0;4;9;5;7;7;5;4;5;No;Computer Programmer
5;6;1;7;6;7;2;3;2;3;4;2;8;2;0;0;0;3;4;9;Yes;Software Tester
8;8;6;0;8;2;7;2;5;1;5;9;9;5;3;2;2;8;4;3;No;Digital Marketing Specialist
1;1;7;7;4;7;7;2;2;8;0;9;7;0;6;1;1;9;0;9;No;Business Intelligence Analyst
6;7;2;2;6;6;7;0;9;3;6;7;4;9;6;2;0;9;3;7;Yes;Blockchain Developer
4;7;6;2;8;0;6;3;7;4;2;0;1;9;3;3;7;3;1;0;Yes;DevOps Engineer
2;7;1;5;4;3;3;1;3;8;6;6;4;4;9;1;2;0;9;9;No;Database Administrator
6;1;3;4;5;4;7;1;8;1;3;5;4;4;6;3;6;4;2;4;Yes;Web Developer
1;9;7;6;4;0;1;7;5;8;5;4;0;0;0;4;7;2;9;1;Yes;Machine Learning Engineer
2;6;6;7;9;6;6;2;7;1;8;9;8;7;8;1;0;8;3;5;Yes;Software Tester
3;1;0;9;8;1;3;3;5;8;9;7;3;7;8;7;4;3;4;5;No;Machine Learning Engineer
5;9;7;3;0;8;1;7;4;8;4;2;3;6;6;9;3;5;3;9;Yes;Digital Marketing Specialist
4;1;1;8;2;8;0;3;2;1;1;0;8;0;1;9;2;7;7;2;No;Business Intelligence Analyst
3;9;0;2;1;7;2;0;9;0;6;2;5;8;9;4;2;4;8;5;No;Computer and Information Systems Manager
8;6;6;0;5;5;2;1;8;9;7;5;1;6;4;1;5;2;6;3;No;Mobile App Developer
3;5;9;9;3;5;7;8;6;4;1;7;5;8;0;3;2;1;2;1;No;Mobile App Developer
2;1;7;5;4;8;1;3;3;8;2;7;1;6;4;8;9;8;7;1;Yes;Computer Network Architect
4;2;5;6;5;0;0;9;0;8;4;1;4;7;7;2;6;6;5;6;No;Technical Writer
2;2;9;3;6;1;3;5;9;5;1;6;4;9;9;8;7;8;5;6;Yes;Business Intelligence Analyst
1;6;0;9;1;7;6;5;7;3;7;4;4;2;7;6;6;4;8;9;No;Artificial Intelligence Engineer
5;2;6;9;1;7;6;6;2;0;8;4;8;8;0;8;4;1;4;7;No;Computer Systems Manager
2;0;6;9;5;0;2;0;6;7;5;2;9;8;5;7;7;8;3;5;No;Computer Science Teacher
1;8;8;4;1;7;0;1;2;4;7;3;1;2;2;6;1;6;9;3;Yes;UI/UX Designer
7;9;7;5;7;6;7;9;3;5;9;4;3;6;8;5;3;5;5;0;Yes;Database Administrator
9;4;4;9;2;6;2;5;8;4;8;3;8;5;9;4;2;8;3;2;No;IT Sales Professional
7;1;0;4;2;9;9;4;5;7;9;0;6;0;5;2;2;8;5;9;No;Systems Analyst
8;6;8;6;9;4;9;3;9;3;2;3;5;5;2;7;0;0;6;5;Yes;Game Developer
4;4;8;6;0;0;0;1;1;7;0;0;0;0;2;7;8;2;1;4;No;Machine Learning Engineer
8;3;7;7;9;8;5;6;3;1;3;6;5;0;2;5;3;7;6;6;No;IT Support Specialist
6;2;0;7;8;3;3;4;4;9;0;8;6;7;2;3;5;0;2;7;No;Software Engineer
2;8;5;1;2;2;6;6;0;7;3;9;1;1;3;2;8;3;4;8;Yes;Artificial Intelligence Engineer
0;4;8;5;4;8;9;4;3;6;8;3;2;3;4;8;1;9;9;0;No;Cybersecurity Analyst
1;4;1;8;4;4;7;7;1;6;8;6;0;8;7;9;1;3;4;7;Yes;Artificial Intelligence Engineer
5;0;7;0;3;2;3;3;7;0;6;2;0;2;4;9;8;7;5;5;No;Technical Support Engineer
8;8;6;7;8;6;9;5;1;4;2;8;3;2;5;8;3;0;3;1;No;Data Scientist
2;4;6;5;9;2;5;7;7;5;7;3;2;6;9;9;9;9;3;0;Yes;Computer Programmer
1;6;3;4;8;4;2;9;4;2;7;5;1;8;7;0;3;2;1;2;Yes;Computer Systems Analyst
7;4;2;3;3;9;7;3;7;6;3;9;2;0;8;3;1;2;2;6;Yes;Embedded Systems Engineer
4;9;8;6;2;5;4;2;6;6;5;2;4;5;6;5;2;2;4;3;No;Software Tester
4;8;2;2;3;0;2;9;1;6;8;3;8;3;5;3;9;7;9;9;No;Game Developer
9;5;8;1;0;7;6;5;8;2;9;8;0;9;8;1;4;6;4;2;No;Technical Writer
9;1;8;2;6;8;4;8;3;7;2;8;5;7;7;5;2;5;6;7;No;Software Tester
8;9;7;4;2;4;3;3;3;9;5;7;8;5;9;5;9;0;0;2;No;DevOps Engineer
2;5;1;4;4;7;2;9;5;9;6;4;1;7;0;3;1;1;8;9;No;Software Tester
9;7;8;1;9;9;3;2;4;3;6;2;9;6;3;8;7;4;3;2;Yes;IT Support Specialist
1;6;3;4;5;7;5;6;9;6;2;5;7;6;7;2;7;8;2;9;No;Embedded Systems Engineer
1;5;3;1;8;8;8;1;7;3;4;4;5;6;2;6;6;8;1;3;No;Mobile App Developer
4;1;9;3;9;6;5;0;0;9;9;3;5;3;3;3;4;7;5;0;No;Full Stack Developer
0;8;3;7;1;1;1;9;5;0;9;9;0;1;2;3;2;2;9;8;Yes;Research Scientist
1;2;8;8;0;8;1;8;8;4;7;4;1;7;4;2;2;5;5;3;No;Blockchain Developer
1;9;3;3;2;2;4;3;2;9;8;3;4;3;2;0;9;0;5;9;Yes;Embedded Systems Engineer
3;1;3;0;7;9;2;4;8;1;7;0;6;9;4;0;3;8;3;4;Yes;Computer Network Architect
1;8;8;2;2;2;6;7;5;3;2;1;0;4;0;8;7;9;0;2;No;Computer Hardware Engineer
4;5;8;8;7;9;5;9;6;8;0;3;7;5;5;0;5;1;2;1;No;Computer Science Teacher
1;5;1;6;0;8;1;1;0;9;7;5;6;8;9;1;0;1;3;4;Yes;Front End Developer
4;9;1;7;7;7;2;9;4;7;0;9;7;2;5;7;9;5;2;6;No;Database Administrator
5;5;0;6;2;3;8;2;6;8;6;9;8;5;0;7;8;5;9;3;No;Network Administrator
7;6;0;8;7;3;6;4;0;3;2;6;7;3;0;3;5;1;0;7;Yes;Computer Hardware Engineer
0;8;5;3;5;3;2;8;1;8;6;8;2;1;3;2;8;9;2;2;Yes;Network Engineer
3;1;6;7;6;5;7;0;7;0;5;1;8;8;1;2;9;7;5;0;No;Computer Network Architect
7;4;2;1;1;4;3;6;5;6;9;8;6;9;2;9;0;5;2;8;Yes;Computer and Information Systems Manager
5;2;1;7;4;0;1;0;6;1;4;8;6;8;7;2;8;7;2;1;No;Front End Developer
4;9;6;4;1;1;4;9;5;1;4;4;0;5;0;5;0;0;8;3;No;Full Stack Developer
6;5;3;7;3;9;9;1;5;0;1;4;0;8;3;0;2;8;3;8;Yes;Quality Assurance Engineer
9;1;0;7;5;1;7;7;1;2;3;4;2;7;7;8;3;9;4;5;No;Network Engineer
9;9;7;7;9;3;1;8;9;9;3;7;7;5;5;9;9;9;5;4;Yes;Digital Marketing Specialist
8;0;6;5;8;2;5;2;5;8;2;3;9;7;5;1;1;8;8;8;No;Web Developer
9;6;6;5;8;2;2;3;3;2;1;4;0;9;3;5;3;1;9;0;No;Game Developer
0;8;9;9;4;6;6;0;2;8;7;4;9;4;3;1;4;4;8;7;Yes;Software Developer
6;6;2;5;3;5;8;5;3;8;6;8;6;5;6;5;8;7;2;4;Yes;Full Stack Developer
4;9;4;8;8;9;9;9;9;3;6;3;9;1;0;4;6;3;3;6;Yes;Back End Developer
1;3;1;7;4;5;8;7;3;9;4;5;7;6;1;0;3;1;0;6;Yes;Computer Programmer
2;5;1;9;3;8;3;3;7;2;7;3;2;7;7;9;3;9;5;8;No;Full Stack Developer
7;1;1;3;7;7;4;0;7;8;4;0;2;6;8;7;9;6;7;5;Yes;Computer Systems Manager
1;5;0;9;2;9;2;3;4;9;5;3;7;5;7;4;8;0;8;7;Yes;UI/UX Designer
2;0;0;0;0;5;0;5;2;4;1;6;5;0;4;7;1;8;3;1;Yes;Web Developer
8;7;3;0;1;3;3;7;6;0;0;2;3;7;3;9;8;0;8;1;No;Systems Analyst
7;6;6;4;9;4;4;4;2;1;3;1;4;9;1;3;0;0;9;9;Yes;Computer Systems Manager
2;5;6;8;7;7;3;6;4;0;7;8;1;8;1;8;8;9;7;8;Yes;Mobile App Developer
9;6;0;9;8;3;8;2;6;2;2;4;5;9;1;5;1;1;3;5;No;Computer Network Architect
8;0;9;0;8;3;4;9;2;3;8;5;9;9;2;9;8;8;1;6;No;Computer Science Teacher
9;9;7;4;1;1;9;2;5;6;2;8;5;6;5;0;5;0;6;8;Yes;Network Engineer
7;9;5;8;0;8;1;9;1;1;1;1;8;5;7;4;3;5;0;3;No;Database Administrator
4;7;9;7;1;6;2;5;1;1;6;5;1;1;4;9;8;4;8;5;No;Network Engineer
9;4;7;9;9;5;5;9;1;7;2;2;2;8;4;8;5;3;1;0;Yes;Computer Systems Manager
5;7;4;3;3;7;1;7;6;0;8;8;3;0;2;8;0;2;0;9;No;Back End Developer
3;8;0;7;6;6;1;9;1;6;5;6;4;8;0;1;5;4;2;2;Yes;Embedded Systems Engineer
2;3;3;3;1;3;3;4;0;7;4;1;6;9;8;0;0;8;1;1;No;Artificial Intelligence Engineer
0;6;7;0;2;0;8;9;5;8;3;8;9;3;3;3;2;6;0;7;No;Computer Systems Manager
8;1;2;1;1;7;8;7;5;2;1;2;8;0;9;3;8;7;3;8;Yes;IT Sales Professional
2;6;1;5;2;9;8;5;2;8;7;6;1;0;3;8;4;6;8;1;Yes;UI/UX Designer
4;8;9;6;7;1;6;7;4;9;3;9;5;1;7;0;5;7;7;8;No;Software Engineer
3;9;4;4;3;3;1;4;6;8;7;6;1;8;9;3;0;0;9;7;Yes;Cybersecurity Analyst
9;8;9;5;2;8;3;6;9;1;0;4;1;5;8;9;3;4;6;7;Yes;Artificial Intelligence Engineer
2;0;1;2;3;5;4;5;1;5;8;2;4;3;8;1;1;0;1;8;No;Cybersecurity Analyst
1;3;3;8;6;1;8;2;9;2;1;9;7;7;4;9;0;8;9;6;Yes;Quality Assurance Engineer
4;7;4;1;3;3;7;3;7;6;0;3;7;4;6;9;3;3;3;6;Yes;IT Sales Professional
0;5;4;3;4;4;5;0;7;8;2;3;4;7;2;9;5;4;5;8;No;Business Intelligence Analyst
4;4;3;7;7;7;1;6;9;2;0;3;7;1;6;4;2;9;4;7;Yes;Machine Learning Engineer
0;6;0;0;8;0;1;9;1;7;6;2;1;2;0;3;7;1;0;7;No;Research Scientist
7;5;6;7;6;9;9;8;5;2;2;6;6;9;1;7;5;2;2;6;Yes;Computer Systems Manager
1;6;1;0;8;0;1;5;4;4;9;0;9;0;6;9;8;1;7;3;Yes;Computer Programmer
8;8;6;5;2;9;7;2;8;1;6;5;7;6;3;8;4;5;2;9;No;Computer and Information Systems Manager
0;5;4;2;0;6;0;8;6;5;1;6;3;4;3;8;1;6;1;9;No;Computer Hardware Engineer
8;7;9;4;0;9;5;3;6;3;9;4;8;9;3;7;5;4;3;2;No;Software Developer
9;1;2;7;8;8;2;5;2;8;1;0;8;1;7;6;9;8;2;8;Yes;Blockchain Developer
2;3;1;6;0;0;8;5;8;2;7;3;9;0;6;8;8;4;0;1;Yes;Machine Learning Engineer
7;8;0;0;0;9;0;1;0;5;4;8;9;0;1;3;2;4;8;2;Yes;Technical Writer
7;3;8;4;7;9;4;3;0;7;5;2;0;6;7;1;1;9;9;1;No;Data Scientist
8;8;5;9;2;6;2;0;0;2;0;3;5;9;2;8;9;9;8;8;Yes;Quality Assurance Engineer
9;4;2;9;3;6;4;3;7;3;0;3;8;9;2;2;0;1;0;9;No;Network Engineer
8;0;8;0;5;6;8;6;8;0;2;8;9;6;8;3;1;9;9;8;No;UI/UX Designer
8;4;8;3;2;2;5;8;3;0;9;6;6;3;1;6;1;8;9;9;Yes;Front End Developer
8;6;9;4;0;7;7;3;5;2;6;3;7;0;5;2;1;9;7;9;No;Computer and Information Research Scientist
8;1;9;6;7;2;7;2;1;0;0;8;4;9;5;5;7;1;8;8;Yes;Computer Systems Analyst
0;7;6;2;6;1;5;5;5;5;5;8;5;8;0;2;1;7;7;2;No;IT Support Specialist
5;4;9;8;2;6;4;9;7;4;6;2;3;8;2;3;6;3;8;4;No;Computer Science Teacher
1;2;0;5;2;9;5;0;7;6;7;7;2;1;7;7;2;3;2;4;Yes;Machine Learning Engineer
8;7;9;1;1;3;5;6;1;0;0;2;7;3;7;7;2;4;2;8;Yes;Network Administrator
8;0;9;4;8;5;1;4;9;0;7;6;4;6;7;8;2;8;1;4;No;Software Engineer
6;5;0;6;8;3;7;6;1;2;5;0;6;8;0;7;4;5;9;6;No;DevOps Engineer
9;1;6;6;6;3;7;3;9;4;4;1;1;0;4;7;3;3;3;6;Yes;Computer Science Teacher
3;5;9;2;4;7;8;3;3;3;7;9;9;1;6;4;6;2;9;5;Yes;Research Scientist
2;6;3;6;5;9;0;4;3;7;5;3;0;9;6;3;9;3;2;7;Yes;Database Administrator
4;0;1;7;9;8;7;7;4;8;0;4;8;4;6;7;6;8;9;7;No;IT Consultant
3;4;7;1;1;1;3;3;5;6;2;8;0;6;6;8;7;1;1;1;No;Business Intelligence Analyst
8;1;7;3;8;3;9;0;0;2;4;3;8;1;1;7;1;3;0;1;No;IT Project Manager
0;2;6;5;0;7;1;9;4;7;0;0;2;7;1;4;7;9;2;8;No;Software Tester
9;1;7;7;5;8;9;9;8;4;9;1;7;5;8;3;8;6;9;7;Yes;Blockchain Developer
3;7;7;2;4;3;0;1;9;4;8;4;8;2;9;4;7;7;6;1;No;IT Consultant
9;1;2;7;5;5;7;0;8;5;3;5;0;7;3;5;7;4;7;9;Yes;Systems Analyst
5;2;8;1;6;1;7;7;8;1;0;4;2;4;8;3;3;7;7;3;No;Software Tester
4;9;7;1;0;6;8;5;1;6;3;9;5;2;3;4;7;2;9;3;No;Computer Programmer
9;5;0;6;2;2;1;3;3;7;4;3;1;8;5;9;8;1;3;6;Yes;Machine Learning Engineer
9;3;5;0;9;5;8;8;6;2;9;6;3;6;6;9;1;2;7;7;Yes;Cybersecurity Analyst
1;3;6;9;4;7;3;3;4;8;5;7;3;9;6;1;3;8;1;4;No;Network Administrator
7;9;6;1;5;2;1;4;6;1;9;5;0;5;1;7;0;0;7;8;Yes;Business Intelligence Analyst
8;2;7;1;1;9;3;3;2;4;3;1;5;4;6;9;7;5;3;3;Yes;Network Engineer
1;9;8;3;2;3;2;4;2;1;6;0;2;9;0;2;2;4;9;0;Yes;Software Engineer
3;7;4;5;6;1;2;7;4;6;1;1;2;5;4;3;9;4;7;6;No;Computer Science Teacher
8;2;4;7;9;9;2;3;5;8;7;9;8;3;0;5;2;5;1;0;No;Computer Network Architect
8;8;7;2;9;6;1;7;9;5;4;2;9;7;4;6;3;1;6;3;No;IT Sales Professional
0;4;3;7;1;8;1;7;4;5;9;7;9;5;3;3;1;7;3;4;No;Software Developer
7;6;6;9;0;1;8;5;6;3;8;7;8;5;7;8;0;3;3;6;No;Software Tester
7;7;3;6;0;2;1;5;9;3;4;6;3;3;1;4;1;4;8;5;No;Technical Support Engineer
7;6;3;3;8;6;1;7;0;9;7;0;9;5;0;2;0;2;4;8;Yes;Software Engineer
2;9;9;6;5;0;3;9;6;3;9;6;5;9;7;7;4;4;6;7;No;Digital Marketing Specialist
5;4;8;3;5;3;5;3;2;3;2;2;8;3;6;0;2;1;2;7;Yes;Embedded Systems Engineer
2;6;5;7;3;4;0;4;3;0;0;8;8;7;5;5;2;6;4;9;Yes;Back End Developer
2;1;7;5;2;7;4;5;3;7;5;1;2;6;2;4;7;0;3;7;Yes;Web Developer
7;2;0;5;5;4;6;7;3;5;1;4;6;3;2;1;8;1;7;5;No;IT Sales Professional
5;7;6;8;5;6;6;7;6;5;0;5;4;0;0;3;1;9;7;3;Yes;Database Administrator
1;2;7;4;8;6;9;9;2;6;3;9;1;5;6;7;3;6;9;7;No;Research Scientist
1;5;5;0;3;2;0;9;9;0;5;8;9;2;5;0;1;8;6;5;No;Computer and Information Systems Manager
4;5;5;3;9;8;0;9;0;6;9;9;2;5;1;6;5;2;7;4;Yes;Technical Writer
0;4;3;4;4;6;3;3;9;1;1;4;2;7;6;6;9;1;4;6;No;Research Scientist
4;9;3;4;3;8;0;2;0;8;4;9;3;9;5;3;6;4;1;8;Yes;Cloud Architect
8;3;1;9;5;5;1;4;7;8;0;5;8;6;8;8;7;3;9;3;No;Artificial Intelligence Engineer
9;5;4;3;3;9;2;6;4;9;3;9;3;7;1;9;5;1;1;8;No;Game Developer
5;2;6;3;2;8;0;1;4;0;9;9;6;8;8;9;2;6;9;8;Yes;Computer Network Architect
4;1;6;1;7;3;2;4;5;3;6;0;3;7;0;7;3;5;2;2;Yes;Web Developer
4;2;3;5;4;8;0;1;2;2;8;1;4;4;5;2;0;3;1;9;No;Mobile App Developer
1;3;4;4;0;3;1;5;5;1;5;0;5;1;8;8;6;4;2;6;Yes;IT Support Specialist
7;9;1;9;2;9;9;4;3;8;3;8;7;5;6;5;1;9;5;8;No;UI/UX Designer
6;0;2;8;5;0;0;6;9;8;7;6;1;8;1;0;8;8;5;0;No;Machine Learning Engineer
8;3;3;2;3;1;3;6;9;9;1;9;9;2;3;3;7;2;9;1;Yes;Computer Network Architect
8;2;9;0;6;8;4;5;1;2;0;4;0;9;6;5;9;1;9;9;No;Research Scientist
0;3;6;3;8;2;7;8;1;6;8;2;4;1;5;3;3;8;5;6;No;Back End Developer
7;9;8;2;2;8;9;7;6;6;5;2;8;8;0;8;3;0;7;2;No;Computer Network Architect
9;0;6;3;1;4;9;5;8;5;9;6;3;1;6;4;2;0;2;5;No;Research Scientist
2;0;9;9;2;8;8;0;5;0;8;7;6;5;4;9;0;9;3;9;Yes;Computer and Information Systems Manager
1;5;1;2;8;8;5;1;8;9;0;8;2;6;5;9;6;4;1;7;Yes;Database Administrator
6;8;3;8;6;0;5;2;1;3;3;2;8;4;1;3;7;8;2;9;Yes;IT Consultant
6;8;0;9;8;6;0;9;5;8;6;5;4;4;9;7;6;1;3;8;No;IT Support Specialist
0;7;0;3;6;3;1;9;9;0;7;4;4;9;6;4;3;4;4;7;Yes;Back End Developer
9;4;5;2;8;2;5;6;5;5;9;9;6;8;3;4;5;2;2;1;Yes;IT Sales Professional
7;4;4;4;7;7;4;9;6;6;7;7;2;3;4;5;8;4;6;2;No;IT Consultant
7;7;5;0;0;7;0;5;8;9;9;1;0;4;7;3;6;8;6;4;Yes;Business Intelligence Analyst
3;4;4;8;7;8;0;4;4;2;2;9;4;5;9;5;2;3;2;1;Yes;Front End Developer
3;3;8;5;6;9;7;2;7;8;9;0;1;4;3;5;8;5;1;4;No;DevOps Engineer
7;1;7;0;7;2;1;3;0;9;4;0;4;3;6;1;1;6;5;0;Yes;Technical Support Engineer
3;6;1;5;4;9;3;1;1;4;8;7;2;8;5;4;3;5;4;6;No;DevOps Engineer
3;8;5;2;0;2;8;5;3;9;5;8;4;9;7;0;1;4;2;9;No;Research Scientist
5;5;1;9;5;7;6;2;1;4;1;1;3;9;0;3;6;3;6;8;No;Research Scientist
9;0;4;2;0;3;1;5;6;9;4;1;9;2;4;4;3;7;6;3;Yes;Computer and Information Research Scientist
6;4;0;3;3;5;7;1;0;5;3;2;3;7;0;0;4;2;1;5;No;Embedded Systems Engineer
8;4;3;0;6;7;4;6;6;4;5;1;7;1;6;3;8;0;0;8;No;Computer Programmer
8;1;3;3;9;0;8;0;4;2;9;7;8;0;0;3;3;5;3;2;Yes;UI/UX Designer
3;9;6;3;6;8;7;7;4;1;1;4;5;4;8;9;1;6;0;2;Yes;Computer Science Teacher
5;3;9;1;8;6;1;5;0;4;8;9;1;7;3;3;7;2;0;7;No;Computer Science Teacher
7;3;5;1;8;3;3;7;8;8;2;3;0;1;1;5;1;0;1;9;No;Cloud Architect
7;4;7;8;5;8;1;0;5;8;9;2;9;7;3;6;5;5;5;2;No;Computer Systems Manager
2;3;3;2;2;4;0;4;8;1;7;3;8;7;6;7;7;6;9;3;Yes;IT Project Manager
1;4;5;9;0;9;9;0;8;0;9;0;4;6;3;6;5;0;8;8;No;IT Consultant
8;3;6;2;3;0;7;9;9;4;4;3;2;7;7;8;3;1;5;3;Yes;Computer Network Architect
2;0;6;4;8;3;8;7;6;6;4;6;5;2;0;8;8;4;0;9;Yes;Computer Systems Analyst
3;1;8;4;3;3;7;6;3;0;9;2;0;0;8;8;6;9;1;3;Yes;Network Engineer
2;3;5;3;5;4;8;5;1;5;9;1;5;1;1;4;5;1;5;8;Yes;Database Administrator
6;4;4;8;7;1;6;8;8;3;7;9;1;4;2;8;9;2;0;8;No;Cloud Architect
5;8;5;1;6;5;0;0;4;4;5;6;5;6;0;7;6;5;9;9;Yes;IT Project Manager
9;4;3;2;7;2;3;5;5;5;2;4;6;8;5;2;5;6;7;3;Yes;Data Scientist
8;5;1;7;8;6;0;4;1;3;1;5;3;3;0;4;7;6;7;3;Yes;Computer and Information Research Scientist
9;9;6;0;1;1;9;6;7;6;8;7;3;5;6;0;2;6;4;2;Yes;Research Scientist
9;3;7;8;9;7;7;9;1;8;3;8;9;7;2;3;9;2;2;9;No;Cybersecurity Analyst
3;9;6;8;4;7;4;0;9;7;4;9;6;8;3;0;4;5;4;1;No;Technical Writer
6;8;1;1;5;3;9;9;4;9;1;1;1;2;2;3;1;5;8;6;No;Computer Science Teacher
8;1;5;9;0;4;5;7;9;2;6;4;8;5;8;7;4;6;4;8;No;DevOps Engineer
3;5;3;5;9;6;6;8;0;7;6;8;9;4;1;3;1;1;3;0;No;Software Tester
5;4;2;1;2;5;1;4;0;5;9;6;0;2;1;9;8;0;3;2;No;Network Administrator
0;8;9;6;0;7;8;6;1;4;7;6;0;8;6;1;6;3;5;0;No;Data Scientist
7;6;5;1;0;8;4;8;0;5;0;8;6;1;9;2;2;1;5;4;No;Technical Support Engineer
2;8;6;3;3;7;7;7;7;3;1;1;2;2;2;8;0;0;5;5;No;Software Engineer
4;7;1;6;5;6;3;0;8;4;5;4;3;3;5;6;5;3;8;1;Yes;Systems Analyst
0;7;5;8;4;2;7;9;4;9;8;6;3;5;0;4;4;8;8;0;Yes;Data Scientist
2;6;9;8;0;4;6;1;3;7;6;1;1;1;3;4;2;6;5;7;Yes;Systems Analyst
2;8;9;7;6;5;1;6;0;8;0;2;6;4;4;7;7;3;8;9;No;Network Engineer
1;3;1;3;4;7;1;1;5;7;8;0;5;9;6;2;7;7;6;6;No;Embedded Systems Engineer
7;0;4;7;7;1;7;7;0;2;3;9;9;0;6;9;8;0;6;0;No;Computer Systems Analyst
7;3;5;0;7;2;1;7;1;5;1;3;8;5;5;3;0;6;5;9;No;Digital Marketing Specialist
0;3;5;8;4;2;3;1;2;6;9;7;8;1;8;4;2;0;3;0;No;Machine Learning Engineer
1;6;6;1;8;7;5;1;2;0;5;5;8;7;1;2;3;4;9;3;Yes;IT Sales Professional
2;7;0;2;5;1;5;0;1;0;2;2;9;6;0;6;4;5;2;3;Yes;Computer and Information Systems Manager
8;9;7;3;2;5;3;4;7;2;2;1;4;7;6;9;2;8;4;3;Yes;Machine Learning Engineer
5;9;4;3;2;4;6;2;9;5;2;6;9;4;9;5;6;1;2;8;No;IT Consultant
2;3;0;8;8;3;2;1;1;0;6;1;3;5;4;6;8;2;4;6;No;Software Developer
9;9;3;0;9;5;7;5;3;0;4;5;4;9;0;4;4;8;4;7;No;Data Scientist
4;8;1;4;3;0;9;9;7;8;7;5;9;7;7;3;4;7;1;8;No;Artificial Intelligence Engineer
1;0;0;8;5;2;8;5;4;3;0;1;6;3;1;4;6;1;0;1;No;Computer Systems Manager
8;3;4;9;4;7;4;5;5;2;7;8;8;0;3;6;7;2;1;4;No;Database Administrator
5;8;2;4;4;0;9;3;2;5;7;0;8;5;0;0;6;6;0;7;Yes;Business Intelligence Analyst
9;8;3;6;0;8;6;2;7;3;5;8;2;0;3;4;3;4;0;3;Yes;DevOps Engineer
0;2;6;2;9;8;5;9;2;4;5;0;4;0;4;5;1;7;4;4;No;Computer Systems Analyst
2;5;9;9;0;3;2;7;6;9;1;2;4;3;7;2;9;7;1;5;No;Software Engineer
2;9;1;3;0;6;0;6;0;0;2;4;7;6;7;9;8;7;6;1;Yes;Embedded Systems Engineer
7;5;0;9;1;8;9;7;2;9;4;2;9;1;1;7;9;2;5;0;No;Business Intelligence Analyst
7;7;3;8;6;0;1;9;4;5;1;6;7;1;5;0;7;8;9;0;Yes;Software Engineer
8;1;6;7;4;1;5;4;5;8;6;4;0;1;4;8;5;3;3;4;No;Computer Systems Analyst
1;4;9;0;3;2;8;9;3;7;1;4;3;5;3;7;9;4;6;8;No;Database Administrator
8;7;9;3;3;3;6;9;7;8;8;3;2;5;0;3;3;3;8;1;No;IT Support Specialist
7;6;1;8;0;6;1;7;0;2;4;4;3;7;6;2;3;2;0;6;Yes;Quality Assurance Engineer
8;3;1;6;7;0;6;5;4;4;4;1;1;5;1;3;3;2;6;1;No;Network Engineer
6;1;8;9;7;3;2;0;8;2;1;7;3;3;7;9;1;6;8;7;No;Machine Learning Engineer
2;8;8;6;1;3;6;3;1;8;8;0;3;3;5;9;6;9;2;7;Yes;Embedded Systems Engineer
2;4;6;5;7;4;9;8;8;2;3;6;2;8;9;8;5;2;8;4;Yes;Full Stack Developer
5;8;2;5;1;4;4;8;7;1;1;9;0;6;2;5;3;0;3;0;Yes;IT Support Specialist
0;9;3;0;2;7;3;3;0;6;8;0;3;0;0;1;3;3;7;3;No;Front End Developer
5;5;0;8;8;0;5;7;5;6;1;6;8;0;1;7;8;4;1;8;No;Software Developer
4;6;5;8;3;2;2;0;9;7;1;7;5;8;2;2;5;8;4;4;Yes;Computer Systems Analyst
0;4;3;2;1;1;1;8;4;4;6;8;4;1;8;6;6;1;3;5;No;Mobile App Developer
2;5;5;5;7;8;2;1;9;6;3;1;1;3;6;6;9;3;3;7;Yes;Mobile App Developer
6;8;3;1;9;1;7;3;6;8;1;2;2;5;9;7;5;1;8;3;Yes;Machine Learning Engineer
8;2;8;6;3;5;3;5;6;5;0;3;7;8;7;7;8;1;3;0;No;Technical Writer
4;7;4;3;8;0;2;6;6;7;7;5;2;4;2;1;8;1;4;1;Yes;Computer Hardware Engineer
7;4;0;9;5;5;8;6;6;7;4;5;5;6;5;0;2;4;9;5;Yes;Cloud Architect
2;6;4;0;4;9;1;4;3;2;1;3;0;6;9;3;8;2;7;2;Yes;Data Scientist
8;2;1;3;2;3;5;4;4;0;1;4;7;9;2;8;8;2;4;1;No;Blockchain Developer
0;8;1;1;3;7;6;0;9;9;2;1;3;5;8;4;0;5;1;0;No;Network Administrator
6;5;1;9;1;5;3;1;0;4;1;2;0;1;1;0;5;4;9;5;No;Web Developer
2;3;8;3;6;0;9;4;3;6;3;2;4;7;4;5;8;2;9;9;No;Software Developer
1;1;0;5;4;7;0;2;9;5;9;5;3;3;7;9;0;7;9;9;Yes;UI/UX Designer
0;7;6;0;1;0;1;0;5;5;1;6;5;4;5;2;2;4;0;2;No;Data Scientist
3;5;5;9;7;5;6;5;6;8;1;3;2;0;2;5;4;0;7;2;No;Computer and Information Systems Manager
5;7;3;0;1;1;7;9;0;7;2;1;9;1;1;8;4;6;3;7;No;Technical Writer
9;9;0;1;2;9;4;9;4;6;2;8;9;0;4;2;2;9;3;8;Yes;Digital Marketing Specialist
6;0;0;7;6;1;0;0;2;9;1;7;3;2;1;2;1;0;3;2;Yes;Web Developer
6;7;5;1;7;2;4;1;8;5;3;7;6;9;6;0;5;8;9;0;Yes;Computer Network Architect
6;4;4;3;8;6;5;2;6;0;7;3;5;7;4;6;9;3;3;7;Yes;Technical Writer
9;1;0;6;6;7;9;1;6;1;5;4;3;3;2;6;0;7;3;9;No;Computer and Information Research Scientist
3;0;1;8;9;2;0;1;3;4;2;5;3;1;1;1;9;1;6;9;Yes;IT Sales Professional
1;0;6;0;8;6;0;7;6;1;0;2;1;6;1;5;1;2;7;6;Yes;Technical Writer
6;6;6;1;8;3;5;9;1;3;9;9;1;8;8;7;9;9;9;6;Yes;Computer Programmer
7;6;7;2;4;9;8;4;5;6;0;4;9;4;6;0;9;4;8;4;No;Front End Developer
0;0;3;0;1;6;7;5;7;1;3;7;1;3;3;6;4;7;2;4;No;Computer Hardware Engineer
9;0;4;6;3;2;6;7;9;6;9;8;5;8;8;4;0;9;7;3;Yes;Computer and Information Research Scientist
1;8;9;2;2;6;9;4;0;1;6;1;9;7;9;9;9;5;3;4;Yes;Digital Marketing Specialist
5;3;9;0;3;4;6;0;7;4;4;6;9;3;6;1;5;8;6;7;Yes;Systems Analyst
2;8;8;1;1;7;6;5;1;6;4;0;0;3;2;8;9;7;9;7;Yes;Computer and Information Research Scientist
1;7;1;9;0;5;2;7;0;9;0;5;1;5;1;9;9;1;1;8;Yes;IT Sales Professional
7;8;6;7;9;7;4;1;3;0;2;3;4;6;4;4;7;0;6;7;No;Computer Hardware Engineer
6;3;1;5;5;6;0;7;2;2;3;6;9;2;3;9;5;3;1;6;No;Front End Developer
9;3;0;0;8;2;3;8;1;1;9;2;3;9;0;6;0;4;6;1;Yes;Mobile App Developer
6;3;3;5;1;0;0;6;3;1;6;3;8;1;2;4;4;6;3;6;Yes;Cloud Architect
0;9;8;8;0;0;9;0;3;7;8;1;5;5;4;5;3;8;9;4;Yes;Full Stack Developer
5;4;2;3;3;6;1;3;1;7;6;7;3;8;4;1;5;5;8;1;No;IT Sales Professional
7;2;0;7;5;2;1;1;3;2;7;2;6;0;8;2;0;0;0;0;Yes;Systems Analyst
8;6;2;9;5;1;1;5;7;9;9;6;8;5;1;5;4;0;1;4;No;Data Scientist
0;8;4;3;7;6;6;0;5;9;9;6;3;2;9;0;7;7;8;7;Yes;Front End Developer
2;4;9;6;1;9;1;8;0;2;0;9;0;2;1;8;6;6;8;7;Yes;Computer Science Teacher
6;3;1;2;4;1;8;3;7;4;2;2;1;6;4;1;2;7;5;1;No;Network Administrator
2;5;8;8;6;7;5;3;6;7;0;7;4;6;1;2;7;9;1;1;No;Research Scientist
5;9;9;8;5;7;1;0;6;6;0;2;2;8;8;8;7;2;0;3;Yes;Computer Programmer
3;3;8;0;3;8;7;8;0;3;1;7;9;8;3;7;7;2;6;6;No;Quality Assurance Engineer
4;4;1;1;3;7;3;8;3;8;5;9;0;6;9;9;1;9;1;8;Yes;Digital Marketing Specialist
6;7;0;6;4;2;3;6;3;0;0;9;1;8;8;9;6;6;9;8;No;Computer Systems Manager
7;9;3;6;7;1;5;3;7;1;2;4;0;8;5;1;6;2;1;5;Yes;IT Project Manager
6;7;5;3;3;7;5;4;5;6;1;3;4;7;4;3;4;3;3;3;Yes;UI/UX Designer
2;6;9;2;7;9;3;9;0;1;8;3;1;6;5;2;3;2;8;2;Yes;Web Developer
8;6;8;1;2;7;4;6;7;7;5;1;3;8;9;7;4;7;5;2;Yes;Data Scientist
8;2;9;8;7;8;1;8;0;1;1;8;2;0;8;6;2;2;1;0;Yes;Technical Support Engineer
9;1;0;5;9;4;0;5;0;0;0;2;2;0;6;6;4;6;8;5;No;Database Administrator
3;5;2;1;2;3;8;3;1;7;8;5;0;0;7;3;4;5;8;9;Yes;Software Tester
3;1;6;9;8;3;9;2;2;5;5;0;5;5;9;5;8;7;0;7;No;Computer Systems Manager
5;6;5;9;2;1;5;1;0;9;2;6;4;7;0;7;2;7;8;5;Yes;Artificial Intelligence Engineer
5;9;4;2;5;9;6;3;4;0;4;6;4;4;7;2;9;5;0;0;No;Cloud Architect
1;6;7;3;4;0;2;0;0;3;7;9;3;9;3;1;4;7;8;5;Yes;Network Engineer
3;4;1;8;7;1;9;1;5;8;7;4;4;8;6;3;6;2;8;6;No;Embedded Systems Engineer
6;9;2;4;6;4;0;3;5;2;1;0;4;0;0;3;5;2;6;4;No;Technical Support Engineer
4;8;6;9;4;0;3;8;2;7;5;0;9;4;6;6;6;0;6;6;Yes;Business Intelligence Analyst
6;4;6;2;4;3;8;5;4;7;1;8;6;1;0;8;3;1;2;7;Yes;Computer and Information Systems Manager
1;3;1;8;5;3;4;8;1;0;0;2;0;6;0;4;1;6;7;5;No;Technical Writer
2;7;7;0;7;6;0;7;7;6;9;6;7;6;8;4;5;7;0;0;No;Software Developer
1;3;4;4;2;7;0;8;8;0;0;3;4;6;9;6;3;2;2;6;Yes;Computer and Information Research Scientist
6;6;2;9;4;7;9;9;2;7;4;3;9;4;2;1;1;7;6;3;Yes;Mobile App Developer
4;1;1;6;3;3;8;4;1;5;6;2;4;4;5;7;4;7;3;2;Yes;Software Tester
5;4;8;5;7;2;4;9;4;7;3;6;1;7;6;7;1;9;1;1;No;Game Developer
8;0;3;2;1;6;4;6;9;8;9;3;8;6;8;9;4;4;3;0;No;Research Scientist
9;1;4;0;9;4;3;3;0;3;3;0;1;8;3;4;3;3;0;8;No;Systems Analyst
1;2;7;8;5;8;1;0;2;7;1;6;8;2;0;2;4;7;8;9;Yes;Back End Developer
7;1;8;1;2;4;3;4;6;3;1;4;5;1;3;2;8;2;7;2;Yes;Cloud Architect
4;9;2;6;3;4;7;7;5;5;5;4;6;8;7;8;1;5;6;6;No;Computer Systems Analyst
4;5;4;5;8;3;3;6;4;4;3;0;9;5;3;1;0;7;3;0;No;Back End Developer
7;4;0;2;7;5;0;2;6;4;1;8;9;6;1;4;7;7;6;7;No;DevOps Engineer
5;5;8;6;1;7;0;8;1;4;5;6;4;9;9;1;9;3;1;2;Yes;Computer and Information Research Scientist
6;5;6;2;8;6;3;3;6;8;8;8;2;5;0;3;5;2;8;0;No;Computer and Information Systems Manager
8;6;8;6;7;0;7;5;9;3;4;7;7;2;2;7;3;1;8;9;Yes;Network Engineer
9;2;7;9;9;5;5;1;7;2;7;5;0;8;2;4;5;6;7;3;Yes;Back End Developer
2;7;5;5;7;6;5;7;9;3;4;2;9;7;6;9;2;0;9;6;Yes;Computer Network Architect
3;1;7;5;3;5;8;5;2;6;1;6;1;6;9;8;8;6;1;7;Yes;Computer and Information Systems Manager
5;1;3;9;1;0;8;1;9;4;2;9;7;4;9;9;4;7;3;5;No;Network Engineer
3;5;6;6;5;6;9;7;4;6;2;0;9;5;6;1;7;0;6;6;No;Cybersecurity Analyst
3;5;9;9;9;6;5;8;4;4;8;8;3;2;7;8;3;7;4;9;No;Game Developer
5;5;2;1;3;9;1;6;3;7;0;4;6;9;6;9;0;3;6;8;No;Cloud Architect
8;6;4;6;0;9;6;2;8;7;6;1;5;8;2;0;4;6;2;7;No;Blockchain Developer
9;2;0;5;3;0;3;2;5;3;7;5;4;0;4;2;1;9;6;0;Yes;Software Developer
6;5;2;6;0;5;5;0;1;9;6;3;2;9;3;9;0;7;7;9;No;Systems Analyst
8;3;4;3;5;9;6;3;3;4;1;4;1;4;1;8;4;3;9;5;Yes;Network Engineer
0;6;6;7;9;8;8;9;9;9;6;9;5;9;0;4;1;5;5;3;Yes;Systems Analyst
4;9;5;5;3;0;7;1;6;3;0;6;5;0;7;1;2;0;5;3;No;Front End Developer
4;5;8;6;9;9;0;9;3;4;3;7;2;3;8;7;0;4;2;3;Yes;IT Support Specialist
9;1;3;5;7;4;3;6;1;9;7;3;6;2;3;1;2;3;5;4;Yes;Computer Systems Manager
0;9;9;0;1;2;2;0;2;3;4;7;1;3;4;2;6;2;1;9;Yes;Business Intelligence Analyst
5;8;7;5;2;0;4;4;3;2;4;6;3;8;9;5;6;6;5;5;No;Front End Developer
7;5;2;7;8;1;7;0;8;7;7;7;5;6;0;5;8;3;9;9;Yes;Artificial Intelligence Engineer
0;5;0;5;9;4;8;2;6;5;3;3;7;4;0;5;5;3;0;8;Yes;IT Consultant
2;0;7;7;5;7;8;0;4;1;1;5;0;7;0;9;2;9;7;3;No;Blockchain Developer
2;2;5;3;9;7;2;3;8;7;0;4;2;4;9;8;1;8;9;8;No;Back End Developer
3;1;0;5;9;6;8;4;6;0;5;3;8;6;1;9;0;2;4;1;No;DevOps Engineer
8;2;3;9;6;2;0;6;7;7;6;6;3;4;2;6;5;8;7;3;Yes;Full Stack Developer
2;9;9;1;2;0;6;4;0;4;0;7;9;7;8;1;5;4;5;1;No;Systems Analyst
0;7;2;8;0;0;4;3;5;0;0;3;4;3;5;4;0;5;8;5;Yes;Technical Support Engineer
6;1;6;6;9;0;9;1;0;2;0;1;9;7;8;0;1;8;0;8;Yes;Blockchain Developer
7;9;4;7;1;3;8;8;8;0;6;3;0;6;6;6;8;5;0;3;Yes;IT Sales Professional
5;8;1;3;5;2;1;7;8;8;7;9;6;7;1;3;5;8;9;2;Yes;Cybersecurity Analyst
2;3;0;3;6;9;3;6;1;3;4;3;4;7;1;8;1;2;0;9;No;Computer Hardware Engineer
4;2;0;2;5;4;7;3;0;1;4;6;0;9;7;2;9;8;7;6;Yes;Computer Science Teacher
2;1;8;3;9;0;9;1;6;0;4;6;3;3;4;2;9;6;4;2;Yes;Quality Assurance Engineer
5;7;5;6;1;6;3;6;1;2;3;6;2;0;9;3;4;6;4;4;Yes;IT Consultant
8;2;3;5;7;1;1;6;9;4;3;8;3;3;5;2;8;9;5;6;Yes;Mobile App Developer
6;7;2;1;6;3;9;9;5;7;4;6;9;0;3;4;6;2;2;4;Yes;Back End Developer
9;2;2;4;4;6;3;6;0;0;8;9;2;5;8;5;1;7;6;1;Yes;Game Developer
0;3;9;1;5;4;2;3;5;1;9;2;2;3;4;8;1;4;9;3;No;Computer Systems Analyst
1;8;5;9;5;0;6;4;4;1;7;6;6;5;3;9;1;3;3;1;Yes;Web Developer
2;2;4;1;8;2;7;0;6;5;1;3;2;2;6;3;1;0;1;6;Yes;Full Stack Developer
5;5;9;7;9;4;1;7;7;4;0;9;3;9;9;0;5;3;9;9;No;Data Scientist
3;5;3;9;9;1;0;5;5;9;2;8;3;3;8;6;6;4;2;7;Yes;Front End Developer
5;9;0;7;7;5;4;6;6;1;7;1;0;9;3;8;1;5;0;3;Yes;Technical Support Engineer
6;6;9;7;9;9;4;1;4;8;9;5;4;2;3;2;7;3;1;4;Yes;Computer Hardware Engineer
2;8;2;3;8;2;6;2;6;9;3;4;9;9;1;6;6;8;9;8;No;Database Administrator
3;9;3;4;0;2;2;5;0;9;1;1;8;5;1;4;6;8;7;8;No;Computer and Information Systems Manager
1;1;5;7;9;5;4;3;8;2;3;8;1;8;4;6;3;6;7;8;Yes;Quality Assurance Engineer
5;5;2;8;0;8;0;3;4;0;0;8;3;0;0;9;9;8;7;4;No;IT Sales Professional
6;1;1;2;6;0;9;0;8;9;6;6;4;9;6;7;8;9;4;7;No;Blockchain Developer
4;0;8;2;5;0;2;4;8;7;6;0;7;0;2;6;1;9;9;6;No;Software Developer
4;4;1;2;4;5;4;9;5;0;1;3;0;2;6;7;8;4;0;4;No;IT Sales Professional
2;0;7;3;3;2;8;0;8;1;8;0;9;9;5;1;3;3;9;3;No;DevOps Engineer
2;5;5;9;3;7;3;0;5;6;4;4;6;1;2;0;9;5;2;9;No;Computer and Information Systems Manager
9;8;3;1;8;7;1;9;7;5;7;4;6;2;6;0;4;6;1;6;Yes;IT Consultant
5;6;5;4;1;0;5;7;0;6;9;3;2;9;5;5;8;5;2;6;Yes;IT Sales Professional
7;9;8;9;2;2;9;6;2;8;0;6;9;4;6;0;0;5;8;9;Yes;DevOps Engineer
9;6;4;1;1;1;9;8;8;7;9;4;7;4;1;3;3;7;2;0;Yes;Artificial Intelligence Engineer
8;9;0;1;7;9;0;0;3;5;0;4;2;9;5;5;0;1;8;3;No;Database Administrator
9;4;7;5;9;8;8;3;8;5;8;9;5;6;2;8;3;9;3;8;No;Data Scientist
7;5;5;4;4;2;7;1;5;3;5;4;7;6;6;2;8;4;7;2;No;Embedded Systems Engineer
1;4;8;9;2;9;0;7;8;3;2;2;1;2;7;4;4;5;2;5;Yes;Computer and Information Research Scientist
6;3;4;3;2;9;2;3;9;6;9;7;6;2;6;7;4;0;8;5;Yes;Data Scientist
8;9;4;9;5;5;2;9;8;5;4;2;2;9;8;9;1;6;5;7;No;Systems Analyst
4;6;4;1;4;5;6;0;6;8;8;0;2;8;1;1;7;8;0;3;Yes;Web Developer
4;9;4;8;1;8;8;8;2;4;4;2;0;9;9;9;2;4;2;8;Yes;Computer Systems Analyst
7;3;7;1;5;2;2;0;6;9;4;1;4;0;3;3;4;0;0;5;Yes;Network Engineer
9;4;0;9;7;9;3;8;4;1;4;9;1;0;0;0;9;1;0;7;Yes;Systems Analyst
5;4;7;2;1;9;3;2;1;4;0;8;7;6;5;7;9;7;8;0;Yes;Software Developer
3;8;2;3;1;1;7;5;9;0;2;3;7;1;5;6;2;6;2;6;Yes;IT Support Specialist
4;2;2;1;9;3;3;3;3;6;1;0;1;5;4;2;0;1;3;9;Yes;Computer Systems Manager
2;9;5;4;7;8;9;7;2;5;8;7;2;2;5;0;0;1;9;1;No;Cloud Architect
2;1;0;4;2;9;1;1;9;4;3;4;3;9;9;8;3;2;6;9;No;Mobile App Developer
7;6;5;4;0;2;0;6;4;1;7;0;2;5;7;0;5;8;0;4;Yes;DevOps Engineer
0;7;6;8;9;3;2;2;5;3;3;0;7;7;1;2;1;4;7;5;Yes;Computer Systems Analyst
9;8;3;0;0;5;0;3;0;8;0;8;6;0;9;2;8;9;7;8;No;Blockchain Developer
2;1;7;5;4;3;8;0;5;8;0;3;3;5;5;1;0;4;3;9;No;DevOps Engineer
1;4;2;4;0;2;6;1;6;6;9;0;1;1;7;2;1;9;8;3;No;Full Stack Developer
3;1;0;3;1;9;0;0;4;0;0;2;4;0;2;2;2;6;1;0;Yes;IT Support Specialist
4;4;6;8;8;7;9;0;3;3;7;6;6;0;7;9;6;1;6;2;Yes;Computer Science Teacher
1;3;7;4;5;7;1;1;3;8;5;5;6;7;6;9;3;9;1;4;Yes;Computer and Information Systems Manager
2;1;7;2;6;1;7;3;1;0;8;8;3;0;4;5;8;7;0;7;No;Computer Science Teacher
2;0;6;8;5;9;1;1;9;2;8;9;2;3;3;6;8;3;9;8;Yes;Cloud Architect
5;8;6;7;6;1;6;8;3;4;0;7;6;2;4;9;5;5;4;4;No;Computer Science Teacher
5;9;7;3;0;0;2;4;4;1;8;2;8;8;2;3;5;1;8;3;No;Technical Support Engineer
6;9;1;1;4;4;7;7;0;5;7;3;2;7;1;4;6;4;4;4;No;Mobile App Developer
2;1;6;9;5;5;0;6;4;9;4;6;1;2;6;8;4;1;4;4;Yes;Network Engineer
2;0;4;0;1;6;4;5;2;8;6;1;3;5;1;2;2;7;9;6;No;Data Scientist
0;2;7;6;4;8;8;6;9;8;9;4;4;7;9;8;0;0;1;8;Yes;Computer and Information Research Scientist
1;8;7;4;5;5;7;9;3;8;7;1;0;5;2;3;7;9;3;8;No;Machine Learning Engineer
5;7;3;4;3;4;2;3;4;8;9;1;7;7;8;7;1;2;0;6;No;Software Tester
8;3;9;4;8;1;4;6;7;6;8;9;4;9;5;3;5;6;2;0;Yes;Systems Analyst
1;2;0;1;6;0;7;1;3;5;8;4;1;2;4;5;1;4;0;6;No;DevOps Engineer
4;3;8;1;1;4;6;0;3;9;0;2;0;4;2;8;0;0;0;6;No;Full Stack Developer
5;2;2;4;9;1;0;9;0;9;6;8;1;4;2;3;5;7;2;1;No;UI/UX Designer
1;2;5;3;4;5;0;1;4;9;9;8;5;5;2;1;3;5;8;5;No;UI/UX Designer
2;0;8;8;6;4;8;4;4;3;7;1;6;8;7;4;6;2;8;3;No;IT Support Specialist
2;2;1;0;2;0;4;4;7;0;7;8;8;6;1;4;7;6;9;3;No;UI/UX Designer
7;4;9;0;6;0;3;4;8;3;2;7;7;6;4;9;4;5;7;1;No;Technical Support Engineer
0;8;4;4;2;2;1;1;5;2;0;7;8;2;2;6;5;2;7;8;No;Technical Writer
7;3;8;4;5;3;8;9;6;1;5;9;0;9;5;6;1;2;4;1;No;IT Support Specialist
6;0;7;7;1;4;1;8;3;6;8;4;0;8;7;9;2;0;7;6;No;Computer Network Architect
4;8;1;5;3;4;0;9;6;3;6;4;3;2;3;7;3;5;4;4;Yes;Technical Support Engineer
2;4;4;5;9;0;5;9;4;2;8;0;5;0;0;0;3;5;0;3;Yes;DevOps Engineer
4;2;4;1;0;7;2;7;2;5;4;6;9;6;2;7;6;9;4;0;No;Artificial Intelligence Engineer
6;0;0;6;2;4;5;5;1;5;7;9;3;6;2;7;1;6;2;9;No;Network Engineer
1;5;5;9;3;9;4;0;3;9;4;1;4;3;0;2;2;7;9;7;Yes;Software Engineer
3;7;1;3;4;0;4;8;8;4;3;0;5;2;8;7;1;6;8;3;Yes;Artificial Intelligence Engineer
1;5;6;3;5;0;8;9;8;9;4;0;0;4;0;0;6;3;7;4;No;Back End Developer
2;7;4;6;7;4;9;5;3;8;0;1;9;0;7;3;6;7;4;4;No;Network Engineer
7;3;1;7;5;5;1;1;7;5;2;6;4;4;0;9;5;8;2;6;No;Software Engineer
8;3;1;5;8;4;9;6;8;8;9;3;0;9;6;3;0;5;7;0;No;IT Support Specialist
5;6;5;0;1;3;5;1;1;3;0;8;3;1;2;6;9;1;5;4;Yes;Software Tester
6;0;0;2;9;9;3;6;4;4;9;8;4;9;6;3;5;7;1;2;No;Research Scientist
9;8;5;9;8;7;5;2;6;9;6;3;7;2;5;9;3;3;9;7;Yes;Database Administrator
7;1;7;8;6;5;2;5;7;7;4;8;0;7;6;3;2;0;6;8;Yes;Blockchain Developer
2;9;5;7;1;1;0;1;8;6;9;7;4;9;2;0;4;8;5;7;Yes;Computer Systems Analyst
4;3;2;7;9;5;4;9;5;7;4;9;8;5;4;4;3;6;6;3;Yes;Computer and Information Systems Manager
9;5;8;4;0;4;0;6;4;6;1;0;6;7;1;5;5;0;8;5;Yes;Mobile App Developer
9;2;8;0;7;7;4;1;1;9;3;5;0;8;9;8;0;6;4;5;No;Computer Systems Analyst
1;6;9;8;1;6;9;0;0;5;8;3;1;2;2;0;0;5;2;2;No;Digital Marketing Specialist
1;7;9;9;2;1;5;1;7;8;3;0;9;7;8;0;4;4;6;7;No;Research Scientist
9;6;8;0;6;5;9;8;7;6;5;5;1;0;8;6;8;1;8;0;Yes;Web Developer
7;4;4;5;3;4;4;3;6;4;9;8;5;1;9;9;6;6;4;5;No;Machine Learning Engineer
5;2;3;8;5;6;5;3;8;5;3;6;3;0;9;9;2;9;4;4;Yes;Web Developer
2;2;8;2;1;1;7;1;0;1;5;9;2;9;4;9;1;4;3;0;Yes;Software Developer
3;5;7;7;1;3;7;4;8;0;3;0;0;4;4;5;1;8;1;5;Yes;Software Tester
3;9;1;1;1;3;6;5;3;0;9;9;0;4;6;9;4;9;1;9;Yes;Computer Network Architect
6;9;9;7;3;1;5;9;9;1;2;9;4;7;5;1;9;6;3;9;No;Computer Science Teacher
0;8;0;5;4;0;5;0;2;2;8;4;9;8;8;8;3;5;6;1;Yes;Digital Marketing Specialist
8;2;3;7;6;2;1;9;4;4;5;0;2;2;7;5;5;7;7;2;No;Business Intelligence Analyst
0;9;2;1;5;6;4;1;7;1;4;1;3;9;8;4;1;6;4;2;No;Back End Developer
0;8;5;8;0;1;6;9;6;4;6;2;8;4;1;3;3;0;0;2;No;Systems Analyst
4;6;3;5;5;8;3;2;4;2;4;2;3;2;8;6;0;1;8;8;Yes;Data Scientist
9;7;7;9;8;8;5;2;1;3;0;7;1;1;2;3;6;2;2;6;Yes;Network Administrator
1;7;5;9;3;8;2;9;9;1;2;4;5;2;5;2;5;6;3;7;No;Data Scientist
4;9;2;1;9;6;6;3;0;3;6;3;5;0;0;0;0;8;2;5;No;Software Engineer
2;1;5;1;4;2;1;6;7;7;6;7;5;3;6;5;8;1;4;1;No;Cybersecurity Analyst
1;5;7;4;9;7;9;0;8;8;6;2;1;8;6;8;6;8;0;2;No;Systems Analyst
6;8;2;4;7;6;3;7;8;5;7;8;7;6;2;0;0;2;5;5;No;IT Project Manager
0;1;0;5;9;0;8;1;5;6;6;8;9;5;6;4;6;0;4;4;Yes;Front End Developer
3;7;5;0;6;6;2;4;8;3;6;3;3;8;6;4;8;2;7;0;Yes;Computer Hardware Engineer
4;1;3;1;9;8;9;1;5;5;0;4;8;3;2;5;2;2;0;5;Yes;Data Scientist
1;0;1;6;1;3;0;6;7;9;0;2;2;7;1;4;1;9;1;3;No;Full Stack Developer
2;9;2;2;6;4;7;7;6;5;8;7;3;2;9;2;8;2;8;5;Yes;Computer Programmer
7;1;6;4;1;4;2;7;9;5;8;6;9;9;2;1;8;7;8;7;Yes;Business Intelligence Analyst
2;7;0;6;5;2;7;5;8;2;9;2;0;1;9;0;6;3;9;6;Yes;Computer Hardware Engineer
1;0;3;9;1;2;3;8;3;5;8;9;4;1;1;1;7;8;4;4;Yes;Database Administrator
8;7;9;1;5;4;0;4;1;5;8;0;4;1;7;4;5;5;3;6;Yes;Blockchain Developer
6;3;8;1;8;4;3;2;9;0;8;2;2;4;4;5;3;3;8;7;No;Software Tester
5;4;0;1;4;8;6;2;1;5;5;5;9;8;7;9;6;5;4;9;Yes;Database Administrator
9;4;6;9;5;1;0;3;8;3;1;5;1;7;4;9;6;1;3;6;No;Computer Science Teacher
2;8;9;1;2;2;7;6;1;5;6;5;6;1;7;6;2;8;1;7;No;Computer Programmer
3;8;3;6;2;9;1;3;5;5;4;1;3;8;9;6;4;3;0;7;No;Software Tester
2;4;1;3;7;3;9;3;2;0;5;0;5;3;2;9;8;6;6;4;Yes;Full Stack Developer
5;6;0;3;2;3;7;8;4;9;9;1;4;0;8;4;1;2;1;0;Yes;Database Administrator
7;8;0;4;9;2;5;0;1;0;5;5;6;8;2;8;5;0;1;0;No;Database Administrator
2;1;6;4;7;2;7;9;1;2;1;4;1;3;8;3;0;6;4;6;Yes;Front End Developer
8;1;1;7;1;8;9;3;9;0;0;6;1;4;6;9;7;3;9;0;Yes;Digital Marketing Specialist
7;7;5;3;3;5;3;8;0;3;9;5;0;2;2;4;1;4;4;4;No;Database Administrator
8;6;6;6;9;8;7;8;3;9;1;5;9;1;1;1;1;2;5;0;No;Data Scientist
4;7;6;9;0;3;6;4;6;3;3;1;8;7;2;1;1;4;0;4;No;Software Engineer
7;7;6;4;0;1;9;3;1;9;2;5;1;6;1;6;1;8;4;6;Yes;Computer Systems Analyst
1;8;7;5;9;7;2;7;4;1;4;1;7;9;4;7;8;2;9;9;No;Computer Programmer
2;4;5;1;3;8;7;9;5;5;9;2;3;8;7;8;6;5;1;9;No;Computer Network Architect
3;6;5;1;3;0;7;5;0;6;1;2;0;9;2;5;9;9;2;5;No;Web Developer
1;2;0;4;1;3;1;2;1;9;9;5;9;5;4;0;2;0;2;1;No;DevOps Engineer
9;1;6;9;9;5;5;3;5;7;0;0;0;9;9;4;4;2;0;7;Yes;Game Developer
4;5;3;7;7;7;0;3;1;2;4;7;2;0;5;6;7;1;4;8;No;Database Administrator
5;8;5;8;4;1;7;7;8;8;7;8;0;4;6;1;2;3;3;0;Yes;IT Project Manager
5;4;7;3;3;5;2;3;0;8;7;9;8;1;7;3;7;5;2;2;No;UI/UX Designer
6;4;0;9;1;3;0;8;2;2;9;1;4;2;6;5;0;3;0;5;No;IT Consultant
3;4;4;2;7;1;8;0;8;4;4;5;5;3;2;1;4;9;6;7;Yes;Blockchain Developer
3;6;2;3;6;4;0;8;6;7;3;8;3;7;3;0;1;4;6;5;Yes;Computer and Information Systems Manager
2;0;4;2;5;1;5;0;6;9;0;9;9;0;4;0;2;0;0;4;Yes;IT Support Specialist
9;8;1;4;9;8;8;7;1;2;6;1;9;8;7;5;5;6;3;8;Yes;Computer Systems Manager
4;9;2;2;9;3;8;8;5;8;3;8;1;5;5;9;6;8;9;4;No;Machine Learning Engineer
9;9;1;6;0;6;0;9;4;7;2;5;7;2;9;2;8;6;2;3;Yes;UI/UX Designer
1;2;5;4;1;0;1;6;7;6;8;0;6;5;4;2;9;4;4;7;No;Software Engineer
1;2;7;6;7;4;0;4;2;2;6;4;5;1;1;6;4;1;4;9;No;Computer Hardware Engineer
5;9;8;7;2;9;8;8;0;8;0;1;2;1;7;4;5;4;3;6;Yes;IT Sales Professional
2;0;2;6;9;7;7;3;4;6;4;8;1;1;9;0;4;9;3;1;No;Database Administrator
6;3;2;6;1;9;5;1;4;3;7;0;5;6;6;0;1;6;1;2;Yes;Data Scientist
8;5;2;6;3;5;2;7;7;8;1;6;8;6;2;1;8;5;2;8;Yes;IT Consultant
9;0;3;2;0;9;7;9;9;9;8;4;9;2;7;4;5;3;0;0;Yes;Software Tester
9;5;3;4;6;6;0;7;3;4;5;4;2;3;4;0;5;0;5;8;Yes;Software Engineer
3;7;6;4;2;5;8;0;9;3;1;9;9;7;6;3;5;7;9;8;Yes;Business Intelligence Analyst
2;9;7;2;0;8;2;2;0;5;2;0;8;1;2;4;9;1;6;9;No;Blockchain Developer
8;0;9;1;9;5;0;8;0;0;3;1;6;5;0;2;1;5;8;7;No;Embedded Systems Engineer
3;9;8;4;7;5;1;9;3;6;6;6;7;1;1;5;7;7;2;4;Yes;IT Project Manager
4;1;1;3;3;2;7;4;8;3;9;4;3;2;4;7;5;6;3;7;Yes;Cloud Architect
0;1;5;8;0;3;8;5;4;6;5;4;3;3;9;4;3;4;8;9;Yes;Technical Support Engineer
9;2;8;1;2;9;2;0;3;3;9;0;1;1;7;9;6;5;1;1;No;Network Administrator
8;8;4;1;0;6;9;2;3;9;9;3;2;8;5;9;0;2;4;6;Yes;Embedded Systems Engineer
7;7;2;4;1;5;1;8;5;6;6;2;5;8;4;3;5;8;4;1;Yes;Software Engineer
1;8;2;7;4;5;4;0;5;0;1;7;2;1;5;4;6;0;0;2;No;Research Scientist
6;9;4;0;8;0;8;3;5;5;1;4;6;7;4;3;5;0;0;1;Yes;Machine Learning Engineer
8;1;9;6;9;2;4;8;3;4;8;7;0;4;1;5;8;6;5;4;No;IT Consultant
5;4;2;4;3;1;6;2;2;4;8;9;7;8;6;0;8;1;9;6;No;IT Project Manager
6;9;7;1;9;1;1;9;9;2;4;8;6;7;9;6;4;3;8;3;No;Computer Programmer
9;2;0;3;9;1;4;9;3;5;0;7;2;5;9;5;6;6;2;5;No;Web Developer
0;5;3;5;6;6;2;6;4;1;1;6;6;8;3;3;9;4;6;5;Yes;Computer and Information Systems Manager
5;0;4;8;2;5;9;5;2;3;3;1;1;1;1;9;7;2;7;7;No;Data Scientist
2;5;5;3;3;9;1;9;9;5;2;3;2;9;5;7;8;1;6;7;Yes;Software Tester
7;5;2;8;3;4;3;0;0;3;7;3;6;2;8;9;9;0;0;0;No;Full Stack Developer
2;6;6;7;7;6;0;7;9;7;7;2;7;3;1;3;3;2;4;8;No;Cybersecurity Analyst
4;8;1;5;7;8;9;9;7;1;9;0;1;0;2;1;9;4;0;5;Yes;Network Administrator
8;7;1;7;6;1;0;2;0;3;2;7;6;0;8;7;0;3;3;1;Yes;Artificial Intelligence Engineer
5;7;4;2;8;0;3;0;3;3;9;3;1;8;7;7;8;5;6;1;Yes;Computer Programmer
3;2;7;7;4;3;7;0;8;4;9;6;8;0;5;6;0;9;2;0;No;Full Stack Developer
0;5;7;8;8;7;2;7;1;4;1;2;9;3;9;8;4;1;3;9;No;Technical Support Engineer
9;8;3;1;7;2;0;7;1;2;6;2;8;1;3;5;5;8;0;4;No;Quality Assurance Engineer
2;9;0;0;9;5;3;7;4;2;6;5;4;7;1;8;0;6;9;6;No;Network Administrator
4;4;7;1;8;4;1;8;5;5;6;2;2;2;3;4;1;8;6;8;Yes;Artificial Intelligence Engineer
7;4;4;8;9;4;9;0;0;8;2;5;5;2;3;2;5;3;9;4;Yes;Systems Analyst
8;5;5;3;5;3;1;1;1;2;3;0;9;2;6;3;2;0;5;9;No;Software Developer
9;6;7;9;2;0;9;2;8;1;1;9;8;0;5;0;6;9;0;0;Yes;Data Scientist
1;6;2;2;4;1;8;8;1;7;5;0;2;1;1;5;3;0;3;2;Yes;Machine Learning Engineer
6;9;9;6;3;9;7;6;5;4;2;7;4;7;0;7;4;7;7;3;Yes;Computer and Information Systems Manager
7;7;3;0;1;0;5;2;2;2;3;8;3;4;2;7;6;7;9;2;Yes;Computer and Information Research Scientist
2;7;9;9;9;3;4;0;1;7;2;9;0;8;2;5;7;6;4;0;Yes;Computer and Information Systems Manager
3;9;7;7;7;1;4;9;4;4;6;0;4;3;6;5;2;8;0;7;No;Game Developer
8;4;9;6;5;1;0;4;0;0;7;3;6;4;3;4;6;3;4;5;No;IT Support Specialist
3;8;2;3;4;2;6;4;9;5;4;0;0;7;4;8;6;1;5;6;No;Cybersecurity Analyst
3;7;3;6;0;6;8;3;6;8;6;1;3;7;1;0;0;3;1;3;No;IT Support Specialist
3;1;2;1;5;5;4;7;6;7;3;2;1;9;2;6;8;8;3;6;No;Game Developer
8;7;3;0;7;8;5;8;8;5;5;8;7;5;6;8;2;4;6;1;No;Computer Network Architect
8;8;8;1;6;0;9;8;0;5;9;9;1;5;5;7;2;5;4;5;No;Software Engineer
2;3;0;4;5;0;7;9;9;4;4;6;8;8;0;0;2;7;3;8;Yes;Back End Developer
7;4;8;2;9;7;0;6;4;9;2;9;8;0;2;5;3;6;2;7;No;Cybersecurity Analyst
2;3;4;4;7;9;7;4;9;4;1;9;1;5;0;0;7;8;2;6;No;Digital Marketing Specialist
7;1;7;8;2;8;9;7;3;9;5;5;7;8;4;3;5;9;9;2;Yes;DevOps Engineer
1;3;1;0;9;3;3;5;4;8;4;1;6;3;2;6;5;0;9;7;No;IT Consultant
3;2;0;8;3;1;0;5;2;1;4;6;2;9;1;6;8;1;4;5;No;Full Stack Developer
8;7;3;0;4;4;5;9;7;5;8;0;6;1;9;9;6;2;9;6;Yes;Research Scientist
1;4;6;0;5;5;4;6;0;7;9;3;4;8;1;7;3;6;7;8;Yes;Machine Learning Engineer
7;1;5;3;7;0;9;3;2;7;6;1;1;4;9;0;0;9;8;7;No;Web Developer
7;5;2;6;0;9;4;2;8;6;7;1;0;7;6;4;8;0;7;1;No;Systems Analyst
8;0;3;7;7;6;6;8;7;5;3;4;2;1;6;1;3;2;5;0;Yes;Front End Developer
2;5;9;7;1;8;0;6;8;4;3;5;3;3;3;3;0;1;0;5;Yes;Computer Systems Manager
3;0;0;7;7;4;4;8;8;2;4;6;3;4;6;8;5;8;1;8;No;Game Developer
5;0;1;3;5;8;0;2;6;9;9;0;3;2;9;5;8;8;7;6;Yes;Research Scientist
9;4;3;7;1;0;2;5;3;7;1;8;0;3;2;7;3;6;6;7;Yes;Network Engineer
6;1;5;7;9;7;1;4;0;6;1;6;4;7;0;2;2;2;9;2;No;Technical Writer
4;5;3;5;8;3;5;2;6;7;3;4;3;4;0;9;6;9;3;3;Yes;Data Scientist
5;7;7;6;2;8;1;0;2;1;4;5;5;1;9;8;8;0;5;1;No;Data Scientist
5;8;8;6;7;0;4;4;0;3;0;7;4;0;2;4;9;8;2;7;Yes;Technical Support Engineer
0;9;7;5;8;3;7;7;8;7;0;0;9;1;2;3;1;1;3;0;No;Computer Network Architect
1;9;9;2;7;3;9;8;2;9;1;4;4;1;7;8;6;6;1;9;No;Software Tester
1;5;3;2;1;1;3;4;8;3;5;1;0;8;9;2;1;9;4;6;Yes;Mobile App Developer
1;1;5;1;2;8;7;7;5;0;2;6;9;9;3;7;7;6;9;9;Yes;Computer and Information Systems Manager
2;1;0;5;9;3;6;4;6;2;6;4;4;9;3;9;0;1;7;0;No;Blockchain Developer
5;7;7;9;8;5;4;1;0;1;3;0;1;2;4;3;6;7;4;3;Yes;Technical Writer
2;0;4;2;0;5;7;4;4;3;6;1;1;3;3;5;7;6;9;7;Yes;Technical Writer
1;9;6;0;5;0;0;7;2;4;0;2;0;6;8;0;1;1;5;7;No;Computer Network Architect
7;9;8;1;7;1;6;3;3;1;1;0;4;8;9;7;1;5;8;8;Yes;IT Support Specialist
4;7;5;6;9;9;1;4;8;0;0;2;2;5;9;9;9;4;2;1;Yes;Research Scientist
2;2;2;8;8;4;5;5;6;6;4;8;2;9;0;1;8;9;2;2;Yes;Back End Developer
6;0;9;9;5;4;5;2;1;5;3;5;6;7;7;4;0;5;0;4;No;Computer Science Teacher
1;7;3;3;9;6;4;1;9;7;7;3;1;1;1;7;1;4;8;3;Yes;Computer and Information Systems Manager
0;2;6;9;3;4;0;2;5;3;6;7;8;1;6;2;1;7;4;3;No;Computer and Information Research Scientist
3;2;2;0;0;5;4;6;5;6;3;9;2;5;2;6;0;0;2;8;Yes;Computer Systems Analyst
1;9;5;6;6;8;8;6;9;2;2;1;8;9;4;7;4;3;1;7;No;Blockchain Developer
3;0;3;5;7;6;2;1;0;5;3;2;6;3;9;1;2;4;6;4;Yes;Cybersecurity Analyst
8;9;2;1;3;1;2;6;5;6;4;5;5;3;4;2;4;2;7;4;Yes;Database Administrator
7;4;8;7;2;7;1;8;7;6;3;2;0;8;4;1;4;7;9;5;No;Cloud Architect
5;9;5;1;6;6;2;7;1;1;2;8;5;0;2;9;8;5;0;0;Yes;Quality Assurance Engineer
5;5;6;8;4;2;9;3;1;2;0;4;1;3;9;1;1;9;5;1;Yes;Database Administrator
3;0;5;3;4;2;9;2;0;0;3;9;9;3;7;2;9;5;3;8;No;Business Intelligence Analyst
9;3;8;2;1;9;9;0;0;5;4;4;2;8;9;4;3;1;3;9;Yes;Computer and Information Systems Manager
7;3;9;8;7;7;7;7;0;2;9;8;2;2;5;1;8;9;9;4;No;Cybersecurity Analyst
0;3;1;5;6;1;7;4;6;7;6;8;7;7;6;2;6;7;2;9;No;Web Developer
5;5;0;3;7;9;9;6;1;3;4;1;5;7;0;3;9;1;2;0;Yes;Data Scientist
6;9;7;7;9;5;7;6;3;2;8;2;0;3;0;3;5;1;3;6;No;Research Scientist
0;0;4;2;6;0;5;3;1;2;5;5;1;9;8;9;6;2;9;6;No;Web Developer
6;8;9;4;5;9;8;4;9;0;6;8;7;0;4;7;8;8;0;0;No;Computer and Information Research Scientist
0;5;8;9;3;2;3;7;3;5;4;8;3;8;2;5;0;2;1;6;Yes;Blockchain Developer
9;8;2;2;5;1;3;0;2;5;4;1;4;9;2;7;5;2;8;5;Yes;Computer Programmer
3;0;8;1;0;9;4;4;0;9;2;1;2;2;2;0;9;6;9;6;No;Back End Developer
7;2;8;6;5;2;3;0;4;4;9;2;3;8;1;0;8;5;5;7;Yes;Artificial Intelligence Engineer
0;5;4;8;1;3;4;4;9;4;4;9;9;0;6;3;6;0;4;7;No;Computer and Information Research Scientist
6;7;7;5;3;2;1;3;6;5;9;6;3;1;9;5;9;2;9;3;No;IT Support Specialist
1;7;5;1;4;4;6;4;2;3;4;6;9;1;3;7;3;6;4;4;No;Computer and Information Research Scientist
9;1;6;3;7;4;6;2;5;1;4;9;3;8;9;7;0;8;8;4;No;Research Scientist
7;4;3;6;9;8;2;7;6;9;9;4;6;8;5;9;4;5;3;0;Yes;IT Consultant
8;3;6;5;2;9;6;8;8;9;7;7;1;8;6;5;9;3;3;0;Yes;Network Administrator
4;0;1;1;8;7;1;0;7;1;6;9;2;7;7;5;0;5;9;9;No;Computer and Information Research Scientist
6;0;8;6;1;6;6;6;3;0;5;4;7;8;3;2;1;5;7;1;No;Technical Support Engineer
6;7;9;7;7;1;3;6;6;2;1;9;1;0;2;0;9;5;9;2;No;Computer Hardware Engineer
9;0;9;3;8;8;0;4;0;0;2;9;8;7;4;5;4;6;0;4;No;Technical Support Engineer
1;0;6;8;6;4;4;8;0;8;6;4;4;3;8;2;5;2;9;4;No;Technical Writer
1;6;4;8;3;4;0;5;6;7;2;4;2;8;1;0;4;9;0;2;No;Machine Learning Engineer
2;7;1;5;3;1;4;7;7;0;5;9;9;4;0;2;3;7;3;8;No;Computer Hardware Engineer
7;2;6;7;2;0;8;9;2;8;8;0;1;2;0;2;5;3;5;6;No;Cloud Architect
3;0;1;9;6;2;1;1;2;8;4;0;8;2;8;9;2;2;7;9;Yes;Technical Writer
6;4;0;5;2;2;1;4;8;5;6;0;5;0;8;0;7;7;0;7;No;Cybersecurity Analyst
1;3;6;3;9;9;4;2;1;7;9;3;1;0;2;6;0;6;9;8;No;Web Developer
0;5;3;5;5;4;3;7;2;2;5;2;7;5;4;0;4;0;1;2;No;Web Developer
6;1;2;1;4;3;0;2;3;6;3;7;6;8;5;1;8;8;6;8;No;Business Intelligence Analyst
8;9;9;0;3;3;2;2;9;8;3;9;9;6;8;5;1;9;0;3;No;Technical Support Engineer
8;9;4;1;7;8;1;0;9;8;2;1;5;7;0;2;1;4;2;5;No;Research Scientist
9;0;3;7;4;0;3;1;1;8;5;6;4;3;2;8;7;8;3;8;Yes;Full Stack Developer
8;5;6;6;6;3;1;5;1;4;5;7;6;0;7;7;7;8;5;8;Yes;Cloud Architect
7;6;1;6;9;0;9;2;6;5;2;9;8;8;6;9;4;7;5;4;Yes;IT Project Manager
7;2;0;7;2;6;2;0;7;8;0;4;8;6;0;3;0;5;5;0;Yes;Cybersecurity Analyst
1;0;4;5;8;8;3;5;2;4;2;0;2;2;6;8;3;3;5;2;Yes;IT Project Manager
9;2;0;5;4;7;1;1;8;3;6;1;7;3;2;2;4;1;9;1;No;Front End Developer
4;1;4;6;8;7;4;9;5;0;4;1;5;6;3;8;6;1;9;9;Yes;Cloud Architect
2;9;5;2;7;3;0;8;0;9;1;6;6;2;2;4;4;9;4;1;No;Research Scientist
1;8;1;2;7;2;1;4;6;3;3;6;5;3;7;3;1;0;2;1;No;Database Administrator
2;7;5;1;4;9;2;3;4;7;4;6;6;6;1;3;1;9;9;6;No;Computer and Information Research Scientist
1;8;6;9;4;6;1;5;7;8;2;5;0;6;5;0;4;4;0;9;No;Front End Developer
2;4;3;7;4;4;1;3;4;2;7;9;5;6;8;8;6;5;5;8;No;IT Support Specialist
9;7;4;5;8;3;2;5;5;5;6;4;4;9;7;2;3;5;9;8;Yes;Computer Network Architect
9;0;6;8;5;9;1;9;5;3;2;4;0;1;0;6;6;6;4;5;No;Back End Developer
9;8;6;7;6;7;8;4;9;4;8;8;4;3;9;9;4;6;0;5;Yes;Computer Programmer
3;9;9;6;3;9;6;7;0;4;4;1;3;2;0;8;7;0;0;5;Yes;Systems Analyst
1;7;9;1;4;4;2;3;4;3;7;4;0;6;5;2;6;2;7;5;No;Computer Programmer
4;9;4;7;6;2;3;9;1;6;9;0;4;8;6;9;5;2;4;2;Yes;Computer and Information Research Scientist
0;2;6;7;0;2;8;6;1;1;4;5;0;5;8;0;9;1;9;9;Yes;Technical Support Engineer
3;4;2;4;6;9;2;2;5;5;7;0;0;5;1;0;6;5;5;8;Yes;Mobile App Developer
8;1;1;4;1;7;0;3;3;6;0;0;1;2;2;2;1;7;5;1;No;Web Developer
1;1;2;3;0;5;7;4;6;2;8;3;6;4;9;6;8;0;9;2;Yes;Computer Network Architect
5;2;7;4;0;7;5;1;5;3;5;8;5;0;7;9;5;2;3;1;Yes;Computer Hardware Engineer
1;5;8;8;5;7;8;9;8;3;0;5;3;0;5;9;6;3;6;2;No;Computer Programmer
4;3;2;6;1;6;4;6;0;2;3;2;7;3;5;4;8;8;8;5;Yes;Blockchain Developer
8;5;5;2;2;4;8;4;2;3;7;5;4;9;3;9;0;0;9;4;No;Computer Network Architect
1;8;1;0;6;5;8;1;1;0;5;9;3;3;6;3;8;1;9;2;Yes;DevOps Engineer
5;5;4;2;5;6;7;3;2;3;7;3;7;0;6;1;7;8;7;2;Yes;Database Administrator
6;6;3;2;0;2;9;7;5;1;9;6;2;4;3;0;0;1;9;2;No;Software Engineer
5;5;4;0;4;8;7;2;6;2;2;3;8;4;1;5;2;8;1;0;Yes;Blockchain Developer
8;7;7;7;6;7;8;7;6;9;6;3;3;8;6;4;0;4;1;0;Yes;IT Sales Professional
5;4;2;9;5;2;3;6;2;9;7;4;0;0;0;0;2;3;7;8;No;Research Scientist
7;2;2;8;8;3;6;2;1;7;6;7;4;1;1;0;8;2;1;8;Yes;Full Stack Developer
8;9;1;1;5;8;8;8;7;3;3;6;6;1;4;8;0;6;3;2;Yes;Network Administrator
0;3;9;8;2;5;4;3;6;8;4;1;1;4;0;1;6;6;0;3;Yes;Computer Science Teacher
8;3;5;9;0;6;4;1;2;8;7;1;2;2;1;2;9;8;0;2;Yes;Software Engineer
2;0;0;7;3;9;3;6;0;5;5;6;7;9;0;8;1;1;7;3;Yes;Software Developer
2;4;4;2;8;3;2;0;6;3;5;3;8;9;6;2;6;5;6;8;Yes;Business Intelligence Analyst
3;6;1;9;5;6;8;4;0;9;6;8;2;6;1;2;0;4;2;6;No;IT Consultant
8;2;1;0;1;2;1;0;2;3;4;0;0;9;9;5;8;9;3;6;Yes;UI/UX Designer
0;4;4;3;2;4;3;1;8;5;8;8;2;8;7;6;2;5;4;3;Yes;IT Sales Professional
7;8;0;2;3;5;4;6;2;3;7;3;5;0;2;1;4;5;6;8;Yes;Computer and Information Systems Manager
1;8;1;6;8;2;7;7;5;3;4;5;3;5;2;7;9;1;8;2;No;Software Developer
2;8;8;2;9;9;1;8;7;8;1;2;4;9;7;8;5;5;6;3;No;Computer and Information Systems Manager
6;6;0;2;9;2;0;5;5;2;9;1;0;0;9;0;9;9;0;7;No;Front End Developer
8;1;8;8;0;4;0;8;3;4;9;4;3;4;3;3;0;7;8;0;No;Software Engineer
6;8;4;2;5;6;2;0;1;4;4;8;1;7;8;1;2;8;6;0;Yes;Cybersecurity Analyst
8;9;9;2;4;5;9;4;5;4;3;6;7;2;0;7;1;7;5;2;Yes;Data Scientist
5;9;5;8;5;4;0;0;6;6;6;9;4;6;6;9;2;0;1;4;No;Blockchain Developer
5;3;8;5;7;9;8;6;1;4;6;3;0;4;7;8;3;9;3;5;No;Database Administrator
5;7;0;6;7;6;6;9;4;6;0;2;9;8;5;2;7;8;5;7;Yes;Network Engineer
2;1;0;5;3;7;9;6;1;7;0;5;3;4;2;5;4;1;7;3;No;Network Administrator
2;1;6;9;6;3;9;3;9;1;4;9;9;3;1;0;6;3;5;2;No;Research Scientist
9;6;3;8;1;8;7;4;0;5;2;3;2;8;2;8;8;8;3;0;No;Network Engineer
4;6;1;0;7;5;2;9;9;6;4;6;5;8;5;9;3;7;9;3;No;Embedded Systems Engineer
4;6;9;0;9;2;5;6;5;6;7;8;0;4;6;4;3;2;5;7;No;Web Developer
3;5;7;3;7;1;8;8;4;1;1;2;5;5;2;1;3;4;8;4;Yes;Game Developer
4;9;5;5;4;1;8;0;0;1;0;3;9;5;2;1;7;7;9;9;No;Technical Support Engineer
0;3;5;4;5;5;0;5;2;9;8;7;8;3;1;4;9;6;6;6;No;Software Tester
8;2;9;1;5;6;5;9;2;0;4;1;4;6;3;9;6;4;2;1;No;Computer Network Architect
9;0;7;5;0;8;6;7;9;1;9;5;5;6;3;7;6;9;1;7;Yes;Mobile App Developer
4;2;9;1;4;1;8;9;9;3;4;3;5;3;2;2;7;6;0;2;No;Computer Systems Manager
7;2;6;8;8;4;4;2;2;6;0;0;5;6;0;8;6;8;5;0;Yes;Business Intelligence Analyst
7;3;5;3;8;8;0;4;0;3;0;2;3;7;0;8;1;9;8;0;No;Machine Learning Engineer
6;3;7;5;1;8;4;5;7;4;7;0;5;9;2;8;5;0;2;5;No;Computer and Information Research Scientist
1;1;1;1;8;6;7;9;6;1;5;9;2;3;3;2;6;0;9;6;Yes;Computer Network Architect
8;2;1;4;2;2;1;8;7;6;5;2;2;1;4;0;5;9;8;7;Yes;Computer and Information Research Scientist
9;8;1;2;3;9;8;3;1;5;9;5;8;6;4;4;8;5;8;0;No;Back End Developer
8;3;9;4;2;3;1;9;9;1;0;7;5;6;1;5;3;8;0;3;No;IT Project Manager
3;0;5;6;2;1;7;8;5;7;4;5;2;0;6;8;5;5;9;8;Yes;Computer and Information Research Scientist
2;0;5;4;4;8;7;0;9;5;2;6;6;1;9;6;9;9;0;3;Yes;Network Administrator
5;3;0;0;7;5;1;9;4;1;4;1;8;0;5;7;1;3;6;1;No;Database Administrator
3;6;0;7;2;7;5;6;9;8;6;1;5;6;2;6;3;5;3;3;No;Computer Systems Analyst
5;0;4;7;5;5;9;7;8;9;4;3;7;7;4;8;0;9;7;8;No;Artificial Intelligence Engineer
3;4;2;0;0;4;0;0;3;4;8;3;7;3;0;6;3;6;7;4;Yes;Computer Hardware Engineer
6;9;5;2;0;7;7;8;2;7;8;9;7;9;0;1;5;0;4;2;No;Network Engineer
4;4;3;2;9;9;6;4;7;8;0;9;7;2;4;2;7;5;8;2;Yes;DevOps Engineer
7;0;0;4;9;2;3;8;0;8;5;1;1;5;5;6;4;9;4;3;No;Computer Network Architect
0;6;3;0;7;0;2;3;4;8;2;8;7;6;1;3;2;0;5;9;No;Blockchain Developer
8;3;6;7;1;6;1;1;2;0;0;9;6;7;3;5;6;7;4;0;Yes;Computer and Information Research Scientist
0;7;3;5;8;8;9;2;3;4;4;7;4;3;3;1;9;6;6;9;Yes;Software Developer
2;9;3;3;6;3;1;3;8;8;1;1;1;3;3;5;4;1;5;7;Yes;IT Sales Professional
2;9;3;3;6;2;1;9;5;5;6;1;1;6;7;8;0;7;3;8;Yes;UI/UX Designer
5;0;7;2;5;7;1;7;3;6;0;1;2;3;1;1;2;7;9;1;Yes;Front End Developer
7;9;3;0;6;7;1;5;2;0;5;2;5;1;1;7;6;9;8;9;No;Research Scientist
5;0;2;7;2;6;2;8;0;7;4;8;8;1;3;4;4;9;4;9;No;Digital Marketing Specialist
5;5;4;4;0;5;8;0;9;4;7;9;1;5;8;0;8;5;6;0;No;Mobile App Developer
0;9;1;0;8;2;0;3;6;0;0;2;3;2;9;4;8;7;5;5;Yes;Embedded Systems Engineer
0;6;3;3;9;1;9;1;9;1;3;5;7;1;4;7;3;5;6;5;Yes;DevOps Engineer
2;7;4;1;6;9;6;0;4;8;5;2;6;5;8;8;5;3;5;6;Yes;Game Developer
1;5;7;9;8;7;2;2;9;9;4;2;4;1;2;0;3;3;2;9;Yes;Network Administrator
2;1;9;4;1;4;7;5;4;0;2;8;3;8;4;8;1;6;0;4;Yes;Computer Science Teacher
7;9;2;2;4;2;0;9;5;8;8;3;0;7;4;3;6;0;4;0;Yes;IT Sales Professional
7;1;2;3;5;8;8;2;6;3;1;2;5;1;2;6;9;1;7;3;No;Quality Assurance Engineer
8;8;2;4;8;6;3;2;5;2;4;8;5;8;3;8;2;6;5;5;Yes;Computer Science Teacher
2;2;9;2;4;8;0;1;3;8;4;1;4;3;0;3;3;3;8;8;Yes;Technical Support Engineer
1;5;6;0;4;4;9;8;7;2;7;0;7;0;6;9;5;6;8;3;No;Computer Science Teacher
8;2;2;5;7;8;1;3;7;5;9;8;9;4;4;6;4;3;0;1;Yes;Network Administrator
9;9;8;2;6;2;6;8;8;7;6;2;2;9;2;4;8;0;2;6;No;IT Consultant
8;5;0;0;2;6;9;5;2;2;0;7;8;6;8;2;4;4;0;2;No;Web Developer
0;1;9;8;4;9;7;6;1;4;5;1;4;3;9;9;3;4;3;6;Yes;Data Scientist
1;8;6;2;7;5;6;8;2;6;0;2;3;0;4;4;3;5;9;2;No;Technical Writer
3;0;9;9;6;7;9;4;1;4;2;5;4;2;7;3;5;3;8;5;No;Quality Assurance Engineer
6;2;3;6;4;7;6;8;0;2;8;1;7;1;6;5;7;4;6;6;No;Digital Marketing Specialist
2;7;9;6;7;6;4;8;9;3;0;9;6;6;2;0;3;4;6;0;Yes;Computer Network Architect
4;9;5;5;9;8;7;6;4;6;6;1;5;2;2;9;3;8;2;8;Yes;DevOps Engineer
3;1;8;7;0;0;6;3;1;5;4;6;9;5;6;2;8;5;6;2;No;Back End Developer
6;3;0;0;0;4;7;1;1;3;0;6;4;8;1;5;6;9;3;2;No;Software Tester
0;8;1;6;4;2;3;9;1;1;0;3;0;5;7;6;8;2;9;4;Yes;Back End Developer
6;6;2;3;6;3;6;3;2;3;1;1;5;4;1;6;6;8;1;6;No;Mobile App Developer
2;2;7;0;5;6;0;9;7;5;4;0;6;1;9;5;2;5;8;3;No;Artificial Intelligence Engineer
5;6;7;1;3;2;8;2;9;9;4;8;5;1;0;9;5;6;6;4;No;Computer and Information Research Scientist
6;9;7;6;9;3;7;2;0;8;9;1;9;2;6;8;6;5;7;8;Yes;Software Developer
6;5;2;0;8;3;3;0;3;7;0;2;9;2;3;8;0;7;9;4;No;IT Support Specialist
5;8;0;7;8;7;7;0;2;4;4;4;6;3;3;6;4;1;4;9;No;Quality Assurance Engineer
2;8;4;7;4;7;3;6;6;2;2;8;0;6;6;2;8;5;7;7;Yes;Computer Programmer
4;2;6;9;5;8;6;1;9;3;5;1;1;4;7;1;6;4;5;7;No;Mobile App Developer
4;9;9;6;7;8;5;8;2;0;0;3;5;3;3;0;7;6;9;0;No;Data Scientist
5;4;8;4;8;4;2;4;0;2;3;9;6;4;0;5;5;7;1;6;No;Web Developer
6;3;6;5;7;9;0;1;8;9;0;5;5;7;7;4;5;3;4;2;No;Network Engineer
1;0;2;9;4;3;3;1;6;6;6;7;8;5;3;3;4;4;8;0;No;Software Tester
9;4;4;8;3;9;6;6;5;4;3;8;7;0;3;7;4;5;7;6;No;Data Scientist
5;1;1;0;9;6;1;4;8;9;6;3;0;1;5;7;8;6;3;7;Yes;DevOps Engineer
1;6;0;6;2;7;3;0;0;5;1;5;7;8;0;4;9;9;7;7;Yes;Artificial Intelligence Engineer
5;8;0;9;6;0;0;2;2;7;0;6;7;5;9;1;5;8;1;7;No;Computer Network Architect
6;6;6;3;4;9;3;0;7;7;8;2;8;8;4;1;7;6;7;8;Yes;Full Stack Developer
4;5;0;2;4;9;9;6;4;1;9;2;2;4;2;9;5;0;2;7;No;Data Scientist
8;1;2;4;0;1;9;4;5;1;7;0;3;5;1;5;1;1;5;0;No;Computer and Information Systems Manager
0;3;0;1;3;2;8;1;2;4;7;0;6;9;1;1;4;8;3;8;No;Quality Assurance Engineer
5;3;6;8;8;4;7;0;0;0;6;1;0;2;8;6;7;9;2;3;No;Computer and Information Research Scientist
6;8;4;5;0;6;4;9;4;4;6;4;4;2;1;3;6;5;5;1;No;Data Scientist
6;2;8;5;3;1;3;4;9;2;7;2;8;8;0;3;7;4;1;8;No;Computer Systems Manager
2;5;4;3;4;0;2;8;9;2;3;8;0;6;5;5;5;8;2;2;Yes;Computer Systems Manager
2;4;0;0;8;0;2;0;2;9;8;1;7;3;9;8;6;1;1;6;No;IT Project Manager
7;5;6;0;2;9;7;1;8;6;2;1;8;7;9;0;0;8;2;8;Yes;Back End Developer
4;5;1;5;7;4;1;6;2;8;8;5;6;9;6;9;4;2;8;7;Yes;Business Intelligence Analyst
1;2;5;3;0;3;3;2;1;3;9;3;2;1;4;8;0;7;3;6;No;IT Consultant
2;3;2;7;8;7;2;6;3;3;3;1;7;6;9;6;6;9;4;0;Yes;Mobile App Developer
7;5;2;5;6;3;4;7;5;1;6;4;6;2;0;3;8;4;0;0;Yes;Software Tester
6;1;7;2;7;2;3;3;0;0;7;2;7;6;8;5;0;0;0;7;Yes;Computer Hardware Engineer
5;4;0;3;7;7;7;8;5;8;7;6;1;3;3;0;6;2;4;8;No;Technical Writer
1;4;1;6;8;6;9;2;2;4;8;1;4;5;8;1;1;8;9;1;Yes;Back End Developer
0;0;9;6;3;2;7;2;0;0;2;8;1;5;9;4;0;3;9;5;No;Network Engineer
5;6;0;2;6;8;7;6;5;1;0;3;7;3;3;2;0;3;2;1;No;IT Consultant
8;8;2;4;3;1;5;8;5;1;9;5;4;7;5;3;7;9;2;8;No;Technical Writer
0;3;0;1;3;4;3;5;4;0;7;4;5;4;5;7;7;1;8;7;Yes;Quality Assurance Engineer
2;8;6;4;5;7;7;8;8;1;9;5;8;7;8;7;4;0;7;5;No;Computer and Information Research Scientist
2;5;9;5;4;7;5;0;6;3;8;9;9;9;0;3;4;5;1;5;Yes;Research Scientist
0;3;1;4;2;3;6;0;2;0;1;7;0;0;0;1;1;9;5;1;No;Embedded Systems Engineer
6;9;0;5;5;9;9;0;1;1;8;1;9;8;5;3;3;4;7;6;Yes;Game Developer
3;3;8;2;1;0;6;1;6;6;9;6;7;2;7;9;2;3;1;9;No;Computer Systems Manager
1;4;4;3;5;6;2;6;5;8;8;1;1;2;7;5;7;1;9;6;No;IT Sales Professional
3;0;3;9;3;8;0;1;7;8;1;6;1;9;7;0;7;8;4;9;Yes;Embedded Systems Engineer
7;6;6;5;8;8;6;7;8;8;9;8;2;8;3;3;1;5;8;9;Yes;Technical Writer
7;7;1;8;8;2;2;5;1;9;3;1;5;0;2;7;7;7;9;0;Yes;Technical Support Engineer
8;4;0;7;4;1;2;5;3;5;2;8;7;7;1;2;4;4;7;9;No;Computer Hardware Engineer
8;4;0;9;7;1;9;2;6;6;2;9;3;7;1;7;7;4;8;5;Yes;DevOps Engineer
2;2;6;9;3;9;7;3;7;9;9;5;8;5;7;2;4;9;8;1;No;Data Scientist
7;5;0;2;9;0;7;1;3;3;6;5;1;7;3;6;2;1;7;9;Yes;Computer Science Teacher
6;7;0;0;0;1;6;9;7;6;4;7;2;2;7;3;8;2;8;8;No;Network Administrator
3;4;0;5;5;2;2;5;0;1;4;7;8;9;9;8;4;8;4;4;No;Machine Learning Engineer
5;6;9;8;1;3;8;2;2;4;4;2;8;5;3;0;1;5;5;4;Yes;Quality Assurance Engineer
2;8;0;2;9;4;5;6;7;0;3;4;2;7;8;1;4;4;2;1;No;UI/UX Designer
0;3;6;4;7;9;0;3;7;6;0;8;7;5;5;5;2;2;0;2;No;Artificial Intelligence Engineer
3;1;3;6;6;5;9;5;4;5;4;6;6;0;7;8;1;6;9;6;No;Computer Hardware Engineer
9;3;9;8;7;1;1;7;5;8;0;2;7;4;9;5;4;6;0;7;Yes;Cloud Architect
6;2;5;3;6;7;2;2;1;5;2;8;5;8;2;5;0;6;0;7;Yes;Systems Analyst
1;0;3;3;5;1;4;1;3;1;2;0;9;9;9;5;5;4;0;3;No;DevOps Engineer
2;5;1;5;3;5;6;6;0;1;7;6;5;2;8;6;9;1;8;1;No;Computer Systems Analyst
2;3;0;3;9;6;4;1;7;6;3;4;8;9;7;7;4;9;7;4;No;Game Developer
9;7;1;1;4;2;7;9;1;9;1;0;8;4;4;0;2;7;2;1;Yes;Computer Network Architect
9;8;1;4;8;7;3;2;6;3;8;4;6;0;0;0;0;9;4;3;No;Web Developer
1;0;6;6;1;4;6;4;7;6;5;0;4;2;4;0;0;7;5;9;Yes;Embedded Systems Engineer
9;0;5;0;6;4;9;6;7;9;8;6;6;9;7;5;9;6;2;4;No;Cloud Architect
3;8;4;2;1;5;9;4;9;0;6;4;7;5;6;6;0;0;6;6;Yes;Computer Network Architect
4;6;7;2;8;6;8;1;0;6;1;0;4;3;0;5;3;2;6;2;Yes;Network Administrator
7;3;1;1;6;7;0;7;5;6;8;6;3;6;8;9;0;8;2;5;No;Blockchain Developer
5;3;0;2;9;0;4;7;0;6;1;6;5;7;7;6;2;0;0;8;No;Computer and Information Research Scientist
9;1;3;9;4;0;3;9;0;4;9;2;4;6;6;0;5;9;9;5;No;IT Consultant
6;5;9;2;5;1;8;5;6;0;3;2;6;4;0;8;1;8;2;9;No;Cloud Architect
0;4;3;4;5;7;1;0;6;2;0;3;8;6;4;8;3;1;4;1;No;Network Engineer
5;4;1;4;4;0;2;1;9;2;8;4;3;8;7;7;9;0;2;0;Yes;Machine Learning Engineer
6;1;0;7;0;2;9;4;2;2;1;8;6;1;9;2;3;6;5;2;Yes;Computer Systems Analyst
5;2;7;3;2;7;1;6;9;4;2;4;1;0;7;3;3;5;2;7;No;Game Developer
3;1;5;5;2;7;0;3;3;9;0;6;1;0;2;1;4;1;7;2;No;Full Stack Developer
7;8;2;4;1;0;8;4;8;2;8;5;5;2;5;1;8;2;7;4;Yes;Mobile App Developer
5;1;3;0;4;0;7;4;9;4;2;9;2;4;3;0;4;2;8;2;No;Technical Writer
8;6;1;6;5;1;2;5;5;8;4;9;5;1;9;4;3;2;9;4;Yes;Digital Marketing Specialist
2;0;4;9;0;4;3;6;3;0;4;0;2;1;9;0;5;2;2;8;Yes;Game Developer
8;3;6;6;1;9;1;9;6;2;7;6;7;6;6;8;6;8;6;6;Yes;Systems Analyst
6;5;0;7;4;5;9;8;1;1;3;3;4;0;8;3;0;4;8;8;Yes;DevOps Engineer
2;0;1;9;0;7;6;5;2;7;4;5;9;6;6;8;6;6;6;4;No;Embedded Systems Engineer
7;6;5;7;4;4;6;1;0;7;0;4;4;9;9;6;7;5;4;1;No;Research Scientist
3;0;6;7;6;7;1;9;1;9;0;4;6;9;4;6;2;8;7;5;No;Mobile App Developer
4;9;0;2;5;8;3;3;4;9;7;9;4;0;2;2;9;4;1;4;Yes;Computer Hardware Engineer
2;6;7;3;4;6;4;6;1;0;7;9;8;3;1;1;6;4;6;4;Yes;Computer and Information Systems Manager
2;8;5;5;0;6;9;8;0;0;4;1;0;3;5;5;9;3;9;8;No;Computer Systems Manager
4;4;8;5;6;9;0;1;6;2;3;1;7;8;2;9;1;8;5;6;No;IT Project Manager
0;1;8;5;5;7;9;7;1;0;1;0;2;8;4;1;1;9;1;2;Yes;Computer Science Teacher
6;0;7;0;4;3;8;8;3;2;5;5;0;7;5;4;6;6;0;3;No;IT Project Manager
9;3;7;5;3;1;6;0;1;3;2;4;4;3;6;3;8;6;4;7;Yes;IT Consultant
2;1;6;5;0;7;3;3;3;8;1;9;3;5;1;6;9;2;3;6;No;DevOps Engineer
3;9;2;4;6;0;8;7;3;2;4;4;3;3;8;7;8;4;8;5;Yes;Network Administrator
2;0;1;9;5;3;6;3;3;7;3;0;0;9;4;0;6;8;7;8;Yes;Computer Systems Manager
5;4;4;8;0;5;1;7;5;4;7;5;8;0;6;6;5;2;5;0;No;Technical Support Engineer
8;1;6;6;9;8;1;9;7;0;9;2;4;4;4;0;6;0;9;7;No;Cybersecurity Analyst
5;1;1;6;8;9;6;4;8;2;6;7;4;1;4;4;7;1;5;4;Yes;Embedded Systems Engineer
9;0;4;0;9;1;6;1;5;7;5;2;9;7;6;6;8;1;6;3;No;Software Developer
6;6;3;0;3;6;0;8;9;8;2;7;9;2;4;3;6;8;4;2;No;Network Engineer
5;4;3;3;2;6;9;3;2;8;9;1;3;2;3;5;5;5;4;5;No;Blockchain Developer
9;1;1;7;8;0;2;9;8;8;0;6;8;3;1;2;4;4;0;7;Yes;Full Stack Developer
5;7;7;5;0;9;8;3;0;3;3;6;5;0;6;0;7;1;4;9;Yes;Business Intelligence Analyst
5;0;5;6;7;8;5;7;3;7;8;9;0;3;3;7;7;2;9;8;Yes;Computer Science Teacher
3;7;6;4;1;9;7;5;8;0;6;3;2;1;0;6;5;9;1;4;No;Artificial Intelligence Engineer
2;0;4;4;7;5;4;9;5;2;5;5;0;8;3;0;5;4;4;6;Yes;Computer Systems Manager
5;5;8;4;0;0;1;1;9;4;7;8;1;4;6;2;5;0;1;4;No;IT Consultant
2;7;4;7;6;8;8;2;7;6;3;5;7;2;1;1;9;3;5;1;Yes;Blockchain Developer
7;6;0;1;4;8;5;7;5;1;7;7;9;8;8;5;4;7;4;4;No;Artificial Intelligence Engineer
8;6;9;7;4;1;0;9;8;9;9;4;1;3;0;1;0;6;8;8;No;Computer and Information Research Scientist
2;8;4;1;1;6;5;7;0;9;8;0;0;1;5;6;7;2;7;3;No;Business Intelligence Analyst
8;4;7;9;4;3;8;8;9;4;1;1;8;0;9;3;4;6;7;9;No;IT Project Manager
5;1;6;8;8;1;5;2;5;9;7;6;0;8;5;8;2;8;3;8;No;Back End Developer
9;9;6;7;5;0;7;4;4;2;2;8;7;4;5;8;5;1;9;7;Yes;IT Consultant
0;6;7;5;2;1;1;4;8;6;2;2;7;8;5;8;7;7;0;0;No;Data Scientist
3;0;7;1;1;0;7;0;2;6;5;7;5;7;6;9;9;5;3;9;No;Game Developer
3;7;1;6;7;6;4;8;5;2;4;3;8;7;4;9;8;0;9;3;No;Computer and Information Research Scientist
3;1;2;6;5;0;4;3;1;1;9;6;9;3;3;8;4;3;9;6;Yes;Technical Support Engineer
5;6;6;6;6;6;0;0;9;5;9;4;6;2;4;9;2;0;4;0;Yes;Network Engineer
5;9;6;3;1;5;0;2;4;7;5;5;2;7;4;9;3;1;2;2;No;Computer and Information Research Scientist
2;3;3;5;6;0;9;5;8;5;3;5;5;1;0;8;7;4;4;9;No;Network Engineer
2;3;4;5;7;8;5;8;6;7;8;0;4;3;3;4;0;7;8;9;No;Mobile App Developer
5;9;8;7;0;7;8;6;5;2;8;2;0;6;8;8;2;3;6;0;No;Data Scientist
0;8;0;4;7;3;4;8;9;1;9;8;2;8;8;8;5;4;1;4;Yes;Cloud Architect
3;9;6;5;4;9;4;8;9;2;3;3;7;7;7;6;5;2;9;3;No;Artificial Intelligence Engineer
0;5;5;6;0;1;1;1;6;6;5;9;6;9;7;9;5;5;1;1;No;Digital Marketing Specialist
6;0;3;7;2;9;1;8;4;7;4;2;2;4;0;3;5;1;0;8;Yes;Full Stack Developer
4;2;7;7;0;3;3;6;9;1;1;8;7;3;7;4;2;5;8;4;Yes;Research Scientist
7;1;4;8;7;7;4;2;7;0;5;9;2;4;4;9;4;6;6;2;Yes;Quality Assurance Engineer
3;5;3;8;5;2;1;8;6;6;0;1;7;3;0;4;7;9;1;3;Yes;Computer Hardware Engineer
0;3;3;7;2;8;1;7;0;7;7;8;6;5;8;4;4;6;9;3;No;DevOps Engineer
8;1;5;1;7;0;3;5;3;9;3;1;1;3;5;1;1;3;6;6;No;Computer and Information Systems Manager
5;8;1;6;9;8;6;8;8;3;1;7;1;5;1;6;9;7;9;1;Yes;Software Engineer
2;3;7;2;8;9;8;4;8;0;2;0;4;8;6;9;0;1;3;5;Yes;IT Support Specialist
5;6;1;7;5;3;7;9;7;0;3;2;8;2;2;3;2;0;4;8;No;Embedded Systems Engineer
1;9;7;2;1;6;4;0;7;7;9;1;6;0;9;6;2;0;2;7;No;Computer Network Architect
0;4;8;6;9;3;4;3;5;4;6;7;0;1;3;4;8;0;1;8;Yes;UI/UX Designer
6;9;2;4;9;2;7;3;2;5;5;4;6;3;4;1;4;7;3;8;Yes;Quality Assurance Engineer
1;5;8;0;4;0;4;8;0;5;6;8;1;4;9;2;2;4;9;2;No;Computer Systems Manager
7;1;2;5;2;4;9;9;6;2;0;8;5;3;8;0;7;5;5;8;Yes;IT Sales Professional
9;2;0;2;4;7;0;8;1;3;5;4;4;0;0;9;8;9;1;9;No;DevOps Engineer
8;7;5;3;3;0;1;1;8;7;7;5;7;7;4;7;3;9;7;7;No;Computer and Information Research Scientist
4;3;6;3;4;6;4;0;7;7;0;2;0;1;6;7;0;4;8;0;No;Full Stack Developer
1;7;3;3;3;3;7;5;5;7;8;5;7;6;2;3;9;0;3;5;Yes;Machine Learning Engineer
6;1;8;2;9;2;7;0;3;3;2;3;7;0;9;4;5;6;7;1;Yes;Systems Analyst
3;1;1;9;8;7;5;5;8;2;9;7;3;2;0;0;3;0;9;2;Yes;Systems Analyst
4;4;1;8;9;0;4;1;8;0;5;3;7;0;2;9;5;8;2;5;No;Game Developer
7;0;1;2;7;9;2;2;9;5;6;4;5;7;3;1;2;4;2;5;No;Game Developer
2;3;8;6;6;2;9;3;3;9;0;2;5;1;5;2;4;8;1;2;No;UI/UX Designer
3;6;0;3;1;7;9;3;1;3;5;8;5;2;2;1;8;8;6;6;No;Back End Developer
6;9;0;0;2;5;6;9;9;9;3;0;4;7;7;3;4;7;8;9;Yes;IT Support Specialist
0;4;9;9;9;5;6;9;8;0;5;1;3;4;4;9;4;9;4;8;Yes;Computer Systems Manager
6;9;5;3;4;1;6;7;3;1;9;0;5;2;5;1;4;8;5;0;No;Network Engineer
0;3;9;4;3;0;1;9;5;8;0;3;1;6;9;5;3;3;9;1;No;Computer Science Teacher
5;6;6;6;9;0;5;7;8;6;0;4;0;4;9;9;7;1;2;8;Yes;Front End Developer
1;8;0;6;8;3;4;9;6;4;7;5;6;2;7;8;1;9;6;9;No;Computer Systems Analyst
8;8;6;7;1;6;9;9;8;2;5;4;0;7;5;1;4;1;7;9;Yes;Database Administrator
9;0;2;5;3;6;3;4;6;3;7;4;5;9;9;4;9;2;9;2;No;Research Scientist
9;7;4;5;6;2;2;4;2;1;9;7;2;2;4;2;8;0;1;1;No;Web Developer
4;0;5;8;6;7;5;9;8;4;4;6;6;7;1;1;4;0;2;3;Yes;Network Administrator
9;8;0;3;3;2;2;1;5;8;5;3;2;5;1;1;6;2;9;0;Yes;Quality Assurance Engineer
9;0;5;4;4;1;6;8;0;5;4;0;7;0;7;5;9;1;8;9;No;Network Administrator
8;9;3;3;3;3;6;7;4;7;3;8;0;1;7;6;0;7;0;9;No;Game Developer
8;4;0;0;1;2;2;1;7;0;8;7;9;7;8;7;2;4;3;7;Yes;IT Support Specialist
7;5;7;7;6;0;1;4;0;0;9;4;6;4;2;4;4;2;4;1;No;Front End Developer
7;0;1;5;7;7;1;3;1;0;3;3;2;0;6;3;1;1;5;6;No;Network Administrator
8;9;0;2;3;4;7;2;5;8;4;2;8;9;1;4;1;8;1;5;Yes;Network Administrator
2;3;0;7;6;8;2;0;3;8;9;4;6;3;9;7;8;3;9;3;Yes;Database Administrator
3;8;0;5;6;5;4;4;6;9;1;7;7;5;6;3;1;2;9;9;Yes;IT Consultant
5;7;3;9;1;2;1;6;6;3;0;1;5;7;6;5;4;5;5;4;No;IT Consultant
9;4;3;7;7;5;4;4;3;5;0;0;9;6;3;3;1;1;0;2;Yes;UI/UX Designer
2;0;6;5;6;5;2;4;8;3;4;1;4;8;5;5;6;9;0;3;Yes;IT Project Manager
4;3;8;1;5;6;3;1;3;9;4;0;9;3;7;2;3;8;6;4;Yes;Digital Marketing Specialist
3;7;5;1;9;8;9;8;5;3;7;3;9;9;7;1;0;2;3;5;Yes;Blockchain Developer
9;3;4;9;6;7;0;0;7;0;8;3;3;1;1;5;0;1;7;7;Yes;Quality Assurance Engineer
4;6;3;8;5;6;0;9;7;3;2;7;3;9;0;6;3;9;5;0;Yes;Database Administrator
5;6;3;8;2;9;6;6;7;3;5;4;7;7;9;9;7;7;4;8;Yes;Systems Analyst
5;9;8;4;8;1;6;5;7;3;2;4;7;1;2;6;8;8;1;4;Yes;Artificial Intelligence Engineer
2;8;3;1;3;2;0;1;6;6;4;6;6;2;7;5;0;0;7;8;Yes;Blockchain Developer
4;2;1;3;6;3;1;1;9;9;9;9;1;7;2;6;6;8;4;0;Yes;IT Sales Professional
3;2;5;3;2;6;5;3;4;6;9;4;3;9;7;0;6;9;7;2;Yes;Computer Network Architect
5;2;9;2;8;8;6;3;4;7;9;3;2;8;9;0;6;0;3;5;No;Computer Programmer
2;4;2;5;9;8;1;6;3;8;4;5;0;0;1;6;7;3;4;1;No;Computer Science Teacher
8;8;5;2;9;0;9;6;7;8;2;7;5;8;9;3;4;2;4;8;Yes;Data Scientist
0;7;9;0;1;3;2;3;6;6;2;6;8;1;4;3;4;9;3;3;Yes;Network Administrator
6;7;8;4;8;5;2;6;1;1;9;1;0;0;4;3;4;4;6;5;No;Quality Assurance Engineer
4;3;4;8;1;5;6;8;3;9;1;6;3;2;8;7;4;1;9;3;Yes;UI/UX Designer
6;5;3;3;3;9;2;4;4;3;7;7;9;1;6;1;2;7;4;4;No;Computer Systems Manager
5;6;3;6;7;5;4;2;9;4;8;8;5;4;2;8;9;4;7;7;Yes;Business Intelligence Analyst
9;4;3;1;7;4;3;3;8;4;9;8;4;5;6;4;5;2;0;6;Yes;Software Tester
6;2;1;0;6;6;7;7;8;4;5;1;6;7;0;6;2;6;4;0;Yes;Computer Network Architect
3;0;6;5;8;7;7;0;5;6;7;7;7;4;5;8;0;1;8;0;Yes;Embedded Systems Engineer
9;9;5;7;7;5;6;6;7;5;5;0;7;4;2;2;0;9;7;0;Yes;IT Sales Professional
4;7;2;2;5;6;0;4;8;4;1;3;2;4;8;1;8;7;3;2;No;Web Developer
4;7;9;4;7;1;1;0;0;2;2;1;9;5;2;3;7;0;2;7;No;Computer Network Architect
4;1;9;5;4;6;3;5;6;9;3;9;4;6;9;4;3;9;0;8;No;Computer Network Architect
4;0;1;7;6;9;1;7;3;9;4;5;5;4;6;2;7;2;6;7;Yes;Artificial Intelligence Engineer
5;3;3;6;9;1;8;5;3;6;9;9;6;5;5;3;8;4;7;0;Yes;Back End Developer
0;9;9;1;7;1;1;3;7;3;5;5;6;7;9;9;6;1;0;2;No;Computer Science Teacher
6;8;3;7;8;3;5;2;7;6;0;0;7;7;5;5;2;5;0;9;Yes;Computer and Information Research Scientist
8;4;8;0;2;8;9;3;9;2;4;4;2;8;1;0;2;5;0;2;No;Network Engineer
7;3;3;5;3;8;8;0;0;4;6;3;8;0;4;0;7;5;2;1;No;Technical Writer
4;8;6;8;1;5;7;3;1;1;8;7;4;0;7;6;9;7;6;9;No;Mobile App Developer
5;1;3;1;2;2;2;7;5;7;0;2;2;0;8;8;5;6;0;9;Yes;Cloud Architect
1;6;3;0;8;7;8;2;0;9;0;0;4;0;2;1;8;7;5;0;No;Computer Systems Analyst
3;6;4;5;9;5;3;8;4;6;6;2;7;1;8;7;6;1;6;4;No;Software Developer
4;6;4;3;5;8;2;6;6;7;7;1;1;0;8;2;9;9;6;1;No;Front End Developer
8;4;9;8;8;3;7;0;8;4;6;5;8;3;6;4;8;2;0;6;Yes;Web Developer
6;3;7;5;8;1;2;1;2;2;6;1;4;4;9;2;4;2;3;5;No;Computer Systems Manager
5;4;7;1;7;8;5;6;5;5;7;7;1;0;9;6;3;8;2;2;Yes;Software Engineer
1;1;1;8;7;1;8;3;1;6;2;7;4;1;4;2;4;4;0;4;No;Computer Network Architect
2;0;5;9;5;5;7;8;7;1;6;5;5;3;9;6;8;8;9;0;No;Computer and Information Systems Manager
0;8;4;3;1;0;6;1;9;1;5;2;7;5;5;0;3;8;4;8;Yes;Technical Writer
3;2;2;8;3;4;7;2;2;4;2;4;4;1;5;2;1;1;5;6;Yes;Mobile App Developer
4;6;6;5;6;6;2;5;2;4;8;0;8;3;0;0;7;0;2;3;No;Computer Hardware Engineer
9;8;1;1;9;0;1;2;9;3;9;7;0;2;1;9;4;6;9;0;Yes;Computer Science Teacher
8;0;3;3;7;0;5;6;5;6;2;8;4;8;4;6;5;3;5;1;Yes;Embedded Systems Engineer
3;3;9;5;5;7;8;9;0;9;1;6;3;0;2;7;7;6;1;8;No;Back End Developer
2;0;7;7;6;2;0;6;0;3;0;6;1;4;4;6;2;5;3;3;Yes;Research Scientist
8;3;3;6;9;2;0;2;6;2;3;2;2;9;5;2;3;7;2;6;Yes;Software Developer
5;2;5;2;8;3;1;0;2;0;5;6;9;2;5;8;5;5;7;3;Yes;UI/UX Designer
7;9;7;9;3;8;4;7;1;2;4;1;1;1;5;2;9;0;7;9;No;Technical Support Engineer
5;9;3;2;5;7;1;9;6;7;6;1;7;1;2;1;7;4;0;5;No;Cybersecurity Analyst
3;9;6;4;7;8;5;8;0;0;3;3;5;4;5;6;9;0;1;4;Yes;Quality Assurance Engineer
7;4;7;3;8;7;9;3;3;0;1;4;8;6;1;5;4;3;0;9;Yes;Computer Network Architect
8;1;1;1;6;9;7;4;1;1;6;5;4;4;6;4;5;3;9;4;No;Back End Developer
8;7;1;3;5;6;6;6;9;5;2;2;9;4;0;4;8;6;5;4;No;IT Project Manager
5;4;5;1;9;7;7;9;6;1;5;7;2;5;0;1;9;2;8;0;No;Blockchain Developer
4;7;7;5;6;1;9;8;1;6;0;6;6;5;1;1;0;7;8;4;No;Embedded Systems Engineer
3;6;8;1;4;5;7;9;0;5;1;6;5;4;6;3;6;7;4;6;No;Database Administrator
4;4;0;2;2;2;0;9;3;9;3;5;0;2;1;0;5;0;3;6;Yes;IT Sales Professional
2;2;8;8;0;1;0;5;5;3;3;3;9;5;2;6;4;2;9;4;No;DevOps Engineer
9;0;9;0;6;3;5;1;4;8;9;8;8;1;7;6;1;5;6;5;No;Back End Developer
7;9;9;3;9;0;9;0;3;1;0;5;5;5;6;3;0;1;5;9;No;Computer and Information Systems Manager
8;1;2;4;1;7;5;9;0;3;4;6;3;7;6;9;2;6;4;3;Yes;Full Stack Developer
6;1;1;9;2;4;1;6;6;2;2;8;2;8;5;2;0;9;3;2;Yes;Mobile App Developer
1;0;4;8;8;4;8;6;6;0;6;8;1;6;9;9;4;9;4;2;Yes;Research Scientist
7;8;8;2;4;3;4;3;1;6;2;0;7;7;0;1;4;7;1;4;No;Machine Learning Engineer
6;5;5;5;0;5;8;9;6;4;6;6;4;3;9;9;8;7;3;4;Yes;Network Administrator
0;3;2;5;9;7;0;4;7;4;0;1;5;5;8;4;1;5;2;5;Yes;Computer Programmer
0;3;4;3;2;7;0;0;1;5;2;1;8;7;1;3;5;2;5;2;Yes;Network Engineer
1;3;4;0;3;3;9;8;2;6;0;3;5;2;2;7;2;6;1;8;No;Mobile App Developer
7;6;4;9;0;6;4;9;7;7;9;4;1;6;1;0;6;7;7;9;No;Computer Science Teacher
2;4;5;2;5;6;4;0;3;7;2;9;7;8;3;1;6;1;6;3;Yes;Machine Learning Engineer
6;5;8;7;8;6;5;8;5;7;5;6;9;0;8;0;5;9;9;5;No;Back End Developer
1;7;7;3;5;7;2;0;7;6;6;2;8;0;9;3;2;2;1;8;No;IT Project Manager
2;4;7;3;7;3;3;6;8;6;4;9;4;9;6;8;3;2;1;0;Yes;Embedded Systems Engineer
5;3;9;7;8;7;7;5;5;2;0;3;1;5;8;6;9;0;9;5;No;Cloud Architect
6;1;9;5;1;1;9;9;8;3;2;4;9;6;5;9;5;5;1;9;Yes;IT Sales Professional
6;0;1;3;7;0;3;4;4;6;3;5;5;5;1;2;8;7;8;0;No;Software Engineer
6;4;9;4;9;2;0;3;2;1;8;6;2;2;4;3;2;2;3;4;No;Mobile App Developer
5;3;2;0;5;6;3;1;7;7;7;7;0;1;6;2;1;0;1;5;No;Computer Science Teacher
9;5;0;4;2;5;4;2;0;8;1;7;4;6;5;8;3;7;3;9;Yes;Technical Writer
3;2;7;2;7;5;3;4;3;6;3;5;4;5;8;6;5;8;4;5;No;IT Support Specialist
1;4;1;7;3;1;8;3;8;9;0;9;9;1;1;1;0;4;0;5;No;IT Consultant
6;6;3;0;9;8;3;4;6;3;0;0;9;0;9;8;6;1;0;2;No;Systems Analyst
3;1;0;7;3;3;4;5;7;5;4;1;7;7;8;8;4;0;1;6;Yes;Cloud Architect
3;6;4;7;3;2;1;3;5;1;3;9;3;3;8;3;4;1;1;5;No;Network Engineer
3;5;8;7;4;5;6;2;9;5;7;3;2;7;0;3;5;7;8;7;Yes;Digital Marketing Specialist
9;5;4;3;4;8;1;9;8;1;0;4;2;8;1;7;5;1;0;8;No;IT Consultant
7;5;2;3;9;8;2;7;0;8;1;7;2;5;6;1;6;0;9;0;Yes;Technical Support Engineer
8;5;4;7;2;1;7;1;2;7;1;5;1;5;0;9;7;9;9;6;No;Research Scientist
8;2;2;4;2;7;7;5;7;4;1;9;7;2;3;5;9;4;1;7;No;Network Administrator
2;5;1;7;7;5;3;0;8;1;0;3;5;7;8;5;3;8;1;5;Yes;IT Project Manager
3;1;4;1;6;0;3;3;7;2;0;4;9;3;7;8;9;3;9;6;Yes;Computer Hardware Engineer
2;6;7;4;1;1;5;5;9;5;3;0;8;4;7;0;0;3;6;9;Yes;DevOps Engineer
2;8;7;2;5;8;8;5;0;7;9;6;4;9;0;6;1;5;8;2;No;Artificial Intelligence Engineer
1;6;8;0;4;5;9;4;7;3;3;5;7;8;6;4;0;4;5;9;No;Computer Hardware Engineer
1;2;2;8;6;9;9;9;7;9;2;4;6;4;4;3;5;6;3;3;Yes;Computer and Information Research Scientist
1;9;4;0;4;3;0;4;3;4;6;0;3;8;8;1;1;3;4;5;Yes;Computer and Information Systems Manager
9;0;1;1;9;6;5;5;4;7;2;9;4;2;9;0;9;8;8;5;No;Network Administrator
6;9;3;2;1;3;2;4;9;8;3;9;7;3;5;0;8;9;6;3;No;Data Scientist
3;5;4;3;6;1;7;8;5;4;8;8;8;1;2;9;2;0;4;8;Yes;Business Intelligence Analyst
7;5;9;4;0;3;3;3;7;9;4;3;9;6;4;9;3;2;9;6;Yes;Computer Network Architect
1;2;7;4;4;6;0;6;8;3;8;3;0;3;2;1;9;1;9;3;No;IT Support Specialist
5;0;0;3;9;1;1;1;0;0;8;3;4;0;8;6;5;6;3;9;Yes;IT Support Specialist
7;1;6;0;7;4;8;2;7;4;2;1;1;4;3;1;7;7;2;9;Yes;Software Developer
6;6;2;1;5;0;1;7;2;1;0;8;7;4;2;0;7;0;3;1;No;IT Sales Professional
3;7;0;7;5;1;6;1;8;5;7;3;2;8;1;0;5;0;2;7;No;Software Developer
2;7;8;6;4;9;1;9;2;9;1;7;2;5;2;2;8;7;0;2;No;Computer Network Architect
3;7;1;1;7;1;0;8;8;5;1;2;0;8;5;3;2;9;4;3;Yes;Network Engineer
9;2;0;8;4;3;9;9;1;0;0;6;4;3;9;4;1;4;6;0;Yes;Cybersecurity Analyst
7;3;9;1;4;8;2;0;5;9;1;7;4;6;3;2;6;8;9;0;Yes;Software Developer
5;4;8;6;0;1;8;7;0;0;9;5;5;2;4;1;7;6;5;9;Yes;IT Sales Professional
0;2;0;8;2;3;1;2;7;5;9;2;5;2;5;9;6;4;1;2;Yes;IT Sales Professional
8;8;1;3;1;8;3;6;2;9;4;8;2;7;4;8;2;1;3;4;No;Blockchain Developer
4;9;5;1;3;3;2;8;5;8;5;0;3;0;9;3;2;5;8;1;No;Web Developer
4;9;1;1;7;3;6;4;2;2;6;6;2;5;5;3;6;8;9;3;Yes;IT Support Specialist
7;3;5;6;2;1;2;8;7;5;7;7;2;8;6;9;6;1;5;0;Yes;Computer and Information Systems Manager
7;2;5;9;1;0;3;9;4;0;8;5;4;4;0;8;4;9;2;3;Yes;DevOps Engineer
6;6;1;9;7;4;8;8;3;2;2;5;6;4;7;6;2;1;5;3;Yes;Data Scientist
2;5;1;4;7;4;0;6;7;4;2;4;8;7;9;9;4;0;6;4;Yes;Technical Writer
6;6;9;7;6;8;1;7;2;2;1;7;8;3;4;4;8;8;2;5;Yes;Full Stack Developer
7;0;9;2;0;7;5;2;3;3;2;9;4;2;5;2;9;1;7;3;Yes;Quality Assurance Engineer
1;4;4;6;4;9;4;1;1;8;7;0;8;3;8;1;6;6;0;6;Yes;Software Engineer
5;1;7;5;2;1;3;2;1;7;2;5;4;2;0;5;8;4;2;7;Yes;Network Administrator
7;6;3;2;1;9;0;1;0;5;0;9;7;7;1;3;3;2;2;3;No;Digital Marketing Specialist
2;2;4;4;8;3;3;3;1;8;9;3;4;8;3;1;9;7;4;1;No;Software Engineer
2;3;9;6;6;1;0;0;3;5;3;5;3;1;8;6;9;4;1;6;Yes;Computer Network Architect
7;8;9;9;9;1;1;2;1;1;8;7;2;9;7;2;7;5;6;2;No;IT Consultant
1;2;1;7;6;7;3;7;9;1;2;5;1;7;5;7;4;1;8;0;No;IT Project Manager
0;5;7;1;2;5;0;7;5;7;5;9;9;1;1;0;5;3;0;7;No;IT Consultant
0;8;2;0;2;6;0;5;8;0;0;4;3;8;5;6;9;9;2;0;Yes;IT Project Manager
5;2;7;1;4;3;8;9;7;4;8;5;4;7;4;4;7;7;9;0;No;Technical Writer
5;1;8;9;3;7;9;4;2;9;8;7;5;9;4;7;7;1;4;3;Yes;Embedded Systems Engineer
7;8;7;0;1;2;3;8;2;7;0;4;2;3;1;3;1;7;7;7;No;Cybersecurity Analyst
9;9;3;4;3;9;2;6;3;1;5;6;5;0;4;1;5;4;4;1;No;Software Engineer
8;7;2;3;4;1;1;8;2;0;6;5;5;6;7;6;0;6;9;2;Yes;Data Scientist
7;2;5;2;9;9;1;8;7;0;8;4;6;8;4;4;3;4;0;5;No;Computer Systems Manager
1;5;1;3;4;0;0;2;2;5;8;8;9;2;4;1;3;2;6;8;No;Business Intelligence Analyst
1;6;4;6;9;7;9;3;8;1;0;4;0;9;2;6;5;5;8;7;No;Computer Network Architect
7;8;8;2;9;1;6;9;1;0;0;4;4;7;5;7;2;2;2;5;No;Computer Network Architect
8;4;7;1;0;6;1;6;8;3;6;2;5;4;9;4;7;3;7;4;No;Software Developer
7;1;1;1;0;9;1;2;0;6;0;7;0;0;8;9;7;3;8;8;Yes;Computer and Information Systems Manager
2;8;6;2;7;1;9;9;5;3;5;6;7;0;3;0;6;1;8;1;No;Artificial Intelligence Engineer
8;3;4;2;9;1;5;8;8;9;8;5;1;7;2;2;6;7;5;0;Yes;Computer Systems Analyst
3;7;4;1;6;9;0;9;9;0;4;6;1;1;2;6;1;4;4;8;Yes;Database Administrator
1;6;8;1;1;2;2;6;4;9;6;8;1;8;0;3;6;1;6;6;Yes;DevOps Engineer
2;6;7;4;0;5;3;5;3;0;0;2;7;8;5;3;2;0;0;2;Yes;IT Project Manager
6;7;0;2;2;5;9;8;7;8;3;2;1;5;6;9;8;6;4;3;No;Cybersecurity Analyst
7;5;6;5;2;1;2;9;2;4;0;6;4;1;7;8;0;0;5;2;No;Database Administrator
5;2;6;0;5;0;6;1;7;2;0;1;8;2;8;8;3;6;2;6;Yes;Cloud Architect
1;1;9;9;9;4;4;2;5;3;0;2;9;4;0;9;8;5;7;1;Yes;Mobile App Developer
2;7;8;9;0;1;3;9;5;7;3;0;6;5;8;8;4;4;0;9;Yes;Computer Hardware Engineer
5;8;7;8;5;3;8;6;0;9;1;5;3;6;0;3;9;1;7;5;No;Systems Analyst
0;2;7;3;6;3;3;7;2;4;5;2;2;3;8;4;3;9;5;5;Yes;Back End Developer
3;7;4;2;7;9;7;1;8;1;6;6;2;3;0;4;9;6;8;6;No;Business Intelligence Analyst
6;2;7;6;3;9;9;6;0;0;3;8;6;0;0;1;7;0;1;3;Yes;Research Scientist
0;4;8;2;6;5;1;4;0;5;4;0;1;5;3;6;1;0;1;2;Yes;Data Scientist
2;9;5;0;3;3;3;9;1;9;7;0;5;2;5;1;3;7;8;5;No;Computer Programmer
8;5;3;1;5;3;4;6;8;6;4;2;7;4;6;9;2;6;5;4;No;Blockchain Developer
3;4;4;4;2;8;8;2;9;8;4;3;6;1;9;5;1;7;9;9;Yes;Technical Support Engineer
1;4;3;8;2;5;2;7;5;8;0;0;0;5;4;5;7;4;8;0;Yes;Technical Writer
8;5;8;3;8;7;0;5;1;2;8;2;7;8;0;0;7;7;0;7;No;Digital Marketing Specialist
2;9;1;9;4;7;9;2;4;3;5;9;9;6;3;5;0;6;8;1;No;Quality Assurance Engineer
0;7;9;4;5;1;5;1;1;4;9;1;2;0;5;7;1;4;2;6;No;Network Administrator
5;0;1;5;4;3;8;2;1;4;9;3;5;9;5;5;2;3;5;5;No;Software Engineer
4;5;2;0;3;6;3;1;7;9;0;5;3;7;4;0;8;0;4;5;Yes;Blockchain Developer
7;6;0;9;8;7;4;4;5;3;0;3;2;6;6;6;2;8;1;2;Yes;DevOps Engineer
8;5;9;1;7;2;0;9;9;7;9;9;2;4;0;1;3;0;6;7;No;Computer Hardware Engineer
1;6;2;5;6;7;3;8;6;4;6;2;3;8;2;0;7;3;9;6;Yes;Full Stack Developer
3;6;7;8;8;5;5;7;7;6;9;0;7;1;1;0;2;2;3;2;Yes;IT Sales Professional
1;8;3;2;4;8;9;7;0;2;5;1;6;4;9;1;6;3;2;5;Yes;Cloud Architect
3;5;2;3;5;4;0;0;9;9;7;6;9;0;1;1;1;7;6;9;Yes;IT Sales Professional
0;8;1;4;6;2;2;1;3;0;2;0;0;7;1;4;2;9;2;8;Yes;Computer Hardware Engineer
5;1;9;7;2;3;7;6;3;7;9;8;0;0;6;8;7;6;3;4;No;Machine Learning Engineer
5;9;9;4;8;4;3;5;2;8;9;7;6;7;3;2;7;7;6;8;Yes;IT Consultant
0;1;9;4;3;6;3;3;9;5;9;2;5;0;2;0;0;5;0;4;Yes;Quality Assurance Engineer
7;0;8;7;8;7;8;6;9;6;9;8;5;5;1;8;5;7;0;0;Yes;Computer and Information Research Scientist
2;5;1;4;3;8;7;2;6;0;0;8;7;6;3;4;0;7;5;6;No;Computer Hardware Engineer
6;1;0;6;1;2;3;9;4;1;9;1;8;8;9;5;5;1;7;4;No;Front End Developer
6;4;8;0;6;0;4;5;6;4;3;0;6;1;4;8;5;1;1;6;Yes;Research Scientist
5;2;6;1;2;6;1;5;5;3;5;4;7;2;0;0;4;8;6;4;No;Technical Writer
8;8;4;0;7;1;7;0;3;2;2;6;6;8;4;5;0;9;4;7;Yes;Game Developer
1;7;6;1;2;7;7;8;1;0;0;2;9;6;7;9;1;4;3;9;No;Digital Marketing Specialist
4;0;9;0;6;3;0;3;0;9;8;2;3;0;9;6;1;0;9;8;No;Network Administrator
8;1;7;9;8;7;4;9;1;7;4;6;4;3;9;2;7;5;5;8;No;DevOps Engineer
0;2;0;2;4;7;3;9;8;3;8;7;3;3;4;0;1;2;0;0;Yes;Quality Assurance Engineer
0;0;1;0;6;2;9;5;8;4;3;9;4;5;4;2;0;7;4;2;No;Data Scientist
1;6;7;0;0;6;9;7;2;2;5;8;4;3;8;8;9;4;5;3;No;Technical Support Engineer
1;1;0;2;9;4;7;1;2;7;5;4;3;0;0;7;8;1;4;7;Yes;Computer Systems Manager
8;9;5;1;3;0;8;6;7;0;4;5;7;9;9;7;2;2;7;8;Yes;Business Intelligence Analyst
1;2;7;9;9;6;5;8;2;1;9;9;5;6;1;4;1;6;8;0;Yes;Quality Assurance Engineer
3;8;7;1;5;5;8;9;8;5;4;1;3;3;6;1;8;1;6;4;No;Network Engineer
5;0;1;2;2;5;5;6;1;2;6;6;5;1;7;3;7;6;8;2;No;Artificial Intelligence Engineer
9;5;9;7;3;5;7;5;9;1;5;2;7;8;1;4;6;4;0;1;No;Game Developer
7;5;8;5;3;8;8;5;6;1;1;1;9;0;3;7;0;5;2;3;No;IT Consultant
0;4;5;8;9;4;1;0;0;2;7;5;3;2;7;6;3;9;2;6;No;Web Developer
8;4;4;4;1;8;9;7;1;8;6;3;5;5;3;5;9;4;2;0;Yes;Data Scientist
1;4;4;5;9;5;1;9;8;9;1;6;9;9;4;7;8;3;1;6;No;Blockchain Developer
2;3;3;0;2;0;9;1;8;1;2;9;9;7;2;6;1;9;5;1;Yes;Artificial Intelligence Engineer
7;9;7;0;1;0;9;6;1;4;4;9;4;1;8;6;0;3;0;9;Yes;Game Developer
9;9;0;6;1;5;0;4;6;8;0;1;0;0;0;0;3;2;4;7;Yes;Network Administrator
3;9;2;3;2;4;6;3;4;7;7;6;8;1;9;3;7;4;4;0;No;Software Engineer
5;2;5;5;5;2;8;7;5;8;3;5;7;4;1;1;3;2;9;2;Yes;Computer Science Teacher
6;0;7;2;1;3;0;3;4;2;4;7;9;2;5;6;5;4;7;6;Yes;Web Developer
5;8;3;6;5;9;6;5;0;6;4;1;4;0;6;7;9;2;2;2;Yes;Web Developer
4;5;0;8;0;2;2;4;8;1;6;5;0;4;1;4;3;3;1;5;Yes;IT Consultant
2;9;3;1;8;4;6;9;8;9;4;9;0;4;3;0;7;2;9;8;No;Computer Science Teacher
8;1;7;9;3;7;4;7;6;6;4;3;1;4;5;4;1;1;0;4;No;UI/UX Designer
4;8;5;4;5;9;2;8;0;4;0;8;8;9;2;2;8;6;0;8;No;IT Project Manager
7;4;8;4;3;4;0;9;1;7;8;8;8;0;8;7;0;9;6;0;No;Software Tester
8;4;7;7;1;8;5;1;8;1;6;1;2;1;9;8;6;6;1;2;Yes;Artificial Intelligence Engineer
4;0;5;1;8;9;2;1;8;3;4;2;1;1;0;3;4;4;7;6;Yes;IT Project Manager
9;4;1;6;8;0;2;7;4;4;4;2;5;9;3;3;6;9;5;1;No;Cloud Architect
9;5;3;0;6;1;5;8;6;4;6;6;0;3;8;4;9;3;1;0;Yes;Computer Programmer
2;2;9;6;9;9;3;1;6;5;1;8;5;0;8;0;3;0;6;2;Yes;Cloud Architect
1;6;9;3;7;8;0;2;6;8;5;5;7;0;5;4;9;6;2;5;No;Machine Learning Engineer
1;6;6;7;7;6;9;4;0;9;1;9;5;7;0;7;4;8;6;7;Yes;IT Consultant
0;1;8;5;7;7;4;9;8;5;1;8;1;1;0;5;3;3;1;6;No;DevOps Engineer
8;0;8;2;8;7;3;1;2;6;5;0;5;0;3;5;9;5;0;0;Yes;IT Consultant
3;0;5;1;3;1;7;4;6;1;0;4;1;5;7;5;5;5;4;6;No;Data Scientist
6;9;3;9;3;8;8;1;3;8;5;0;4;7;5;5;3;8;5;0;Yes;Computer Hardware Engineer
3;7;4;1;8;2;9;2;6;4;1;6;7;9;9;9;2;7;9;6;No;Artificial Intelligence Engineer
2;3;5;8;1;4;7;2;7;5;0;2;0;8;6;0;7;7;6;6;Yes;Computer Hardware Engineer
8;5;0;8;8;9;7;2;9;5;6;0;2;7;1;5;2;4;2;0;No;Digital Marketing Specialist
6;4;9;9;7;1;9;8;8;2;0;1;5;1;0;2;5;1;9;9;Yes;Artificial Intelligence Engineer
3;8;6;4;5;7;2;4;2;4;9;3;9;1;6;4;9;2;2;2;No;IT Support Specialist
1;7;4;8;4;3;4;9;6;6;0;4;6;7;6;1;8;1;4;5;No;Computer Network Architect
1;6;5;4;7;7;1;5;8;3;7;6;7;3;6;1;4;6;1;7;No;Computer Programmer
6;9;2;9;1;7;3;9;8;2;1;1;6;8;0;1;4;5;8;6;Yes;Research Scientist
6;4;9;0;9;9;5;5;5;5;2;0;7;9;2;5;3;5;8;0;No;DevOps Engineer
0;4;9;9;1;2;0;2;9;8;3;8;1;0;7;5;7;2;8;5;Yes;IT Support Specialist
1;4;4;0;4;1;2;3;9;0;3;5;5;6;3;2;1;9;8;7;No;IT Support Specialist
9;2;8;9;5;6;7;0;5;5;8;7;1;5;9;8;6;6;4;0;Yes;Software Developer
5;0;9;6;1;1;7;6;2;6;6;1;9;0;7;7;5;3;0;9;No;IT Support Specialist
8;1;2;3;7;1;5;4;2;7;7;0;3;1;9;2;9;2;2;0;Yes;Research Scientist
8;5;9;9;3;7;5;4;2;0;6;3;5;2;8;4;9;2;6;2;No;Artificial Intelligence Engineer
6;2;3;0;8;8;1;3;7;0;1;7;2;9;0;4;5;2;9;9;No;Software Developer
1;3;5;4;5;3;7;9;8;6;6;9;0;1;5;7;7;3;0;2;No;Systems Analyst
7;3;6;2;0;8;2;6;1;1;9;4;3;4;2;6;2;3;3;5;No;Artificial Intelligence Engineer
6;8;7;1;5;0;5;7;1;8;9;8;8;8;4;3;9;3;3;3;No;Front End Developer
9;4;2;8;3;1;9;6;4;6;6;0;3;4;3;2;8;6;4;7;Yes;Back End Developer
7;6;1;1;2;0;6;6;9;9;4;0;1;4;2;6;4;5;5;2;No;Mobile App Developer
6;4;0;2;6;1;2;3;9;5;0;6;1;4;2;5;3;0;8;7;Yes;Software Developer
4;4;6;8;6;7;7;7;0;3;6;3;1;2;2;8;1;8;6;8;Yes;Cybersecurity Analyst
0;3;4;7;6;1;9;1;7;4;5;7;5;5;5;1;7;1;7;3;Yes;Technical Support Engineer
9;1;9;5;0;4;3;0;7;5;2;2;2;4;0;6;9;8;4;5;No;Research Scientist
2;0;6;6;3;1;6;9;6;3;3;7;9;8;3;8;9;5;2;1;No;Full Stack Developer
5;4;4;9;3;2;5;9;3;2;7;4;7;8;0;1;4;1;3;9;Yes;Software Engineer
8;5;6;1;2;4;2;2;8;5;6;1;1;6;4;6;0;3;3;1;Yes;Mobile App Developer
2;3;2;9;7;5;4;1;5;0;4;7;9;5;0;1;8;9;8;2;No;Computer and Information Systems Manager
4;2;7;9;7;7;3;3;9;0;9;1;6;6;5;7;6;5;0;0;Yes;Computer Network Architect
4;4;7;7;6;8;4;7;5;6;6;1;6;9;7;2;2;7;4;4;No;Embedded Systems Engineer
9;5;2;9;6;8;9;3;7;7;3;2;0;7;7;2;5;4;1;9;No;IT Sales Professional
6;6;9;3;0;6;7;0;9;9;8;4;8;5;1;0;1;2;2;8;No;Computer Network Architect
7;5;0;5;4;1;9;2;2;1;4;4;0;6;1;4;3;9;6;0;No;UI/UX Designer
3;3;4;2;4;4;6;5;9;4;8;0;9;5;1;5;2;5;4;8;No;Full Stack Developer
8;9;0;6;1;3;7;6;8;5;4;9;1;6;6;2;4;0;6;0;Yes;DevOps Engineer
2;4;2;1;1;7;7;6;5;3;2;4;9;0;6;5;4;3;4;8;Yes;Data Scientist
7;5;9;6;9;8;1;3;8;1;4;1;3;1;1;2;1;8;6;8;No;Back End Developer
2;3;0;2;3;6;4;0;9;5;7;3;7;5;8;7;8;8;4;3;No;Cloud Architect
0;9;9;9;7;2;8;2;8;7;2;8;5;2;2;6;7;2;3;4;Yes;Network Administrator
7;8;6;0;1;0;2;6;1;8;6;7;2;8;5;6;5;1;9;0;No;IT Project Manager
2;9;0;5;6;7;9;2;1;1;6;4;6;5;9;2;2;9;3;3;Yes;Computer Programmer
4;0;2;5;7;8;5;5;8;1;0;7;4;3;0;3;4;0;0;1;No;Business Intelligence Analyst
5;3;6;7;8;5;1;7;2;3;5;1;1;4;9;8;5;4;4;8;Yes;Quality Assurance Engineer
2;4;3;5;0;2;5;4;2;5;6;4;3;5;8;3;8;1;5;8;No;Systems Analyst
2;4;4;2;2;3;5;9;6;0;7;5;9;0;3;8;8;3;1;9;Yes;Computer and Information Systems Manager
0;7;3;8;2;1;5;2;9;4;7;5;4;9;5;8;2;1;8;0;Yes;Quality Assurance Engineer
0;6;6;2;9;0;7;5;5;6;5;7;0;7;6;1;2;9;1;0;Yes;UI/UX Designer
9;2;7;0;8;5;8;9;4;9;5;7;9;4;0;4;8;7;2;6;Yes;IT Support Specialist
7;9;4;3;8;1;2;1;0;4;9;5;8;9;7;8;9;6;2;8;No;Machine Learning Engineer
5;8;4;9;3;3;8;9;7;6;5;4;6;8;9;8;7;1;1;1;No;Embedded Systems Engineer
5;6;5;1;5;0;1;5;7;2;2;6;1;4;7;2;5;1;4;0;Yes;Computer Programmer
2;3;9;0;7;6;7;5;5;3;2;5;1;8;1;5;0;5;8;4;No;Computer Systems Analyst
7;8;9;1;5;8;9;3;5;8;0;8;6;0;7;1;8;7;7;3;Yes;Data Scientist
5;9;1;6;4;4;7;1;1;8;2;9;9;6;4;6;5;2;7;6;No;Cloud Architect
4;6;8;8;9;6;2;7;7;4;3;0;2;6;4;8;0;4;4;6;Yes;Computer Network Architect
8;0;7;7;4;2;6;7;4;0;3;4;2;2;5;9;7;9;9;4;No;IT Project Manager
1;1;9;6;0;8;7;1;4;8;4;6;1;7;3;3;2;2;4;4;No;Blockchain Developer
3;7;8;9;2;0;8;4;6;6;8;7;0;9;5;0;5;2;8;0;Yes;Software Developer
2;5;9;2;1;1;9;7;1;5;7;5;3;7;9;0;6;5;8;4;No;Software Developer
0;2;5;9;3;8;6;5;8;0;9;4;1;1;9;5;1;0;1;7;Yes;Cybersecurity Analyst
0;4;4;5;8;4;3;0;4;3;3;4;8;6;7;8;9;0;4;2;Yes;Network Engineer
5;5;7;2;6;8;7;8;4;6;7;6;0;9;0;7;7;7;6;4;Yes;Computer Programmer
1;2;8;3;8;5;0;3;8;2;7;5;1;7;0;5;4;4;2;2;Yes;IT Project Manager
3;4;1;5;7;7;2;9;1;2;9;9;1;1;8;4;0;1;2;6;Yes;Full Stack Developer
5;9;4;0;4;5;9;7;6;3;7;4;3;2;8;3;1;6;3;7;Yes;IT Consultant
7;6;5;1;9;4;9;3;9;2;2;5;0;5;6;9;3;5;2;3;Yes;Web Developer
0;1;7;9;4;5;5;7;4;5;7;4;4;6;1;6;7;2;2;7;No;Game Developer
9;7;7;7;3;2;6;8;3;6;1;9;3;3;8;6;1;4;0;9;No;Technical Support Engineer
0;5;9;7;2;5;2;6;6;4;7;8;3;2;3;0;0;2;6;7;Yes;Business Intelligence Analyst
2;0;0;9;2;4;2;8;6;9;1;0;7;1;5;7;1;3;4;0;Yes;Front End Developer
4;0;8;4;6;3;3;4;2;8;2;1;1;9;3;5;1;5;9;9;Yes;Network Engineer
6;1;8;5;9;0;0;8;3;8;7;0;5;4;6;6;0;8;3;8;No;Computer Systems Analyst
1;3;7;9;7;7;2;4;4;0;7;1;2;7;8;2;5;7;9;9;Yes;Network Engineer
1;7;5;2;6;3;1;9;7;1;7;6;1;9;3;5;2;5;7;7;Yes;DevOps Engineer
8;9;4;7;7;9;8;0;4;2;2;9;0;5;2;9;6;2;3;9;No;Network Engineer
4;0;9;8;6;1;5;5;0;5;7;2;2;4;1;2;8;2;9;0;No;Mobile App Developer
5;0;9;0;6;7;7;4;5;8;9;6;9;2;0;0;0;6;9;6;Yes;Embedded Systems Engineer
5;7;3;9;2;5;8;0;9;4;7;7;5;2;9;8;0;5;8;0;No;Front End Developer
4;2;7;4;6;9;6;8;1;4;5;9;3;6;6;9;7;5;5;8;No;IT Support Specialist
3;1;4;4;9;7;5;7;6;2;7;1;1;2;9;7;5;7;7;1;Yes;Computer Network Architect
3;9;9;2;2;3;5;1;7;8;7;4;6;3;5;1;7;8;0;0;No;Computer Systems Analyst
9;8;5;6;8;6;9;2;5;7;2;4;7;5;1;1;8;0;3;9;Yes;Machine Learning Engineer
2;3;7;3;4;7;3;2;9;0;0;1;2;2;1;1;7;1;3;4;No;Cybersecurity Analyst
9;8;8;1;2;0;1;8;0;7;0;6;8;8;9;1;4;2;6;3;No;Machine Learning Engineer
9;4;6;3;5;0;3;9;3;8;5;1;0;2;0;4;1;5;2;2;No;Computer Systems Analyst
7;2;1;7;8;7;0;6;1;8;0;6;1;8;4;6;4;9;1;6;No;Data Scientist
9;7;2;7;0;0;7;5;8;9;2;7;6;0;8;3;6;3;0;8;No;Back End Developer
9;6;3;1;6;7;6;1;1;0;5;7;7;4;6;8;0;1;6;0;No;Database Administrator
9;4;0;7;1;3;7;7;9;2;1;6;4;8;7;0;1;6;2;9;Yes;Digital Marketing Specialist
4;3;4;2;0;8;7;9;8;6;0;5;3;4;8;3;8;9;8;0;Yes;Full Stack Developer
1;0;1;5;4;4;8;4;8;0;0;2;3;6;9;0;1;7;7;6;No;Technical Support Engineer
0;6;2;5;6;9;9;7;2;6;5;0;5;3;9;1;8;8;1;9;No;Research Scientist
6;5;0;6;1;1;8;9;8;9;5;9;6;6;4;4;3;3;5;3;No;Software Developer
5;0;8;2;7;5;1;6;3;6;0;3;7;5;1;8;8;7;2;0;Yes;Software Tester
2;6;8;0;4;8;3;8;8;2;7;3;9;5;5;4;9;5;3;7;Yes;Software Engineer
7;7;5;4;9;3;5;1;0;2;8;0;2;1;5;8;0;5;5;4;No;Computer Systems Manager
4;7;0;2;4;7;2;4;5;7;6;4;0;2;1;0;0;3;7;5;No;Software Tester
3;6;0;2;6;3;1;2;7;8;2;6;0;4;3;8;0;1;1;9;No;Computer Systems Manager
3;4;4;7;0;4;5;5;7;4;8;5;7;5;9;9;8;5;3;3;No;Machine Learning Engineer
0;6;1;0;3;1;8;5;9;1;4;4;6;9;1;8;2;5;4;8;No;Research Scientist
2;1;5;5;5;0;3;5;1;8;8;5;6;5;6;6;3;2;2;0;No;Cybersecurity Analyst
6;1;0;6;9;5;6;6;0;4;2;2;1;2;0;3;2;1;7;2;No;DevOps Engineer
8;4;7;2;7;4;0;3;5;2;3;5;8;8;3;6;0;8;9;1;Yes;Cloud Architect
7;8;0;2;3;4;1;7;1;8;0;6;3;3;7;2;8;4;1;5;Yes;Network Engineer
4;4;2;1;4;3;5;1;5;2;2;0;8;3;6;2;1;9;1;6;Yes;Computer Systems Manager
5;7;0;0;4;1;4;3;1;7;8;7;0;3;4;4;9;2;3;1;Yes;Blockchain Developer
0;1;1;7;8;4;4;6;1;5;3;1;9;8;2;4;3;6;7;7;Yes;IT Project Manager
1;1;4;6;5;0;5;4;9;7;3;8;7;4;7;6;7;1;6;3;Yes;Network Engineer
9;6;4;1;7;4;1;4;2;9;4;9;5;9;9;3;6;0;0;6;Yes;Web Developer
3;1;2;6;6;3;2;1;8;9;5;3;5;8;8;6;7;1;5;6;Yes;Mobile App Developer
5;8;7;5;1;0;0;1;6;5;0;2;2;0;5;7;9;8;2;8;Yes;Software Developer
9;3;4;4;1;5;7;3;5;9;4;3;3;0;8;6;8;8;8;7;Yes;Computer Programmer
0;9;6;2;3;9;6;2;3;1;9;4;4;1;3;5;4;1;5;4;Yes;IT Support Specialist
4;3;7;3;2;6;6;5;8;3;7;2;1;3;4;8;7;3;6;9;No;Network Engineer
1;4;4;5;7;8;0;9;9;3;2;6;1;6;0;4;6;2;4;1;No;Game Developer
0;3;3;4;8;9;2;6;4;1;5;5;2;2;0;6;6;0;2;4;Yes;UI/UX Designer
8;5;5;8;3;0;0;7;0;6;4;1;8;2;6;5;3;7;2;8;No;IT Support Specialist
7;3;0;0;2;9;2;0;5;4;8;2;1;9;7;9;2;8;8;5;No;Systems Analyst
9;6;0;7;9;4;9;1;4;8;0;0;1;4;6;4;4;4;8;7;No;Web Developer
2;3;2;6;6;2;7;1;6;4;8;8;9;4;9;7;9;1;8;9;No;IT Project Manager
0;9;9;2;4;8;4;3;5;9;8;1;9;1;8;8;9;4;6;6;Yes;Research Scientist
2;5;9;2;9;0;9;4;8;2;6;7;1;0;2;8;5;4;1;0;No;IT Project Manager
9;3;5;5;1;1;5;2;8;2;6;5;6;5;3;5;8;6;8;7;Yes;Artificial Intelligence Engineer
2;1;8;0;9;1;0;0;7;3;9;6;3;8;0;1;1;2;7;5;No;Machine Learning Engineer
3;0;9;3;2;6;5;4;4;7;3;2;0;1;5;3;5;8;5;4;No;Front End Developer
1;3;9;8;3;5;1;8;2;5;3;8;1;7;1;4;1;5;8;8;Yes;Computer and Information Research Scientist
8;9;1;9;4;8;0;4;6;0;8;9;5;9;5;5;2;8;1;3;Yes;Machine Learning Engineer
3;5;4;1;1;4;4;0;4;8;8;7;3;4;5;2;5;2;6;9;Yes;Blockchain Developer
1;4;5;4;2;0;5;0;5;9;5;3;3;2;9;3;1;9;8;5;No;Computer Systems Analyst
4;0;3;1;6;8;4;3;2;5;0;1;9;0;8;1;5;4;0;5;No;Cybersecurity Analyst
4;7;5;7;1;7;0;4;0;6;5;1;1;5;5;7;3;2;3;1;Yes;Computer Systems Analyst
5;7;5;7;9;3;7;6;6;9;8;9;4;1;4;7;4;1;2;9;Yes;Computer Systems Manager
4;8;3;7;1;0;3;5;6;8;4;1;4;2;2;9;6;8;5;4;No;Digital Marketing Specialist
2;2;1;5;9;9;1;9;2;4;0;8;3;8;1;2;2;6;8;4;No;Computer Systems Analyst
5;1;8;6;1;5;6;3;4;0;3;0;1;6;7;5;3;9;6;0;No;Computer Systems Analyst
6;4;9;6;1;1;9;7;4;6;2;0;6;1;9;8;3;0;4;5;Yes;Computer Network Architect
1;2;2;9;2;9;0;7;5;7;7;5;5;7;8;7;8;9;9;0;Yes;Technical Writer
1;4;3;5;8;7;6;7;5;6;6;4;9;9;1;9;4;0;0;7;Yes;Business Intelligence Analyst
6;8;1;7;7;4;4;8;9;6;5;6;6;1;7;8;4;3;7;2;No;Business Intelligence Analyst
6;3;3;6;3;9;5;6;5;6;8;3;6;0;0;3;3;3;8;8;No;Embedded Systems Engineer
9;2;8;2;5;7;9;9;4;2;4;2;8;1;7;9;6;8;2;3;Yes;Front End Developer
1;5;2;6;9;4;3;8;9;0;1;4;7;4;4;8;3;7;1;7;No;Software Tester
4;9;9;1;8;2;3;4;9;7;3;8;7;7;2;3;6;6;5;4;Yes;Digital Marketing Specialist
2;2;5;7;9;9;4;2;7;8;8;9;6;4;9;0;6;6;8;5;Yes;Cybersecurity Analyst
2;3;7;2;0;6;7;4;5;1;9;1;4;7;0;4;5;1;2;1;No;Data Scientist
8;0;0;2;9;6;0;8;1;5;2;7;9;3;4;5;4;8;4;7;Yes;Data Scientist
7;9;6;7;9;9;9;0;1;2;4;3;6;1;8;6;4;3;0;8;No;Blockchain Developer
4;0;1;0;2;6;8;9;1;7;2;5;3;4;1;5;3;0;1;6;No;IT Sales Professional
4;4;5;7;8;0;0;5;1;2;6;1;3;5;0;0;5;0;2;0;Yes;Software Engineer
8;3;6;0;2;2;9;5;3;6;0;0;7;5;1;2;0;6;9;6;No;Mobile App Developer
3;8;2;2;7;7;1;2;8;8;9;5;0;2;8;2;3;2;6;2;Yes;IT Support Specialist
5;2;7;8;1;9;9;1;5;5;0;6;6;7;8;9;4;6;1;5;Yes;Computer Systems Analyst
2;4;9;9;8;9;6;9;7;5;6;0;6;3;0;5;5;6;7;3;Yes;Computer Science Teacher
3;4;2;7;2;0;5;8;3;9;2;1;4;5;4;2;8;5;9;0;Yes;Business Intelligence Analyst
9;9;0;0;9;7;6;7;4;4;0;2;7;0;8;2;2;3;9;7;No;Digital Marketing Specialist
1;0;7;1;8;2;3;7;2;6;2;1;8;6;0;8;5;4;8;8;No;Computer Network Architect
5;1;6;7;0;0;3;6;7;4;8;9;7;4;8;3;0;8;0;9;Yes;Game Developer
2;8;2;0;9;6;6;0;9;3;3;4;7;3;0;7;2;8;3;9;No;Computer Network Architect
4;1;2;9;9;6;9;2;6;6;4;3;7;0;5;1;6;1;8;0;Yes;IT Project Manager
5;7;1;3;7;6;3;0;0;8;5;7;8;8;3;2;7;9;0;8;No;Computer Programmer
9;4;5;9;9;9;8;7;7;1;9;3;7;0;9;4;2;1;0;5;No;Technical Writer
8;7;1;9;9;7;7;7;3;0;5;3;6;9;8;6;5;7;8;1;No;UI/UX Designer
2;7;7;8;8;9;0;5;1;0;1;1;8;8;1;7;8;6;3;2;Yes;Network Administrator
0;1;5;3;6;0;6;5;5;9;7;5;9;8;6;3;5;1;2;8;No;Technical Writer
7;6;7;0;5;4;3;9;2;9;0;6;2;3;7;7;3;2;5;5;No;Computer Programmer
8;6;3;8;9;1;1;9;7;8;3;3;1;1;9;2;3;8;6;3;Yes;UI/UX Designer
7;0;3;9;1;4;6;3;3;4;4;1;1;5;7;3;5;1;4;5;Yes;Business Intelligence Analyst
3;4;7;6;4;3;8;0;7;1;8;4;2;9;4;8;1;8;4;9;No;Machine Learning Engineer
8;9;3;0;5;6;7;2;8;4;4;7;7;7;4;3;4;3;0;0;Yes;Game Developer
0;9;7;5;4;0;5;3;9;7;1;8;9;2;0;5;8;2;6;4;No;Cloud Architect
0;4;3;2;1;8;3;9;4;5;0;4;2;4;9;2;2;6;1;7;Yes;Systems Analyst
4;3;5;8;0;5;1;8;6;4;8;1;9;4;1;8;1;8;2;7;Yes;Network Administrator
6;2;0;1;7;8;8;0;9;1;0;5;8;2;4;1;2;0;6;7;Yes;Computer Science Teacher
4;2;7;7;9;5;1;5;0;2;3;5;8;0;0;9;7;4;2;0;Yes;Mobile App Developer
0;3;8;5;0;8;1;1;1;7;0;4;1;0;6;1;9;3;2;0;No;Computer and Information Research Scientist
0;6;5;1;8;6;7;7;7;7;4;8;7;7;7;2;5;0;9;6;No;IT Project Manager
2;3;9;9;6;9;9;0;7;3;9;7;7;1;8;2;5;9;1;9;No;IT Project Manager
5;7;1;4;5;9;1;0;4;9;8;9;7;5;2;2;4;4;2;5;Yes;IT Support Specialist
9;9;8;5;5;4;2;5;0;0;5;4;2;5;1;6;2;2;0;7;Yes;Software Engineer
3;5;4;8;1;4;6;7;3;7;9;4;9;2;8;8;2;5;1;3;No;Embedded Systems Engineer
8;3;1;4;7;1;1;6;7;5;2;4;8;8;3;9;3;0;8;6;Yes;Back End Developer
5;7;5;0;0;1;8;2;8;0;3;0;7;8;1;6;9;4;7;9;No;Cybersecurity Analyst
8;0;9;3;4;4;2;8;8;7;9;2;7;2;8;1;6;9;3;0;Yes;Game Developer
7;9;0;0;1;8;8;5;5;6;8;7;3;8;2;8;9;5;3;5;Yes;Software Tester
7;2;0;4;8;0;2;4;0;9;7;4;5;6;2;6;0;0;1;6;No;Software Tester
0;3;7;9;6;1;9;2;3;7;4;8;0;0;7;5;3;5;5;3;Yes;Computer and Information Systems Manager
2;7;6;2;4;3;3;1;2;0;8;6;8;0;4;5;0;3;9;7;Yes;Embedded Systems Engineer
1;4;4;7;5;9;6;6;2;4;9;5;9;5;8;9;6;2;1;1;No;Network Engineer
5;3;5;2;4;4;1;2;1;5;5;1;3;7;1;8;6;6;9;8;No;Business Intelligence Analyst
3;4;9;6;2;9;8;1;3;4;2;0;7;5;5;2;0;8;6;7;No;Software Tester
9;7;4;2;8;1;3;0;3;4;6;6;8;7;8;4;2;6;4;6;No;Embedded Systems Engineer
1;9;5;4;0;5;9;7;9;5;5;2;0;5;2;4;2;0;7;2;No;Software Tester
3;4;6;7;4;0;2;0;7;5;7;9;4;2;1;1;2;0;7;9;Yes;Research Scientist
8;5;8;2;3;6;6;6;7;8;2;6;8;6;5;6;2;6;8;8;No;Digital Marketing Specialist
6;2;5;1;3;2;1;7;6;9;9;5;1;8;5;2;4;7;7;9;Yes;Web Developer
1;2;0;3;0;6;5;0;4;6;3;2;7;4;1;6;0;0;2;7;No;Computer Network Architect
4;6;2;9;0;4;8;0;3;0;0;8;6;3;0;6;3;6;8;1;Yes;Cloud Architect
9;2;3;8;6;9;1;4;5;6;0;2;8;6;6;6;4;8;4;4;Yes;DevOps Engineer
3;2;7;6;2;7;7;7;4;3;5;5;1;5;5;0;0;9;4;5;Yes;IT Project Manager
7;7;9;1;9;4;4;9;6;9;1;4;1;0;3;4;5;6;1;0;Yes;Quality Assurance Engineer
1;3;0;4;0;9;0;6;4;7;2;5;6;3;5;7;5;7;5;8;Yes;Quality Assurance Engineer
3;3;1;2;9;8;7;5;4;2;2;9;6;2;3;2;0;3;2;5;No;Research Scientist
6;5;1;1;7;0;8;0;8;1;9;5;4;8;6;0;4;5;1;1;No;Computer Programmer
9;7;9;3;5;0;0;1;2;8;8;8;3;5;6;5;1;4;4;0;No;Software Developer
1;3;6;6;4;3;3;6;2;5;0;9;0;2;3;7;1;2;5;7;Yes;Business Intelligence Analyst
6;4;1;8;4;5;8;7;2;1;5;3;0;3;0;1;8;5;2;5;No;Research Scientist
1;7;3;8;4;5;7;9;8;3;1;6;4;6;9;1;0;3;9;2;No;Computer and Information Research Scientist
0;8;3;4;7;7;4;1;9;0;4;8;7;4;0;2;3;5;9;9;Yes;Computer Programmer
0;7;2;9;5;7;5;7;1;9;0;2;7;8;0;3;1;4;2;1;No;IT Project Manager
3;9;6;3;8;5;4;8;5;3;4;3;9;7;1;0;0;0;3;0;Yes;Blockchain Developer
9;5;8;6;1;1;0;5;7;5;9;8;8;4;8;5;6;3;7;8;Yes;Artificial Intelligence Engineer
3;6;8;1;9;7;2;0;8;7;3;8;3;0;3;7;8;8;9;5;No;Technical Writer
3;4;1;8;3;1;6;1;5;4;8;3;1;7;2;5;8;5;9;8;No;Computer and Information Systems Manager
2;5;3;4;5;7;7;4;4;6;1;4;1;7;3;2;8;6;9;0;No;Computer Programmer
2;9;3;7;5;2;5;8;5;8;5;3;9;1;2;7;7;1;9;9;Yes;Web Developer
9;0;9;4;3;7;1;2;4;6;4;8;1;6;8;6;0;2;0;4;No;Computer and Information Systems Manager
0;0;3;6;2;8;2;4;7;7;0;2;0;6;2;9;6;5;1;5;No;Embedded Systems Engineer
7;3;8;3;9;8;3;8;0;0;4;9;9;3;7;1;8;5;5;7;No;Front End Developer
3;6;6;4;8;1;6;3;2;6;7;9;9;7;5;6;8;4;1;2;Yes;Back End Developer
7;4;1;1;0;3;9;2;3;4;4;5;0;5;1;8;9;9;6;2;Yes;Business Intelligence Analyst
5;3;1;2;5;6;9;9;2;4;2;0;3;7;6;7;8;5;8;9;No;Software Tester
1;5;4;7;1;3;7;6;1;2;3;2;5;4;0;7;6;6;3;9;Yes;Research Scientist
5;7;4;8;2;8;0;7;7;2;8;7;7;9;8;7;2;1;9;7;No;Software Tester
9;4;6;9;6;3;5;7;5;9;3;1;4;1;0;7;5;5;6;9;Yes;Computer Network Architect
4;7;4;3;7;1;4;4;1;1;4;7;5;5;0;3;5;3;0;6;No;Web Developer
5;0;9;1;1;7;9;1;6;7;2;7;4;9;3;7;7;2;8;0;No;Data Scientist
6;5;7;8;5;3;2;2;9;9;0;5;4;8;8;7;3;1;2;5;No;Back End Developer
7;1;7;8;2;2;3;4;1;8;5;6;1;0;6;0;5;9;8;6;No;Embedded Systems Engineer
2;1;2;2;6;5;1;3;1;0;6;7;9;3;7;7;9;0;0;4;Yes;Quality Assurance Engineer
4;2;2;2;4;3;3;8;3;2;4;5;8;8;8;6;8;5;5;2;No;Network Administrator
0;9;9;7;7;4;3;4;4;6;6;0;3;4;3;8;5;3;6;1;No;Front End Developer
1;1;9;3;7;9;3;2;4;7;6;7;9;3;6;9;0;7;4;0;Yes;Web Developer
8;0;8;7;1;6;8;7;1;1;8;0;3;0;3;0;6;7;1;4;No;IT Sales Professional
7;9;9;8;8;6;7;3;6;0;0;9;9;4;0;6;1;4;9;4;No;Front End Developer
7;6;7;6;6;7;8;4;9;8;7;6;3;3;3;2;5;0;6;3;No;Web Developer
0;3;9;1;6;1;6;2;0;7;3;8;8;4;4;6;4;1;2;7;No;Technical Support Engineer
3;7;8;4;8;5;4;5;4;7;2;1;2;4;2;7;8;4;6;1;No;DevOps Engineer
4;2;6;3;9;5;3;3;8;4;3;4;1;5;0;5;6;0;4;2;Yes;DevOps Engineer
6;7;9;3;7;3;6;5;9;7;1;2;9;7;3;0;0;5;6;2;Yes;Machine Learning Engineer
1;0;7;7;2;2;9;4;7;6;4;6;2;7;4;0;9;9;0;8;No;Computer Systems Manager
7;0;4;2;5;6;5;7;1;2;1;0;2;0;6;4;6;5;1;4;No;Software Tester
9;5;6;2;9;5;7;6;7;6;5;7;0;9;6;2;8;7;1;6;Yes;IT Project Manager
9;6;6;1;3;1;0;5;9;0;2;1;4;6;1;3;1;3;8;1;Yes;Software Tester
2;9;6;5;3;9;3;7;5;2;0;1;4;5;8;1;1;0;2;6;Yes;IT Project Manager
5;8;2;2;6;6;5;1;9;9;2;1;0;8;7;5;7;4;0;7;Yes;Digital Marketing Specialist
8;6;9;5;5;6;7;3;5;6;8;3;7;3;0;5;7;9;1;9;Yes;Mobile App Developer
7;9;9;4;7;1;3;7;3;8;5;2;2;1;9;7;5;1;1;9;Yes;Computer and Information Systems Manager
0;0;6;1;4;3;1;4;1;2;0;5;4;9;1;7;5;6;5;4;Yes;Embedded Systems Engineer
7;5;5;2;2;6;5;3;3;0;4;3;7;8;3;1;9;4;8;2;Yes;Computer Hardware Engineer
4;8;7;8;9;8;1;1;7;1;8;8;3;4;3;9;5;1;7;8;Yes;Computer Systems Manager
5;5;4;3;7;5;3;8;7;9;4;7;1;2;8;1;8;4;2;3;Yes;Machine Learning Engineer
4;0;2;8;1;5;6;8;7;3;3;8;5;7;1;6;4;1;8;6;Yes;IT Sales Professional
7;0;2;1;0;6;5;2;5;6;9;6;9;5;6;7;6;9;7;9;No;DevOps Engineer
8;4;7;4;0;5;8;0;5;0;6;7;1;6;6;0;1;1;0;6;No;DevOps Engineer
7;4;6;7;6;2;9;4;2;6;3;4;4;5;3;2;6;3;3;5;Yes;Network Engineer
5;0;9;9;1;4;7;6;4;1;8;3;5;0;2;0;8;8;2;7;Yes;Research Scientist
4;7;1;3;7;5;6;4;0;9;5;3;9;1;9;2;4;8;8;2;No;Computer and Information Research Scientist
2;5;4;0;1;9;7;2;3;5;3;6;8;8;1;2;5;1;1;4;No;Technical Writer
3;6;3;1;5;5;8;4;9;6;2;6;2;5;7;6;5;3;2;9;No;Back End Developer
5;0;7;7;1;0;9;6;5;5;5;4;0;7;5;8;1;9;8;9;Yes;Systems Analyst
5;0;4;5;0;2;8;9;6;4;5;1;5;9;5;9;0;6;2;2;No;Software Tester
2;7;3;4;7;0;1;1;3;2;0;8;7;6;1;2;7;0;1;2;Yes;Technical Support Engineer
6;7;7;0;4;3;4;9;8;8;0;4;6;9;0;0;9;2;1;2;Yes;Business Intelligence Analyst
1;6;1;3;2;3;6;9;4;1;7;7;6;3;1;6;7;9;5;5;No;Software Developer
6;7;2;8;9;3;5;0;0;6;1;7;0;1;7;9;6;8;6;9;No;Business Intelligence Analyst
0;2;0;2;6;2;1;5;7;6;5;0;3;7;0;9;1;4;9;6;No;Technical Writer
5;6;5;1;1;4;8;0;7;9;9;8;6;0;9;9;2;0;5;0;Yes;IT Project Manager
4;3;7;6;1;1;1;2;1;2;3;1;9;0;9;8;9;2;9;3;Yes;IT Support Specialist
5;8;3;5;4;7;8;3;9;9;7;2;7;3;7;1;7;2;1;9;Yes;Research Scientist
7;3;5;1;8;2;1;3;2;0;1;8;6;5;8;5;2;6;8;6;No;Full Stack Developer
4;3;7;1;6;5;1;5;4;6;6;4;1;4;8;2;7;1;1;5;Yes;Computer Hardware Engineer
2;1;9;2;7;0;5;4;3;5;1;7;2;8;8;5;9;6;0;8;No;Computer Programmer
6;9;8;0;5;3;0;3;8;7;4;4;5;3;3;0;3;0;7;3;No;Data Scientist
7;8;3;1;7;0;0;4;2;8;2;7;6;1;0;9;0;6;5;7;No;Software Developer
1;2;1;5;6;3;8;2;3;8;8;9;7;6;9;7;6;3;9;9;No;Computer and Information Research Scientist
9;9;1;5;4;6;2;5;7;0;7;0;0;8;6;7;5;0;3;4;Yes;Front End Developer
8;5;6;3;4;1;0;0;6;6;7;8;7;5;0;1;5;7;4;2;No;Blockchain Developer
2;6;3;0;6;3;1;5;9;6;2;9;3;8;0;5;8;9;9;1;Yes;Computer Science Teacher
9;5;1;0;0;8;9;3;1;5;0;0;3;5;3;3;6;5;3;9;No;Research Scientist
6;5;1;3;4;5;8;8;3;6;6;9;1;1;4;2;0;5;9;0;Yes;Data Scientist
0;3;2;1;2;7;2;9;0;5;2;3;5;2;4;2;0;8;6;5;No;Web Developer
2;2;2;0;4;9;7;6;9;3;3;1;7;6;0;2;1;9;5;1;Yes;Computer and Information Systems Manager
8;4;9;3;2;3;4;0;9;2;9;0;9;7;6;7;1;8;4;7;Yes;Mobile App Developer
6;8;4;8;4;4;0;6;7;6;9;1;7;5;5;8;4;9;9;2;No;Software Engineer
3;8;2;9;7;8;7;0;9;6;0;4;1;2;7;6;9;2;8;9;Yes;Artificial Intelligence Engineer
1;0;7;4;7;2;6;7;9;3;6;0;8;9;0;4;0;5;9;1;Yes;IT Project Manager
4;2;6;0;9;3;3;3;5;8;1;7;8;7;7;2;8;1;5;7;No;Mobile App Developer
0;2;8;6;1;3;6;0;9;3;3;2;8;0;5;5;8;0;5;5;No;Embedded Systems Engineer
0;0;4;1;9;3;7;7;1;0;3;7;6;4;0;2;3;0;1;8;Yes;IT Consultant
9;4;6;2;6;1;1;2;3;7;6;1;1;0;1;7;7;2;1;0;Yes;Mobile App Developer
7;5;6;8;0;3;6;1;5;9;2;6;6;0;5;9;3;4;5;6;No;Computer Programmer
9;9;5;4;7;5;2;0;7;2;5;9;4;9;2;4;3;8;3;4;Yes;DevOps Engineer
4;8;5;9;8;8;0;7;4;7;0;2;6;8;6;2;2;3;6;5;No;Computer Network Architect
7;7;1;9;3;2;1;7;6;3;2;4;5;5;8;9;6;0;4;8;No;Computer Systems Analyst
9;3;6;7;0;7;9;6;9;8;2;5;6;2;9;0;8;0;8;8;Yes;Cybersecurity Analyst
5;6;0;7;4;1;4;6;6;7;9;2;5;0;9;3;3;9;7;7;No;Cloud Architect
2;2;6;9;0;4;5;0;6;0;2;0;6;4;0;8;3;6;9;0;No;Computer Programmer
7;3;5;5;3;8;9;3;8;3;4;7;2;2;0;7;1;1;8;3;Yes;Artificial Intelligence Engineer
9;9;8;0;7;9;7;2;4;1;4;0;4;1;3;1;3;8;7;2;No;Full Stack Developer
0;7;0;2;9;7;9;6;1;2;0;1;6;8;1;5;8;1;2;0;Yes;Digital Marketing Specialist
5;0;6;9;5;8;5;6;6;4;7;9;7;2;7;5;9;3;8;1;No;Software Tester
5;4;1;6;8;8;0;9;0;5;7;3;6;2;1;0;1;8;1;3;Yes;Computer and Information Research Scientist
6;6;7;4;8;8;9;4;0;4;5;2;0;0;6;5;6;2;3;2;No;Technical Support Engineer
1;3;3;4;6;5;9;3;8;7;9;6;5;9;4;2;5;1;4;1;Yes;Computer Hardware Engineer
2;6;2;8;3;3;6;3;8;0;6;5;0;3;8;4;1;2;2;9;Yes;Computer Science Teacher
4;1;5;4;1;4;3;1;0;8;0;5;5;8;0;3;4;3;3;2;Yes;Cybersecurity Analyst
5;5;6;5;6;0;6;0;0;1;3;7;6;6;9;2;7;6;5;9;Yes;Software Engineer
4;4;7;7;9;4;1;7;0;8;6;6;7;2;4;8;6;8;6;3;No;IT Support Specialist
2;5;0;0;0;0;5;1;0;0;6;2;2;0;6;7;2;4;0;5;No;IT Project Manager
9;9;8;6;7;9;0;9;7;6;5;5;6;7;8;1;1;8;2;4;No;Technical Writer
6;2;4;9;5;6;3;3;4;4;5;2;0;3;9;8;2;3;8;0;Yes;IT Project Manager
5;9;5;1;9;9;2;7;0;7;0;0;1;5;1;5;3;4;9;2;Yes;IT Consultant
8;2;0;2;7;8;1;0;2;5;8;6;2;3;2;3;0;7;8;0;Yes;Database Administrator
0;4;3;0;6;5;0;2;8;6;4;8;0;1;0;0;7;0;7;0;No;Quality Assurance Engineer
5;7;7;0;6;8;2;1;2;7;5;9;4;5;6;8;3;8;2;4;No;Computer Science Teacher
1;8;0;3;6;7;3;6;1;8;3;4;8;4;6;2;8;5;5;6;No;Cloud Architect
9;6;0;7;5;0;3;1;1;8;4;7;0;3;4;8;4;0;3;9;No;Mobile App Developer
3;5;5;1;7;8;5;0;6;8;8;8;5;0;7;5;8;1;2;1;No;Computer and Information Research Scientist
7;7;4;1;3;1;2;0;2;0;0;1;5;1;1;9;8;0;1;7;No;Digital Marketing Specialist
4;2;3;1;4;6;9;6;3;2;5;4;3;6;6;1;5;5;7;1;Yes;Cloud Architect
1;5;1;9;2;7;0;9;8;3;2;0;6;6;8;0;5;8;7;5;Yes;Full Stack Developer
8;4;6;3;5;0;6;2;8;0;8;0;3;7;2;4;3;8;0;3;No;Embedded Systems Engineer
5;8;3;7;8;5;6;3;1;9;9;3;2;1;5;2;1;5;7;8;Yes;Front End Developer
1;3;4;3;8;9;2;9;0;7;3;5;8;6;0;9;1;5;5;2;Yes;Software Engineer
1;8;2;4;8;0;9;5;7;1;5;6;6;8;7;7;0;9;7;9;Yes;UI/UX Designer
4;5;5;2;4;2;1;0;0;9;4;5;6;0;4;1;3;4;1;6;Yes;Computer Systems Manager
0;5;2;5;9;5;5;1;9;7;1;5;5;6;4;9;6;3;2;2;No;Cybersecurity Analyst
0;1;5;0;6;9;3;8;5;3;3;7;2;9;2;2;5;5;3;1;Yes;Computer and Information Systems Manager
4;8;6;7;5;6;9;4;3;5;0;4;5;1;7;7;2;7;4;1;Yes;IT Project Manager
0;0;5;3;0;7;8;4;8;4;8;5;8;8;1;9;7;1;0;9;No;Blockchain Developer
1;4;5;7;1;7;5;6;0;4;0;0;2;5;0;5;9;2;1;0;Yes;Computer and Information Systems Manager
3;9;1;3;9;5;1;7;8;1;1;8;9;3;4;4;5;9;3;7;Yes;Computer Systems Manager
8;2;0;8;9;2;9;3;8;1;9;1;0;3;5;9;6;2;9;5;Yes;Software Engineer
5;2;7;2;7;7;4;6;7;7;2;7;1;1;1;7;5;4;2;2;No;Back End Developer
9;5;8;5;5;7;5;0;4;0;2;6;1;0;7;4;0;3;0;8;No;Computer Science Teacher
6;6;7;2;6;6;3;0;3;1;1;2;0;4;0;6;4;4;8;7;No;Machine Learning Engineer
4;1;5;9;2;4;4;1;1;5;8;0;6;0;4;7;5;7;5;7;Yes;Digital Marketing Specialist
3;2;8;6;4;2;8;2;0;9;9;2;8;9;8;9;4;0;1;9;No;Embedded Systems Engineer
7;6;3;8;9;8;0;7;2;4;3;1;3;7;8;9;9;4;8;3;Yes;Network Administrator
9;5;7;7;3;2;5;4;5;3;2;4;1;0;4;3;9;4;8;8;Yes;Cloud Architect
0;2;5;6;4;5;5;8;5;3;9;8;7;0;5;7;7;7;6;1;Yes;Software Engineer
2;8;1;2;3;7;5;1;9;6;4;5;1;3;4;3;9;4;4;4;Yes;IT Consultant
4;1;3;7;8;4;4;9;9;1;4;6;8;3;7;0;4;4;5;9;No;Game Developer
5;4;8;1;9;8;0;2;1;6;9;5;7;8;5;7;4;9;3;3;No;Computer Hardware Engineer
3;8;8;8;2;9;7;4;9;5;0;2;7;5;8;0;4;1;9;3;No;Data Scientist
3;8;1;5;6;9;5;7;1;5;4;2;2;4;3;5;9;7;8;4;Yes;Research Scientist
8;2;8;5;9;9;9;6;4;5;4;0;4;2;9;1;0;5;6;5;No;Machine Learning Engineer
7;1;2;8;6;1;0;0;0;9;5;2;2;2;8;6;9;2;0;8;Yes;Game Developer
5;6;8;3;6;4;5;4;3;7;7;5;7;9;2;5;7;3;3;6;Yes;Front End Developer
5;7;0;0;8;5;3;1;4;7;5;5;9;9;5;2;0;7;6;9;Yes;Cybersecurity Analyst
5;3;0;5;3;7;4;2;6;3;5;4;0;9;0;5;0;2;6;8;Yes;Computer and Information Systems Manager
9;4;8;7;2;1;1;6;0;9;0;0;6;9;6;8;7;7;4;4;No;Cybersecurity Analyst
2;9;6;5;5;6;4;4;1;9;8;6;6;2;5;3;9;2;0;3;Yes;Computer Programmer
5;4;1;6;7;6;0;5;1;9;3;5;6;5;3;3;8;0;7;1;No;Back End Developer
4;6;5;7;5;5;5;4;4;8;5;3;6;5;1;9;6;5;3;4;Yes;Technical Writer
3;2;6;6;0;9;6;8;6;7;7;9;3;1;2;0;3;8;7;9;No;Technical Support Engineer
4;9;1;9;0;6;1;2;2;1;5;8;0;9;9;6;4;9;9;7;Yes;IT Support Specialist
0;1;7;3;2;2;4;0;9;1;6;4;6;2;0;7;3;1;4;8;Yes;Business Intelligence Analyst
6;1;4;4;2;3;7;5;7;3;8;3;5;6;0;3;2;0;4;7;Yes;Mobile App Developer
5;6;8;4;8;1;2;3;4;1;0;0;3;1;5;8;4;9;1;1;Yes;Software Engineer
5;6;1;8;1;1;6;0;2;4;4;6;6;7;2;1;7;2;8;1;Yes;Web Developer
0;5;7;0;4;6;4;3;7;1;9;3;8;7;3;7;3;1;1;2;Yes;IT Consultant
3;0;3;1;7;1;3;3;4;0;2;4;6;7;1;3;1;5;4;9;No;Computer Programmer
5;2;4;9;1;5;5;2;4;4;2;1;6;7;7;5;3;1;8;9;Yes;Computer Science Teacher
9;6;9;9;0;2;0;3;4;5;6;6;9;6;1;1;5;4;0;4;Yes;Business Intelligence Analyst
2;5;5;6;7;4;1;1;4;0;0;7;7;6;8;2;2;4;9;1;No;DevOps Engineer
0;1;3;4;2;5;1;3;8;7;1;0;3;2;5;5;4;4;3;3;No;Computer Systems Manager
0;0;9;9;8;8;2;6;7;8;6;3;1;3;4;1;0;4;5;5;No;IT Support Specialist
5;9;6;1;4;4;8;9;9;1;6;7;1;6;4;8;4;6;5;3;Yes;Game Developer
5;3;4;0;3;6;1;6;5;3;6;6;2;1;9;9;2;8;2;1;No;Computer and Information Research Scientist
3;8;6;0;3;2;1;5;9;0;8;9;3;2;3;9;7;3;1;8;No;Software Engineer
8;2;1;6;4;7;0;1;2;0;3;4;2;0;4;4;0;0;2;8;No;Game Developer
8;0;6;9;7;8;2;5;8;5;3;7;2;4;5;4;7;1;8;0;No;Computer and Information Systems Manager
4;7;2;7;8;5;3;1;7;9;9;6;7;2;4;3;4;8;2;9;Yes;UI/UX Designer
0;2;3;5;3;6;3;6;8;1;2;6;8;4;5;4;6;0;2;6;No;Mobile App Developer
8;8;9;0;8;1;7;9;5;4;8;5;2;9;3;8;5;3;9;2;No;Cybersecurity Analyst
3;1;5;3;1;3;8;9;7;2;1;4;8;6;0;9;4;5;6;4;Yes;Computer Systems Manager
6;3;4;8;1;6;9;4;1;2;9;8;9;7;1;1;9;1;2;7;No;Computer and Information Systems Manager
3;9;4;3;2;3;4;4;2;9;0;6;3;1;8;1;3;9;2;3;No;Machine Learning Engineer
8;3;4;0;4;1;5;6;2;9;7;2;4;3;6;1;6;3;0;3;No;IT Sales Professional
4;2;7;4;2;1;0;1;0;6;8;6;3;8;8;6;3;3;8;4;No;DevOps Engineer
6;3;1;9;1;3;1;5;2;3;2;1;4;2;8;8;0;5;9;1;Yes;DevOps Engineer
4;8;4;8;1;8;5;0;1;8;5;4;5;1;6;0;6;8;6;6;Yes;IT Consultant
4;7;9;5;9;4;3;3;5;3;7;8;3;4;6;7;0;5;4;5;No;Front End Developer
9;3;1;7;8;2;8;0;5;4;4;1;9;3;4;7;8;8;9;3;No;Mobile App Developer
4;8;9;9;9;3;2;5;9;2;8;5;0;7;3;9;4;2;8;5;Yes;Computer and Information Systems Manager
3;8;2;9;7;4;2;8;5;4;2;8;9;5;6;0;4;1;0;9;No;Computer Programmer
6;9;6;7;4;0;4;3;4;2;7;0;0;3;3;2;2;7;9;1;Yes;Artificial Intelligence Engineer
9;5;9;6;2;7;8;2;1;9;5;5;7;4;3;4;5;3;5;8;No;IT Project Manager
5;7;5;1;2;8;8;8;8;1;9;4;6;0;9;7;8;2;6;2;Yes;Computer Hardware Engineer
2;4;0;5;0;5;2;6;6;4;5;7;6;0;7;7;1;0;5;7;No;IT Consultant
9;0;2;4;9;7;7;6;9;5;8;4;4;3;5;3;7;5;1;3;No;Data Scientist
1;6;2;2;7;5;2;7;1;6;4;0;9;8;4;1;5;8;9;6;Yes;Research Scientist
8;7;7;2;1;1;3;5;6;4;3;1;2;7;4;9;6;9;3;1;Yes;Front End Developer
4;8;5;5;1;2;2;2;0;9;4;2;4;4;9;8;4;6;8;7;Yes;Research Scientist
9;9;2;4;8;3;0;2;8;1;9;6;4;3;4;7;9;0;4;1;Yes;UI/UX Designer
1;9;6;9;1;7;3;6;4;7;7;4;7;4;7;4;3;6;8;6;No;Computer Systems Manager
9;7;5;6;0;0;0;9;6;4;0;7;6;6;8;3;2;1;8;6;No;IT Project Manager
0;1;7;7;1;7;7;9;1;9;7;4;0;0;6;8;0;6;2;3;No;Computer Science Teacher
8;4;9;2;7;7;7;3;0;1;7;5;7;6;2;9;8;8;4;2;Yes;Computer and Information Research Scientist
6;0;4;2;5;5;8;7;0;2;8;7;7;1;6;2;8;0;8;7;Yes;Quality Assurance Engineer
1;9;7;7;0;9;8;2;2;4;7;4;4;6;0;0;7;9;8;8;Yes;Quality Assurance Engineer
1;6;2;7;0;4;8;0;5;0;2;2;7;8;3;1;5;3;7;9;Yes;Computer Network Architect
2;2;1;3;1;8;7;0;0;0;8;8;7;3;6;4;7;4;9;9;No;Computer and Information Research Scientist
9;6;2;6;9;3;9;4;4;6;0;2;2;6;3;1;7;8;8;5;Yes;UI/UX Designer
3;0;4;1;1;7;0;7;2;2;3;2;0;3;0;3;0;9;0;2;No;Computer Hardware Engineer
2;0;1;2;0;6;9;6;3;9;2;9;5;2;5;6;0;6;3;6;No;Data Scientist
7;1;6;2;1;1;0;5;1;9;8;3;7;8;9;8;3;1;8;3;No;IT Sales Professional
6;3;0;7;2;8;5;9;9;7;7;8;0;3;2;4;1;5;0;0;Yes;Game Developer
1;1;4;7;3;0;9;1;5;6;1;4;1;5;1;7;9;0;0;2;Yes;Computer and Information Systems Manager
4;9;9;5;5;2;6;6;2;8;8;1;3;3;5;1;2;5;2;8;No;Technical Support Engineer
2;1;2;0;7;2;2;8;2;5;1;7;1;3;5;3;3;1;7;6;Yes;Front End Developer
5;3;1;3;1;0;3;1;2;8;4;9;6;7;1;4;1;5;2;7;Yes;Technical Writer
1;5;5;9;7;7;0;8;0;9;6;2;3;2;9;0;3;8;9;2;Yes;Computer and Information Research Scientist
4;1;4;1;7;3;8;4;7;1;5;3;7;6;3;5;8;3;7;1;Yes;IT Support Specialist
7;5;2;5;1;0;9;6;2;5;6;7;1;6;6;3;5;7;0;2;Yes;Computer and Information Systems Manager
2;3;7;8;8;9;5;5;9;6;9;5;9;9;5;5;7;8;5;8;Yes;Data Scientist
4;7;3;3;8;3;1;9;8;0;1;7;9;9;5;1;5;8;6;1;No;Business Intelligence Analyst
3;2;6;8;7;4;9;3;5;6;1;2;7;6;7;4;2;6;6;3;Yes;Cybersecurity Analyst
7;0;9;3;4;4;6;7;9;1;6;3;5;7;9;0;8;2;7;0;No;Technical Support Engineer
8;9;3;8;6;3;3;0;3;0;6;5;5;4;4;5;5;2;2;1;No;Computer Science Teacher
8;5;9;8;1;5;6;8;1;9;0;0;1;5;6;3;4;4;2;8;Yes;Computer Science Teacher
3;8;9;4;6;5;2;1;2;7;9;7;8;4;0;2;6;7;8;3;No;Computer Programmer
2;4;9;0;1;3;9;2;9;5;0;3;1;5;4;9;1;7;4;0;No;Web Developer
1;7;7;4;1;8;6;9;6;5;7;0;1;8;8;8;7;9;3;7;Yes;Computer Programmer
0;5;9;3;6;6;0;5;3;9;5;4;9;4;0;3;3;3;4;6;No;Systems Analyst
4;7;7;1;6;9;3;6;2;0;3;9;0;3;7;9;0;9;5;3;No;DevOps Engineer
7;5;6;6;5;0;0;4;4;5;9;5;6;2;4;2;5;0;4;9;Yes;Network Engineer
4;9;6;8;3;7;0;9;2;1;8;2;1;7;9;4;2;3;8;3;Yes;Database Administrator
1;0;5;8;1;5;7;5;6;5;4;7;4;2;6;7;2;4;1;5;Yes;Network Administrator
4;7;2;7;6;0;4;1;4;8;6;6;6;2;1;8;6;3;4;1;Yes;Blockchain Developer
2;4;4;9;4;4;2;2;3;8;7;7;5;3;3;3;1;9;0;6;Yes;Full Stack Developer
6;6;0;1;1;2;6;5;2;5;1;9;5;6;8;4;2;7;6;7;No;Web Developer
8;2;0;6;8;8;6;1;9;4;3;5;0;7;9;1;7;9;8;6;No;Cybersecurity Analyst
6;2;5;0;8;8;3;9;1;0;0;7;6;4;0;0;2;3;4;9;No;Game Developer
6;2;0;9;5;5;1;5;5;1;0;8;9;8;2;4;2;7;0;4;Yes;Database Administrator
4;7;8;4;1;8;5;4;5;0;3;3;6;7;2;1;3;6;5;5;No;Business Intelligence Analyst
7;9;4;9;8;4;5;5;7;3;1;8;4;1;1;4;3;8;9;4;No;IT Support Specialist
7;8;6;5;6;7;7;3;3;8;9;3;0;7;7;5;5;1;4;5;No;Computer Network Architect
7;1;5;6;2;2;1;0;6;3;7;1;8;1;4;5;1;7;1;9;Yes;IT Consultant
4;5;9;3;9;4;0;1;2;2;4;5;4;1;3;0;9;7;3;2;No;Computer Systems Analyst
4;4;9;7;8;9;1;4;6;3;3;2;5;9;1;4;4;4;6;7;No;Data Scientist
1;1;5;6;9;4;9;8;5;6;5;3;5;6;4;5;7;0;2;3;No;Web Developer
2;7;1;8;1;1;3;4;9;4;2;5;0;4;9;2;4;8;9;0;No;Mobile App Developer
2;3;8;9;6;2;1;1;9;3;6;2;8;7;5;1;4;3;4;3;No;Systems Analyst
6;3;2;4;6;1;3;8;3;4;4;6;6;7;8;5;6;0;5;7;Yes;IT Project Manager
7;4;5;8;5;3;2;2;9;9;0;8;7;7;6;6;6;0;2;0;Yes;Cybersecurity Analyst
5;4;4;3;1;4;5;6;7;0;3;9;9;6;8;0;4;0;2;8;Yes;Cloud Architect
8;4;8;7;5;7;6;9;5;0;4;5;2;7;5;9;5;5;1;1;No;Software Engineer
9;7;5;4;7;4;0;7;1;7;2;2;0;4;6;9;0;5;0;1;Yes;Cybersecurity Analyst
1;8;7;1;0;6;3;3;6;5;3;7;4;7;2;9;2;4;8;2;No;Digital Marketing Specialist
2;2;5;4;1;7;5;0;7;6;2;6;7;6;9;7;0;5;0;7;Yes;Computer and Information Systems Manager
8;4;2;2;8;1;9;8;6;3;2;1;2;8;3;9;7;6;5;1;No;Quality Assurance Engineer
8;4;9;6;4;0;1;5;1;4;7;3;6;1;8;2;4;4;8;6;Yes;Systems Analyst
9;8;9;5;9;1;9;6;0;7;8;6;0;5;1;1;1;3;9;2;Yes;Technical Support Engineer
1;5;5;9;9;5;9;5;3;0;5;0;4;6;2;6;7;4;5;4;Yes;Software Engineer
4;5;5;1;6;1;4;4;7;2;8;7;6;1;8;7;7;6;5;5;Yes;Back End Developer
2;4;0;9;8;6;1;0;1;6;7;1;4;8;8;5;8;4;9;3;Yes;Game Developer
8;2;9;9;0;0;3;4;7;1;7;0;4;3;6;6;0;3;2;3;Yes;UI/UX Designer
4;9;9;5;1;6;0;0;2;5;7;5;5;8;8;7;9;6;2;3;Yes;Software Tester
7;1;9;0;1;3;4;0;4;9;4;1;8;6;7;4;2;1;4;9;Yes;Research Scientist
8;4;1;0;7;1;2;3;3;2;2;8;3;3;9;8;4;4;6;6;No;Technical Support Engineer
9;6;0;2;4;8;6;7;8;1;0;2;1;3;3;2;5;3;3;9;No;Network Engineer
5;2;0;1;3;6;4;5;3;0;5;4;1;2;9;1;6;6;7;9;No;IT Support Specialist
7;4;4;0;5;9;4;9;1;4;6;4;2;6;4;5;3;2;3;8;Yes;Technical Support Engineer
9;9;3;5;1;3;2;1;7;7;4;0;7;5;8;1;8;0;9;3;No;Computer and Information Research Scientist
6;7;0;9;5;9;7;7;8;9;6;3;7;4;9;9;4;9;8;4;Yes;Computer Network Architect
7;2;5;6;8;1;7;3;7;6;9;5;4;1;7;3;7;3;5;4;Yes;Computer Hardware Engineer
1;1;3;9;7;0;5;9;8;5;3;9;4;1;6;7;3;0;0;7;No;Software Engineer
7;0;0;5;2;3;0;5;9;4;7;4;1;1;5;0;0;8;3;3;No;Research Scientist
0;2;9;8;9;7;9;5;3;0;2;8;1;3;1;1;8;5;3;6;No;Systems Analyst
5;7;2;8;5;9;7;8;7;4;3;0;0;7;0;4;8;9;9;7;No;Cybersecurity Analyst
1;6;7;8;5;1;0;8;9;4;9;4;0;9;5;8;7;9;9;4;No;Software Developer
0;0;7;6;3;9;5;8;8;3;2;4;1;1;7;5;5;1;0;1;Yes;Technical Writer
2;6;1;8;4;2;0;4;5;0;9;5;0;3;5;9;8;7;9;2;Yes;Computer Hardware Engineer
7;6;2;4;3;0;6;7;3;9;6;5;5;7;9;1;0;6;9;0;Yes;Database Administrator
9;1;2;3;5;9;4;9;6;1;0;7;3;9;6;0;0;0;5;9;No;Network Engineer
4;1;0;5;8;5;9;7;4;1;4;8;2;7;8;2;4;8;0;1;No;Network Administrator
6;1;7;0;5;0;0;3;6;0;5;9;3;0;1;4;4;0;7;4;Yes;Computer and Information Research Scientist
5;6;3;0;5;5;8;7;5;1;0;2;7;4;0;4;0;8;5;3;No;Blockchain Developer
5;9;2;0;2;4;2;5;8;9;6;8;4;7;8;8;0;5;9;3;No;Quality Assurance Engineer
3;0;6;5;7;5;3;7;7;7;5;9;2;7;7;2;3;9;6;5;No;Front End Developer
0;9;4;1;0;4;9;9;1;2;4;4;1;4;2;5;7;8;7;2;Yes;Software Engineer
0;0;9;0;5;0;5;2;8;8;4;5;3;5;4;5;7;2;9;9;Yes;Software Engineer
1;1;2;2;4;1;0;1;2;7;0;5;5;8;0;0;3;5;6;3;No;Research Scientist
4;9;6;6;7;9;9;8;4;3;4;4;4;9;9;5;2;1;8;0;No;Game Developer
7;2;4;3;8;8;4;4;1;1;4;7;5;0;8;7;8;4;7;3;No;Digital Marketing Specialist
7;6;4;1;5;6;2;2;7;0;7;7;0;6;8;9;2;5;8;5;Yes;Digital Marketing Specialist
8;3;6;7;9;1;6;1;7;6;9;3;1;6;3;6;0;0;4;1;Yes;Network Engineer
0;5;9;5;0;3;5;6;0;0;8;3;1;9;2;7;8;6;4;4;No;Computer Hardware Engineer
8;2;5;1;4;0;4;1;4;8;5;2;6;3;4;1;4;8;2;7;Yes;Cybersecurity Analyst
7;1;7;4;1;4;1;9;6;7;9;3;7;8;5;9;1;8;4;4;No;Technical Writer
1;1;3;5;1;5;8;5;4;9;0;9;3;8;9;2;2;5;6;5;No;Machine Learning Engineer
5;4;6;2;7;8;0;6;5;6;3;5;9;9;1;5;8;9;5;9;No;Computer and Information Research Scientist
4;6;1;8;2;5;5;3;5;6;5;4;9;1;2;5;0;1;0;4;Yes;Back End Developer
8;1;0;2;3;4;0;3;5;5;2;8;4;1;2;0;2;3;4;8;Yes;IT Support Specialist
8;3;6;4;6;6;6;9;3;5;2;4;4;3;0;0;4;5;3;1;No;Technical Support Engineer
8;1;7;6;5;7;8;7;7;3;0;9;6;6;6;8;9;5;5;1;No;IT Support Specialist
3;8;7;8;1;2;4;4;4;5;2;3;8;5;1;0;2;0;8;6;No;Back End Developer
4;9;4;8;3;2;2;6;8;6;3;3;8;4;6;4;1;8;2;8;Yes;Web Developer
4;1;5;7;0;8;5;3;8;6;6;9;0;9;1;9;6;0;4;6;No;Front End Developer
1;0;1;5;3;8;1;1;9;2;5;9;0;9;8;8;1;0;4;9;Yes;Front End Developer
6;6;5;4;7;4;7;9;1;6;2;8;1;7;3;6;9;1;9;7;Yes;Machine Learning Engineer
1;8;3;8;1;1;5;9;2;3;6;1;8;9;6;1;2;0;7;1;No;Game Developer
0;2;0;1;1;1;7;7;8;4;9;8;6;0;8;7;2;2;0;5;No;Back End Developer
3;3;5;9;2;0;7;8;6;8;8;8;5;5;8;9;7;6;3;1;Yes;DevOps Engineer
4;2;9;8;8;4;7;8;0;7;3;0;5;7;7;8;9;5;1;3;No;UI/UX Designer
4;6;8;9;6;2;0;4;0;7;6;1;4;5;1;2;6;6;4;9;No;DevOps Engineer
8;1;0;5;3;7;8;6;4;6;0;5;8;4;4;7;3;8;5;5;No;Digital Marketing Specialist
3;0;9;4;8;1;6;1;7;0;2;5;9;8;2;7;0;9;4;5;Yes;Data Scientist
7;4;5;8;6;0;7;9;5;8;0;9;9;0;8;4;2;0;9;4;No;Digital Marketing Specialist
2;9;5;4;0;6;5;3;6;1;6;6;7;5;8;8;4;5;5;7;Yes;Systems Analyst
2;8;1;0;9;3;4;8;4;6;4;7;1;5;9;4;3;4;8;6;No;Software Developer
6;6;0;3;4;9;4;3;2;7;5;5;9;3;9;0;6;3;8;6;No;Front End Developer
9;8;9;8;5;3;2;9;8;0;0;5;9;4;7;3;9;1;0;3;Yes;Cybersecurity Analyst
3;3;3;7;3;7;9;9;4;6;3;4;0;6;2;8;8;1;2;4;No;Business Intelligence Analyst
0;4;2;6;0;0;8;7;1;6;2;8;6;0;6;8;6;7;6;0;No;Technical Support Engineer
5;2;6;0;9;3;1;5;2;1;6;9;7;5;6;9;5;9;3;8;Yes;DevOps Engineer
8;6;5;3;7;2;2;2;0;5;5;7;5;5;1;1;6;6;2;5;No;Game Developer
5;2;0;0;0;6;3;5;1;5;4;0;3;1;7;2;2;9;9;1;Yes;Technical Writer
5;1;2;8;3;4;2;5;5;5;5;3;6;4;1;8;6;0;6;1;No;Machine Learning Engineer
7;6;1;9;6;8;8;5;7;1;9;8;6;9;0;2;2;8;9;3;Yes;Systems Analyst
8;9;4;8;6;4;7;6;8;9;0;8;5;8;7;9;8;9;3;6;Yes;Business Intelligence Analyst
6;0;4;2;0;2;1;0;0;8;1;0;0;6;8;4;7;9;9;2;Yes;Computer Systems Manager
2;4;7;1;6;3;9;5;1;6;3;8;7;3;1;5;1;6;9;1;No;Computer Systems Manager
8;2;6;3;1;8;6;1;8;7;4;7;5;5;7;3;7;3;0;4;No;Business Intelligence Analyst
7;5;8;2;9;4;8;3;4;3;5;6;1;6;6;5;4;8;3;5;No;Data Scientist
5;9;7;4;0;6;1;5;6;4;4;0;8;0;2;1;1;6;2;4;No;Cybersecurity Analyst
5;5;5;8;2;2;6;6;5;1;0;3;6;9;0;6;8;7;2;5;No;Technical Writer
4;7;8;3;4;6;2;1;9;0;6;4;1;5;7;7;0;9;0;0;No;Quality Assurance Engineer
9;6;9;8;4;6;3;7;7;6;0;5;0;1;2;9;0;8;5;0;Yes;Computer and Information Research Scientist
1;8;9;0;1;9;3;5;9;9;8;8;3;8;9;3;4;5;0;8;No;Cloud Architect
2;2;5;2;5;6;4;9;3;5;0;0;8;4;9;2;5;1;0;5;No;Computer Science Teacher
4;8;5;6;0;2;9;5;9;0;5;5;4;4;1;4;3;7;0;3;No;Computer Systems Analyst
9;9;1;8;0;2;9;2;5;5;5;9;7;1;9;1;0;8;1;9;Yes;IT Support Specialist
5;0;9;3;7;5;4;0;7;7;6;7;9;3;0;9;0;4;7;0;Yes;Full Stack Developer
8;8;4;5;5;4;3;9;1;6;1;1;9;7;0;6;9;0;8;2;Yes;Mobile App Developer
6;9;9;7;4;4;5;8;5;1;8;5;4;4;7;1;2;4;2;0;No;Database Administrator
7;1;8;6;8;4;7;2;3;0;8;4;4;2;8;8;5;0;3;4;Yes;Computer Programmer
4;3;5;0;9;3;9;1;5;3;2;4;5;8;3;1;4;7;7;0;No;Artificial Intelligence Engineer
0;2;0;6;5;6;8;1;6;9;4;7;3;6;2;6;8;7;7;7;Yes;Computer Network Architect
9;7;2;5;3;1;2;6;9;8;4;4;8;7;7;9;6;4;0;7;No;Computer Science Teacher
6;0;5;2;2;8;6;1;6;5;7;3;5;6;9;0;0;9;3;6;No;IT Project Manager
1;4;7;4;7;9;2;2;6;0;2;2;1;3;5;0;1;6;3;8;Yes;Cybersecurity Analyst
2;0;7;4;3;5;1;7;6;5;4;5;2;9;4;7;0;0;9;3;No;Computer and Information Systems Manager
3;4;5;9;6;7;5;2;9;7;6;3;5;1;2;5;5;8;9;8;No;Network Administrator
1;7;0;4;1;6;5;1;0;5;0;6;0;5;3;0;1;7;0;5;Yes;Mobile App Developer
0;8;7;1;7;4;8;4;7;0;9;1;1;5;4;1;7;7;7;4;Yes;IT Project Manager
4;2;9;3;0;5;6;1;7;6;2;5;7;5;8;0;5;6;5;4;Yes;Machine Learning Engineer
4;5;6;0;7;2;3;2;9;2;7;4;9;8;9;5;3;6;7;1;No;Computer Science Teacher
6;3;5;2;7;4;8;1;8;2;5;4;2;6;7;6;8;6;4;6;Yes;Embedded Systems Engineer
0;7;2;9;9;8;9;0;3;5;0;0;2;2;4;6;5;8;3;1;Yes;IT Consultant
2;8;8;6;9;8;3;1;7;2;1;8;5;7;1;0;6;0;3;4;Yes;Cloud Architect
5;8;2;0;4;0;8;4;1;1;9;6;8;2;1;8;7;3;0;7;Yes;Systems Analyst
5;3;6;8;6;3;6;7;4;7;6;4;6;1;6;0;7;5;1;3;No;Technical Writer
4;6;9;6;4;5;0;8;5;7;3;1;9;2;4;4;0;3;0;2;No;Network Administrator
1;5;1;6;9;5;9;1;4;5;9;4;1;6;4;7;7;7;8;7;Yes;Mobile App Developer
3;9;6;5;4;0;0;7;6;3;8;0;3;6;7;9;1;0;9;5;No;Business Intelligence Analyst
9;1;8;7;6;5;9;0;4;5;6;6;1;8;9;2;0;2;7;9;No;Data Scientist
0;6;2;4;9;8;9;6;3;4;1;5;9;6;0;6;0;1;6;9;Yes;Web Developer
5;8;4;1;3;8;4;8;7;5;8;3;5;2;0;0;7;9;9;1;Yes;Digital Marketing Specialist
4;4;4;0;0;3;2;2;4;5;1;0;9;9;1;3;8;4;8;6;Yes;Computer Hardware Engineer
9;0;2;4;6;8;6;9;0;8;0;9;1;8;2;2;8;3;7;0;Yes;Game Developer
9;5;0;2;6;2;0;6;0;6;0;2;8;5;6;2;1;7;3;4;Yes;Game Developer
7;9;7;7;7;1;9;5;7;1;2;2;3;8;9;2;9;7;2;1;No;Network Administrator
2;4;1;6;5;4;3;1;6;9;0;3;5;5;1;3;8;9;3;7;Yes;Embedded Systems Engineer
4;7;6;5;1;1;6;6;6;9;9;1;4;1;7;6;4;3;2;2;No;Business Intelligence Analyst
7;6;6;2;0;4;4;3;3;2;5;5;0;6;2;8;7;7;3;5;Yes;Computer Hardware Engineer
4;8;3;6;9;8;8;0;1;8;5;3;8;3;8;8;3;4;8;9;Yes;UI/UX Designer
4;8;6;4;7;1;3;0;9;1;3;4;9;6;4;8;7;9;0;1;Yes;Blockchain Developer
3;6;7;6;4;6;9;2;0;0;7;7;4;3;5;5;4;2;2;9;No;Network Engineer
5;8;7;0;7;9;7;1;1;4;1;1;6;3;2;0;5;8;9;5;No;Research Scientist
8;2;0;3;9;4;2;9;9;3;3;0;9;6;0;3;8;9;9;5;No;Blockchain Developer
5;6;3;4;9;8;2;4;9;9;3;2;7;0;1;6;0;5;2;6;No;Computer Science Teacher
0;7;1;2;1;4;4;9;9;6;7;2;4;0;9;3;8;8;4;3;No;Technical Writer
7;1;9;6;2;9;2;7;1;7;9;8;3;2;4;3;2;3;5;9;No;Database Administrator
5;3;1;2;3;9;6;0;7;4;1;3;1;9;3;8;7;0;0;6;No;Blockchain Developer
5;8;0;6;1;9;8;8;6;8;0;3;1;8;5;7;7;3;4;1;Yes;Computer Hardware Engineer
0;4;1;1;2;7;6;1;6;4;6;0;4;3;3;7;5;5;7;0;Yes;Web Developer
8;2;2;9;9;0;6;6;9;3;7;2;2;5;8;9;0;7;6;3;No;Digital Marketing Specialist
0;0;2;6;7;6;7;3;4;5;4;6;2;7;6;8;7;3;6;1;Yes;IT Sales Professional
4;6;7;2;3;1;8;5;4;3;7;8;7;8;0;2;9;9;1;5;No;Network Administrator
0;5;4;2;3;4;7;7;0;5;5;7;9;9;7;7;2;8;6;1;Yes;Research Scientist
4;8;6;4;3;5;8;7;8;6;3;9;6;7;0;4;1;5;5;8;Yes;Computer Science Teacher
8;3;0;8;3;3;5;3;6;9;5;7;2;5;5;3;7;5;4;6;No;Research Scientist
4;6;9;2;2;1;5;8;5;1;3;6;0;4;8;4;6;7;6;4;No;Computer Systems Manager
0;0;1;4;1;7;3;5;5;3;4;5;7;1;2;1;7;8;9;4;Yes;Network Engineer
5;3;3;7;6;6;0;9;3;7;9;7;2;1;0;8;2;6;3;5;No;Database Administrator
9;9;9;2;3;5;6;6;9;5;0;1;6;5;8;6;0;4;4;0;Yes;Back End Developer
6;3;1;6;3;9;3;5;3;5;9;2;6;1;0;6;5;1;6;6;Yes;Technical Support Engineer
7;0;4;9;8;4;6;8;2;2;6;4;4;7;7;7;7;8;4;2;Yes;Machine Learning Engineer
0;0;1;2;1;1;3;8;8;6;5;3;4;0;8;9;5;1;4;6;No;Database Administrator
2;1;1;8;2;7;9;8;4;9;2;1;5;0;7;0;0;6;4;0;Yes;Business Intelligence Analyst
2;3;4;2;9;8;7;9;1;0;9;2;4;0;2;1;8;2;6;2;No;Computer Programmer
3;1;8;1;9;1;8;6;2;7;7;9;4;3;0;2;4;6;7;8;Yes;Quality Assurance Engineer
9;0;0;4;1;8;1;2;3;4;2;5;1;9;4;7;5;0;0;6;No;Computer Hardware Engineer
9;0;2;2;9;9;2;8;3;5;6;7;0;7;6;1;9;0;3;0;No;Computer Systems Analyst
8;9;3;2;5;2;9;9;7;5;8;7;8;7;1;3;2;1;5;0;No;Back End Developer
1;5;0;5;8;9;3;5;1;9;0;2;5;8;6;7;2;2;7;9;No;Computer Systems Manager
1;7;8;8;7;7;9;3;0;6;3;9;3;4;0;1;5;8;4;5;No;Computer Programmer
9;1;1;2;2;3;4;7;4;2;7;1;8;8;8;2;3;6;8;9;Yes;UI/UX Designer
0;3;6;0;2;7;8;7;3;5;9;2;6;2;9;5;0;7;7;3;No;Software Tester
2;9;7;0;7;3;5;7;4;1;9;8;5;9;8;1;8;6;2;6;No;Network Administrator
7;1;9;3;3;9;2;2;7;6;7;8;3;5;3;9;8;7;4;0;No;IT Sales Professional
7;5;6;0;1;2;9;8;0;1;0;7;3;1;2;0;9;8;5;4;Yes;Cloud Architect
4;7;4;5;1;7;6;0;4;6;3;3;1;7;0;8;4;4;9;2;No;Back End Developer
4;7;4;0;3;2;4;2;7;1;5;7;2;3;5;3;6;7;3;4;Yes;Database Administrator
5;7;5;9;5;7;5;6;3;4;8;0;6;7;9;1;2;0;2;1;Yes;Back End Developer
5;1;4;0;6;6;0;2;3;1;3;6;5;3;9;4;4;3;4;2;No;Computer and Information Research Scientist
8;6;7;2;6;2;4;7;0;8;9;8;5;5;3;1;8;4;0;0;Yes;Mobile App Developer
2;1;9;7;6;1;8;4;3;7;6;6;4;8;3;3;4;2;0;2;Yes;Database Administrator
3;1;6;9;4;6;3;6;9;5;1;0;4;8;0;2;3;2;8;0;Yes;UI/UX Designer
1;8;3;3;3;5;7;2;8;7;0;1;7;7;7;4;9;1;9;5;No;Computer Programmer
6;6;8;6;1;4;0;7;8;2;9;6;7;2;8;6;8;4;2;5;No;Computer Systems Analyst
7;2;5;1;9;3;6;6;9;3;6;8;4;6;7;6;0;8;7;7;No;Software Engineer
3;2;0;0;7;9;2;1;8;2;6;1;9;7;7;2;0;7;6;7;No;Software Developer
9;5;4;9;9;9;5;4;4;0;3;4;2;0;8;7;4;4;7;0;Yes;Database Administrator
5;7;8;6;8;6;4;9;1;6;3;1;0;5;5;4;6;2;0;2;No;Machine Learning Engineer
7;2;4;1;5;6;8;3;7;7;3;3;5;3;6;7;2;2;2;3;Yes;Blockchain Developer
2;6;4;3;3;4;1;7;1;3;7;2;3;2;6;8;9;8;5;2;Yes;Back End Developer
8;9;5;6;3;7;5;3;6;8;9;0;8;5;7;9;7;6;5;2;No;Network Administrator
3;5;2;5;8;9;8;5;9;5;2;3;8;6;1;0;5;5;9;7;Yes;Computer and Information Systems Manager
2;1;3;3;5;2;5;4;7;4;5;8;7;0;5;3;2;7;5;1;Yes;Computer Hardware Engineer
2;9;9;7;2;5;6;2;5;0;7;8;1;7;9;5;9;2;3;4;No;IT Project Manager
5;8;6;3;9;7;2;5;7;5;2;5;0;1;5;6;2;8;1;8;Yes;IT Sales Professional
4;0;5;1;3;3;8;4;2;8;4;2;3;0;8;3;0;1;5;3;No;Quality Assurance Engineer
1;9;2;8;0;6;4;1;6;2;6;5;6;7;6;1;0;6;0;7;No;Computer and Information Research Scientist
7;9;2;9;2;9;0;8;7;4;9;2;6;7;7;9;4;6;8;7;No;Quality Assurance Engineer
0;1;7;4;2;7;0;1;7;8;1;7;0;1;2;2;7;5;4;9;No;Computer Systems Analyst
2;2;5;6;0;5;9;9;3;8;1;5;5;0;1;9;8;3;2;2;No;Computer Network Architect
4;3;3;2;0;5;4;7;3;7;8;8;3;2;4;3;7;5;0;4;Yes;Software Developer
2;2;2;4;7;7;2;1;4;7;0;4;3;0;1;1;7;4;4;8;Yes;IT Support Specialist
3;5;4;4;6;2;6;4;5;2;6;0;5;1;7;5;8;0;2;2;No;Business Intelligence Analyst
7;4;1;4;7;5;0;0;6;8;1;7;9;9;6;3;6;3;7;4;No;Systems Analyst
8;1;2;5;1;3;6;0;0;6;6;1;4;0;1;7;6;1;3;6;Yes;IT Consultant
6;5;3;6;9;8;4;1;3;2;9;6;7;7;0;3;0;3;9;3;Yes;Cloud Architect
0;3;4;7;3;2;3;9;0;5;3;6;8;4;6;6;7;7;6;9;Yes;Network Engineer
3;5;1;9;3;6;5;1;2;5;3;9;7;0;9;6;2;2;1;7;No;Digital Marketing Specialist
2;3;2;5;1;3;0;7;6;9;0;9;8;4;2;5;0;5;2;2;Yes;Computer and Information Research Scientist
8;7;3;1;4;4;7;5;5;1;4;7;0;9;6;3;2;7;7;8;No;Web Developer
5;3;2;2;1;5;8;7;8;7;4;7;8;1;9;9;9;3;3;1;No;Computer and Information Systems Manager
5;1;7;5;4;5;6;0;5;4;9;4;0;7;9;5;0;0;3;1;Yes;Computer Systems Manager
9;4;8;4;1;8;6;0;8;0;6;4;5;3;8;8;7;4;3;6;No;Computer and Information Research Scientist
5;1;0;2;0;4;5;2;7;8;1;0;5;1;4;2;8;9;6;1;Yes;Digital Marketing Specialist
1;5;1;6;4;0;6;8;5;5;5;2;5;0;9;6;5;0;9;2;Yes;Cloud Architect
4;5;9;6;6;0;9;0;2;2;5;0;2;8;7;8;9;7;6;7;Yes;Blockchain Developer
6;8;7;8;6;9;9;2;2;0;4;9;1;2;6;5;2;0;2;0;No;Network Administrator
2;0;7;3;5;6;9;1;4;1;9;1;6;8;5;1;1;1;9;0;Yes;Full Stack Developer
4;7;2;9;6;9;9;8;9;4;4;7;0;4;8;8;8;6;4;6;Yes;Game Developer
9;4;7;5;7;8;6;6;1;1;2;6;5;6;6;4;8;0;9;2;No;Back End Developer
2;8;7;2;3;4;5;9;9;8;5;6;1;9;2;0;6;4;9;7;Yes;Database Administrator
1;0;0;3;6;3;1;7;3;5;9;9;9;7;1;7;1;4;8;8;No;Data Scientist
9;6;7;9;4;7;1;8;1;8;1;9;8;8;0;0;5;9;4;1;Yes;Machine Learning Engineer
9;8;2;1;6;6;5;4;5;5;4;9;9;8;6;1;3;1;7;6;Yes;Data Scientist
2;9;3;5;6;4;3;3;3;6;9;5;3;7;1;4;6;6;4;0;Yes;Cloud Architect
2;1;5;2;5;8;9;7;2;4;4;2;4;3;3;1;2;2;4;1;Yes;Back End Developer
9;3;8;1;9;2;1;8;5;5;5;9;2;8;9;5;4;9;7;7;No;Cybersecurity Analyst
1;2;9;9;9;6;3;0;4;1;0;0;6;4;0;7;2;1;7;4;No;Systems Analyst
0;7;0;4;2;7;3;9;1;8;5;6;0;9;3;2;6;1;0;5;No;Software Developer
2;5;6;8;9;6;0;8;3;8;3;1;7;1;8;4;7;8;6;1;Yes;Cloud Architect
4;6;0;8;1;2;0;4;4;7;1;5;5;3;5;7;4;3;2;9;Yes;Research Scientist
1;7;7;6;7;4;5;1;1;1;0;4;7;5;2;0;1;6;3;0;Yes;Game Developer
5;1;9;2;3;0;0;6;5;1;5;0;2;6;6;4;8;4;4;6;No;Cybersecurity Analyst
5;2;9;0;7;0;2;6;1;4;5;6;9;7;0;1;2;4;1;2;No;Computer and Information Systems Manager
8;4;5;3;6;9;7;4;4;7;2;1;7;5;0;4;3;9;9;3;Yes;Technical Writer
7;0;8;1;8;6;0;4;7;8;6;7;2;6;5;3;0;5;9;4;No;Computer and Information Systems Manager
9;8;2;1;7;4;0;6;5;7;3;0;3;0;9;9;5;6;2;4;No;Computer and Information Research Scientist
2;9;7;9;7;3;5;4;1;6;6;3;9;9;9;3;3;1;8;2;Yes;Software Tester
9;9;0;6;2;5;1;7;6;7;2;8;1;0;6;1;5;6;7;8;No;Computer and Information Systems Manager
3;2;3;3;3;5;4;1;0;9;3;9;8;0;3;1;7;1;7;0;Yes;UI/UX Designer
6;5;9;6;9;5;7;0;8;3;6;8;7;8;2;7;0;9;2;7;No;Cybersecurity Analyst
6;0;7;8;2;4;2;9;1;4;3;5;7;1;1;3;7;3;2;5;Yes;IT Project Manager
6;8;8;5;7;2;3;0;9;8;5;7;0;4;5;6;9;0;6;9;Yes;Artificial Intelligence Engineer
4;5;3;0;1;9;9;3;8;3;5;7;6;6;1;6;1;5;1;4;Yes;Systems Analyst
1;5;2;9;8;7;7;1;9;2;9;9;0;6;4;6;7;9;6;0;No;Cybersecurity Analyst
4;3;0;7;7;6;4;8;1;6;3;1;5;8;5;8;7;0;1;0;Yes;IT Sales Professional
3;2;2;8;3;3;8;5;4;4;0;8;0;0;8;6;0;1;5;4;Yes;Business Intelligence Analyst
9;2;6;3;5;4;5;1;6;4;5;4;9;8;8;9;0;5;6;3;Yes;Full Stack Developer
7;1;1;4;9;0;8;8;5;2;6;3;8;1;6;1;2;9;3;1;Yes;Artificial Intelligence Engineer
2;8;6;9;2;8;8;5;5;5;2;9;5;5;8;6;5;8;8;8;Yes;Quality Assurance Engineer
6;7;1;3;0;7;1;8;7;9;0;8;2;2;6;7;7;5;2;7;No;Digital Marketing Specialist
5;1;4;5;6;0;8;7;2;2;6;4;4;6;1;2;2;1;1;2;Yes;Computer Science Teacher
5;6;4;1;8;6;3;2;8;4;8;8;2;0;0;6;0;8;6;9;Yes;Blockchain Developer
2;0;1;9;1;9;2;1;6;6;1;8;1;2;2;5;3;8;2;5;Yes;Research Scientist
6;9;0;4;2;7;3;9;7;1;4;2;4;8;1;1;6;0;5;3;No;UI/UX Designer
6;3;9;9;5;3;6;2;9;4;0;8;5;6;0;5;4;8;2;8;No;IT Project Manager
9;5;0;7;8;5;2;7;7;3;1;6;9;0;0;7;4;5;8;5;No;UI/UX Designer
4;8;7;7;1;9;9;0;5;3;6;8;4;4;5;7;8;5;2;3;Yes;IT Project Manager
6;4;3;1;3;9;3;9;7;1;3;0;5;4;2;2;0;1;3;8;No;Network Engineer
9;1;6;6;6;4;1;0;9;2;7;0;4;8;7;5;5;2;0;3;No;Blockchain Developer
6;3;9;4;0;6;3;8;5;1;9;3;7;4;3;9;3;7;0;0;No;Cybersecurity Analyst
7;4;2;5;7;8;6;6;2;4;9;4;7;4;0;0;0;5;4;3;Yes;Web Developer
4;9;5;0;7;4;3;8;1;4;7;4;3;5;1;4;4;8;9;8;No;IT Project Manager
1;2;6;8;0;8;7;8;3;9;8;9;0;2;8;6;8;5;8;1;Yes;Network Administrator
3;8;9;5;8;8;5;4;8;7;4;9;6;8;1;7;0;4;4;2;No;Computer Science Teacher
0;9;1;7;6;7;3;3;5;0;1;6;8;3;3;3;0;4;6;3;No;Computer Network Architect
6;8;8;7;8;6;0;0;4;7;7;9;5;2;7;4;1;7;2;5;No;Technical Support Engineer
5;1;3;6;2;7;7;8;4;3;7;1;0;6;2;5;8;4;1;8;No;Digital Marketing Specialist
6;3;1;5;6;3;5;5;4;5;3;2;1;9;4;7;6;1;8;3;No;Data Scientist
4;5;4;5;6;5;2;6;3;6;5;8;3;7;4;6;6;9;4;1;No;Front End Developer
1;9;9;8;2;2;9;5;3;7;6;2;3;7;6;2;8;5;8;6;No;IT Sales Professional
0;3;9;3;9;7;7;6;1;3;4;0;9;7;6;0;9;0;5;2;No;DevOps Engineer
8;0;5;7;3;0;1;5;4;6;2;9;8;0;4;3;4;1;2;2;Yes;Cloud Architect
3;1;3;6;5;9;4;6;5;9;2;8;7;9;8;4;3;3;3;3;Yes;Digital Marketing Specialist
4;4;3;2;2;7;7;2;1;1;3;6;1;6;7;0;7;0;9;5;No;Database Administrator
8;9;3;5;5;1;6;4;7;7;0;9;8;0;5;4;9;2;0;7;Yes;Systems Analyst
2;9;9;6;8;1;6;1;5;6;1;7;8;4;5;5;3;2;6;3;No;Machine Learning Engineer
4;1;4;5;7;1;6;1;8;5;0;8;4;1;2;4;5;4;7;3;No;Computer Programmer
2;2;1;4;5;9;3;4;1;5;7;5;9;0;4;7;3;3;7;5;No;Technical Support Engineer
9;5;5;5;9;6;2;3;6;7;1;9;7;0;0;9;6;1;1;8;Yes;Digital Marketing Specialist
0;8;5;7;2;2;3;6;5;8;1;8;6;4;5;0;2;0;0;9;Yes;Cloud Architect
8;4;9;8;5;8;9;1;7;4;3;1;3;7;6;5;0;6;7;5;Yes;Computer Systems Manager
5;3;1;8;4;6;0;9;0;2;4;9;1;1;9;0;0;0;8;4;No;Systems Analyst
4;6;8;5;4;1;4;2;9;9;7;1;9;2;9;1;6;6;7;9;No;Software Tester
4;2;8;1;1;0;2;7;1;6;3;1;0;2;5;0;6;4;6;8;Yes;IT Sales Professional
0;3;1;7;8;2;0;9;4;9;7;7;5;3;2;7;4;4;7;0;No;Game Developer
8;0;9;6;3;0;0;8;9;1;9;7;1;5;1;5;4;2;8;2;Yes;Computer Network Architect
7;3;4;8;6;6;4;1;4;2;3;1;0;7;6;9;5;5;5;2;No;Mobile App Developer
1;5;0;2;6;6;5;9;8;3;5;3;2;4;4;7;3;2;8;2;No;Quality Assurance Engineer
0;9;1;5;2;6;9;9;7;4;8;6;9;6;8;1;1;8;6;6;Yes;Artificial Intelligence Engineer
0;3;8;1;2;3;6;7;6;9;2;5;0;7;1;0;2;0;2;2;No;Technical Support Engineer
4;1;9;9;6;5;7;9;8;0;7;7;3;4;8;2;0;9;0;0;No;UI/UX Designer
4;0;6;0;9;3;8;1;5;6;2;8;2;6;1;3;9;0;2;6;No;Machine Learning Engineer
4;6;1;5;7;2;6;3;7;6;7;3;6;1;0;4;3;5;3;6;Yes;Data Scientist
8;5;7;9;2;7;7;4;6;5;6;3;9;0;7;3;5;6;9;8;Yes;Network Engineer
5;2;9;7;7;3;1;8;1;3;1;3;5;3;5;8;3;8;7;7;Yes;Cloud Architect
4;7;8;5;5;3;2;2;8;9;0;6;5;6;0;6;6;0;3;4;No;Software Tester
0;9;3;5;4;1;0;1;6;3;3;8;5;7;9;8;8;1;6;7;Yes;Computer Programmer
1;5;6;3;4;5;2;0;3;7;2;4;9;9;8;4;3;1;1;0;No;Cloud Architect
7;2;5;5;9;3;2;4;0;2;2;2;7;6;9;4;5;0;4;1;No;Research Scientist
4;1;7;1;1;2;5;4;5;4;9;3;3;7;1;5;5;5;3;8;No;Cloud Architect
0;3;9;4;3;2;7;9;7;0;5;1;7;7;7;1;7;5;9;4;Yes;Business Intelligence Analyst
9;0;7;1;9;3;9;8;4;7;9;7;8;9;7;3;0;2;0;2;No;Technical Support Engineer
0;3;1;5;4;0;1;8;5;7;5;5;4;9;9;7;9;2;9;5;No;Computer and Information Systems Manager
8;2;1;6;4;6;3;2;8;5;0;6;8;6;7;4;5;1;2;1;No;Computer Systems Manager
6;3;0;1;5;5;1;0;7;0;7;6;0;1;0;9;6;1;7;4;Yes;Computer Science Teacher
8;6;8;5;6;1;3;3;7;3;9;9;4;7;2;1;9;7;0;2;No;Full Stack Developer
1;3;3;5;4;1;9;7;2;7;2;8;6;7;8;0;0;7;9;4;Yes;UI/UX Designer
5;7;9;9;8;6;5;2;7;8;1;5;1;4;5;8;7;8;6;9;No;Computer Science Teacher
7;9;1;2;1;7;2;2;7;0;3;0;6;9;3;1;9;9;3;2;No;IT Sales Professional
3;2;0;9;3;4;1;0;5;7;2;2;9;3;6;9;8;1;8;5;No;Full Stack Developer
5;3;5;8;0;1;0;3;3;3;8;6;9;6;0;2;8;1;7;7;Yes;Back End Developer
1;8;1;6;4;3;7;1;5;4;1;9;8;4;9;9;5;6;7;1;No;Computer Systems Analyst
6;0;2;5;6;3;8;4;1;8;7;3;3;5;9;3;1;6;9;6;No;Embedded Systems Engineer
2;8;9;9;7;1;7;1;3;6;4;9;5;5;7;3;2;3;4;6;No;Network Engineer
5;5;5;4;4;1;5;8;1;8;4;4;7;8;9;6;5;7;7;0;Yes;Digital Marketing Specialist
0;3;3;7;2;3;7;5;8;9;4;3;3;3;3;7;9;6;2;0;No;Artificial Intelligence Engineer
1;9;6;1;1;0;2;1;2;3;2;2;5;8;1;9;7;0;8;8;No;IT Project Manager
6;7;9;6;6;1;0;5;0;9;7;2;6;3;5;1;6;7;0;1;No;Cloud Architect
6;9;8;9;1;1;3;1;9;8;1;1;8;2;5;3;6;3;1;8;Yes;Web Developer
8;8;2;3;1;3;8;9;8;1;2;0;9;6;4;6;9;1;8;0;No;Computer Hardware Engineer
6;2;8;7;1;4;3;1;2;3;0;9;9;3;9;7;8;8;0;7;No;Computer and Information Systems Manager
8;6;9;9;7;6;2;9;2;6;5;8;6;2;5;0;9;3;2;9;Yes;Cybersecurity Analyst
9;7;7;8;3;1;4;1;7;2;7;0;3;8;8;7;9;8;3;0;Yes;Research Scientist
5;7;3;2;3;5;4;2;0;2;1;8;2;2;1;2;9;4;3;9;No;Software Tester
3;2;2;6;0;8;5;7;9;6;4;1;2;1;9;2;2;1;5;8;No;Database Administrator
1;3;7;3;3;5;1;2;4;9;8;8;1;9;6;2;0;0;9;0;Yes;Technical Support Engineer
9;1;2;8;3;3;6;5;9;8;5;2;0;0;9;2;2;4;9;6;Yes;Cloud Architect
3;8;7;6;2;9;8;7;1;6;8;6;7;6;4;0;1;6;7;8;No;Mobile App Developer
2;3;2;1;3;7;8;4;0;4;1;7;9;1;7;5;6;2;9;6;Yes;Full Stack Developer
3;6;3;1;9;5;1;0;8;1;3;0;1;4;4;3;6;8;7;4;No;Back End Developer
7;6;6;3;8;9;3;9;2;2;5;7;3;9;0;1;3;9;8;7;Yes;IT Sales Professional
5;6;8;8;9;6;6;0;1;4;0;4;9;3;3;6;3;8;6;6;No;Network Administrator
4;3;5;7;3;0;3;1;5;1;7;3;9;5;6;0;7;9;8;7;Yes;Computer Systems Analyst
9;2;4;0;1;3;8;1;9;7;6;9;2;4;0;8;1;5;3;3;Yes;Database Administrator
9;6;6;1;4;2;3;9;0;3;3;9;0;8;8;0;3;7;3;8;Yes;Systems Analyst
2;9;6;7;4;7;5;7;1;3;8;3;8;4;8;1;8;7;6;5;No;Systems Analyst
6;4;2;6;2;5;2;4;6;0;8;2;0;6;8;5;6;6;4;5;No;Computer and Information Systems Manager
5;3;4;6;8;3;4;3;4;0;8;2;0;3;1;4;4;4;8;0;Yes;Game Developer
2;8;7;7;0;5;4;6;8;2;5;9;1;9;0;6;4;5;7;9;Yes;Computer Programmer
1;7;2;3;6;9;8;3;4;8;1;2;7;3;4;3;5;4;1;3;Yes;Computer Science Teacher
5;2;8;9;9;6;9;5;1;0;9;5;3;8;4;0;9;5;1;4;Yes;Computer Systems Analyst
3;0;2;3;5;7;6;4;6;9;1;1;0;0;3;2;0;6;5;7;No;Blockchain Developer
6;3;8;4;9;4;5;7;1;8;2;6;5;1;6;9;5;7;3;9;No;Software Developer
6;6;1;4;9;3;2;5;3;5;3;6;4;7;5;1;0;9;4;8;No;Network Engineer
5;7;0;7;9;3;9;5;1;4;6;9;4;8;4;0;2;3;8;9;No;Business Intelligence Analyst
8;9;8;3;1;8;5;6;6;7;3;5;3;0;0;9;8;9;8;8;Yes;DevOps Engineer
3;9;6;3;7;6;2;1;8;4;2;2;2;3;2;2;7;8;7;8;No;Computer Network Architect
8;9;1;3;7;7;9;5;8;3;3;3;6;2;0;2;0;8;9;5;Yes;Computer Programmer
3;9;1;8;7;1;0;8;8;3;1;7;9;8;6;6;4;7;6;0;Yes;Computer Systems Analyst
4;5;1;8;5;2;8;4;4;3;9;3;0;2;2;0;2;4;4;7;No;Research Scientist
1;6;2;2;9;1;7;1;1;3;8;0;7;7;8;7;3;5;1;4;Yes;Network Administrator
8;2;0;1;9;4;4;7;5;9;9;1;6;7;2;2;7;3;8;3;No;Full Stack Developer
8;8;2;4;7;1;5;1;8;3;2;0;3;6;3;5;9;9;4;1;Yes;Blockchain Developer
9;1;9;4;8;0;4;5;9;9;5;9;6;6;4;9;1;8;6;2;Yes;Business Intelligence Analyst
2;1;4;8;0;2;9;9;1;8;7;5;3;4;4;5;9;3;8;8;Yes;Software Developer
2;5;5;2;4;9;4;9;7;5;0;3;8;8;4;2;4;7;9;1;No;Research Scientist
2;1;9;4;3;6;5;2;7;3;6;3;1;3;6;9;6;8;5;2;Yes;Web Developer
2;2;3;4;6;4;6;8;3;2;7;0;5;5;0;5;4;6;2;1;Yes;Software Developer
4;4;0;2;9;3;0;9;2;3;1;2;2;9;0;3;6;2;5;7;No;Network Engineer
0;5;2;4;9;2;6;4;6;0;9;7;6;1;5;9;4;0;8;8;Yes;Research Scientist
4;5;7;9;3;1;7;3;6;6;0;1;6;9;5;8;9;0;1;9;No;Quality Assurance Engineer
7;6;7;3;1;8;3;8;8;9;1;4;4;9;3;2;7;0;7;8;Yes;Systems Analyst
6;2;0;0;2;9;0;3;7;1;5;2;4;9;5;7;2;0;4;1;No;Computer Programmer
9;7;9;3;2;6;8;2;8;4;8;9;1;2;5;6;4;0;4;6;No;Computer Systems Manager
3;7;1;8;0;5;0;2;6;6;8;1;0;8;9;9;9;9;1;7;No;Front End Developer
7;9;9;9;7;0;7;1;0;8;2;6;3;2;9;4;9;7;8;2;No;IT Project Manager
6;5;2;4;3;6;5;2;6;7;9;1;1;2;8;3;6;2;2;1;No;Software Engineer
9;3;7;0;1;6;0;1;7;5;6;6;4;7;1;7;1;8;6;7;No;Front End Developer
7;6;4;2;0;0;6;6;6;4;9;8;7;6;8;5;3;1;2;7;No;DevOps Engineer
4;5;9;2;7;1;0;4;8;9;2;7;1;9;4;3;3;9;4;6;No;Systems Analyst
8;4;1;9;0;2;9;2;9;7;8;8;0;9;0;1;4;6;4;4;No;Cybersecurity Analyst
4;8;6;0;9;4;0;5;4;5;3;6;5;6;6;9;8;0;5;1;Yes;Network Administrator
5;1;1;0;7;8;1;9;7;1;5;6;0;3;0;6;4;2;3;6;Yes;Computer and Information Research Scientist
4;7;5;1;5;7;0;2;5;8;8;8;8;2;9;7;4;4;7;3;Yes;Full Stack Developer
9;9;7;7;2;3;6;8;8;5;3;8;3;7;8;1;4;9;8;4;No;Web Developer
4;2;0;1;7;1;5;3;4;9;6;8;1;3;5;7;5;9;8;0;No;Blockchain Developer
6;8;9;3;3;6;7;0;7;5;5;5;2;4;3;9;3;1;6;9;Yes;Web Developer
2;5;3;8;9;1;5;1;4;8;4;9;2;1;8;4;4;1;5;0;Yes;Systems Analyst
6;2;5;2;0;0;0;6;5;9;8;7;9;4;9;7;2;6;9;4;No;Database Administrator
7;1;9;0;8;9;7;0;2;8;4;6;8;7;5;0;9;2;1;0;No;Database Administrator
2;1;6;2;5;7;6;7;9;2;6;9;5;5;8;4;1;1;3;7;No;Network Engineer
7;3;9;6;1;8;4;5;4;6;0;5;2;1;8;2;8;7;8;0;Yes;Network Engineer
9;8;5;4;4;0;8;1;6;3;0;7;2;6;8;9;7;6;2;0;No;Cybersecurity Analyst
0;4;5;0;1;8;0;3;0;3;9;2;2;2;9;5;0;0;7;3;No;Database Administrator
9;9;6;7;0;7;7;9;3;0;7;5;9;9;6;3;0;4;4;7;No;Cloud Architect
0;2;5;1;1;9;8;0;6;1;8;6;3;1;8;4;6;0;7;5;Yes;Game Developer
0;2;7;0;2;8;4;6;4;7;5;2;2;8;2;8;1;3;0;8;Yes;Network Engineer
7;9;8;9;6;4;9;2;0;4;6;7;9;2;7;9;8;4;5;7;Yes;Computer and Information Systems Manager
8;8;5;6;8;4;5;9;1;0;1;7;5;8;5;2;6;2;0;5;Yes;Software Tester
4;5;7;9;1;7;8;9;6;6;3;0;0;9;2;4;3;0;7;4;Yes;Software Developer
6;8;1;8;0;0;2;5;7;8;8;6;0;6;5;9;4;6;8;5;No;Software Tester
1;2;2;4;4;9;3;9;2;5;5;7;8;1;2;0;3;4;6;5;Yes;Software Engineer
5;5;4;2;6;3;5;4;8;6;1;5;0;7;8;8;7;4;4;5;Yes;Technical Writer
7;9;5;1;0;4;6;4;5;1;5;3;7;0;1;6;9;7;0;3;No;Research Scientist
9;3;0;7;4;2;7;2;4;7;3;8;3;1;1;4;8;3;0;2;No;Software Tester
3;8;2;6;8;9;1;1;0;7;6;3;9;5;4;2;5;0;0;8;No;UI/UX Designer
3;2;3;2;3;7;4;9;0;1;7;9;9;3;4;9;1;1;5;4;No;Network Engineer
8;5;0;5;9;4;7;2;5;3;0;8;6;0;1;4;5;1;2;7;Yes;IT Project Manager
2;8;4;8;8;7;5;4;9;9;3;7;1;7;2;9;9;5;3;7;Yes;IT Sales Professional
7;3;4;2;0;1;1;9;4;4;9;9;5;9;5;2;5;3;2;5;No;Back End Developer
2;4;3;7;9;9;2;5;9;9;1;9;7;2;3;6;1;1;6;7;No;Blockchain Developer
8;1;3;4;3;9;4;4;5;6;5;0;6;1;4;8;4;5;8;0;Yes;Web Developer
7;9;2;9;9;1;7;7;2;2;2;0;9;4;1;5;2;3;0;7;Yes;Front End Developer
6;5;6;3;6;1;4;9;5;4;6;4;0;9;5;7;9;7;7;7;Yes;Software Tester
2;3;0;7;2;3;2;4;1;9;7;1;5;3;3;0;5;4;5;7;Yes;Computer Science Teacher
8;3;6;2;7;3;1;4;4;9;1;6;7;9;1;1;5;9;6;3;No;Back End Developer
2;5;4;0;9;5;4;0;1;4;5;1;9;2;8;2;7;3;5;7;No;Technical Support Engineer
4;0;9;0;4;1;6;4;5;3;1;1;0;3;0;7;6;1;4;4;Yes;Technical Support Engineer
8;7;6;9;5;3;6;5;9;9;7;9;1;6;1;6;5;9;7;9;No;Computer Network Architect
7;8;2;1;9;8;2;8;6;7;5;1;4;2;7;8;9;1;5;7;Yes;Computer Systems Analyst
3;4;0;5;1;0;6;1;2;9;6;8;4;5;8;1;8;8;8;5;No;Software Engineer
6;2;4;8;4;7;8;6;8;6;6;9;1;3;5;4;6;1;1;8;Yes;Systems Analyst
6;5;2;6;9;8;5;9;5;6;3;4;3;1;2;1;9;9;7;0;No;IT Sales Professional
8;4;1;8;8;9;6;0;7;8;4;7;6;7;7;2;8;0;4;4;Yes;Software Developer
4;5;1;1;1;7;7;6;1;9;7;2;3;5;6;5;3;5;3;0;Yes;Database Administrator
4;0;2;8;6;6;9;6;5;3;0;3;7;3;8;1;9;0;8;9;Yes;Quality Assurance Engineer
4;8;1;6;4;0;5;8;3;6;1;9;0;5;8;5;2;6;7;7;Yes;Network Engineer
2;9;5;8;0;7;6;4;7;8;6;0;9;5;7;5;2;5;7;6;No;UI/UX Designer
6;1;1;3;2;5;9;8;2;7;4;6;3;8;8;6;9;2;1;5;No;UI/UX Designer
9;9;0;4;7;3;5;4;2;4;6;1;8;0;5;9;3;4;0;1;No;Mobile App Developer
2;6;7;4;6;3;5;2;7;7;3;9;0;4;2;0;6;1;2;3;No;DevOps Engineer
6;7;8;6;6;1;8;1;4;3;4;5;6;3;1;7;9;2;2;1;No;Cloud Architect
8;0;3;6;5;1;1;0;3;6;7;9;7;3;2;7;6;5;7;1;No;Systems Analyst
6;0;1;1;3;0;3;2;7;1;8;2;7;8;3;3;6;6;1;2;No;Embedded Systems Engineer
9;8;0;9;9;2;7;5;8;5;3;1;0;2;0;3;8;7;7;7;No;Quality Assurance Engineer
5;8;7;4;5;6;1;6;5;7;3;5;0;9;9;5;3;1;2;2;No;Computer Systems Analyst
6;4;6;2;3;6;9;7;5;7;6;9;3;3;2;1;8;8;6;6;No;Software Developer
3;6;4;2;7;3;6;5;4;9;0;7;4;3;5;4;9;5;6;7;Yes;Technical Writer
5;4;9;9;8;7;3;8;0;2;0;9;2;2;8;8;2;6;6;1;Yes;Software Developer
3;0;5;9;0;6;0;1;2;4;7;9;5;0;4;4;9;8;7;7;No;IT Project Manager
6;0;8;4;9;7;9;3;3;5;3;1;4;6;6;6;5;3;7;1;Yes;Computer Programmer
9;2;5;5;5;1;0;8;7;2;9;3;8;4;7;8;0;1;8;2;Yes;Computer Science Teacher
4;2;2;8;0;4;5;0;6;8;9;6;6;6;7;4;4;8;3;2;No;IT Project Manager
5;3;2;6;8;6;5;6;2;3;7;4;7;3;5;2;1;7;9;8;No;Computer Systems Analyst
8;2;3;0;5;2;9;3;0;1;4;4;5;6;7;4;9;2;3;5;No;IT Consultant
7;7;0;0;5;6;8;3;0;6;6;4;0;9;1;9;1;9;4;8;No;Computer Systems Analyst
6;4;8;4;4;9;5;0;7;3;2;7;6;3;7;6;4;6;5;3;No;Mobile App Developer
9;7;5;4;0;8;2;5;3;6;4;8;0;3;3;8;3;9;6;2;Yes;IT Support Specialist
9;5;5;5;5;3;4;0;5;5;4;9;8;1;8;0;1;0;0;6;No;Computer and Information Research Scientist
3;4;0;2;9;7;1;2;5;5;4;8;6;6;1;3;5;1;9;3;No;Mobile App Developer
2;8;7;0;0;2;0;9;1;4;1;8;4;1;6;0;1;4;4;3;No;Game Developer
2;5;7;2;7;4;7;9;9;9;5;0;4;9;6;7;4;9;8;1;Yes;Software Engineer
5;6;5;1;6;2;6;4;8;2;1;8;3;4;9;2;7;8;0;0;No;Back End Developer
4;5;5;2;7;4;6;6;8;8;4;1;0;2;4;4;3;6;6;1;Yes;Computer Science Teacher
8;3;2;8;2;3;3;7;0;9;9;9;0;6;9;5;1;9;9;6;No;IT Project Manager
2;1;5;8;6;5;0;0;6;0;4;5;6;7;3;8;9;9;0;5;No;Computer and Information Systems Manager
1;6;0;8;3;7;3;8;7;2;1;8;2;2;6;5;8;6;3;9;Yes;Systems Analyst
1;9;1;0;0;2;5;2;2;3;4;6;6;2;8;7;3;5;7;2;Yes;Full Stack Developer
9;9;3;3;8;4;0;3;0;3;2;5;7;9;2;0;6;1;2;8;No;Computer Programmer
9;8;1;3;6;4;1;9;3;3;3;9;8;0;0;6;0;4;6;4;Yes;Systems Analyst
9;4;9;8;3;6;0;2;6;3;1;9;6;4;0;5;8;2;8;3;Yes;Data Scientist
5;2;1;9;0;1;6;5;6;1;4;6;0;3;0;1;9;2;0;2;No;IT Project Manager
6;8;9;5;1;0;4;9;7;1;1;3;4;3;0;0;4;7;5;0;Yes;IT Consultant
9;7;2;4;5;0;7;5;1;1;4;6;0;8;1;3;5;4;3;3;No;Digital Marketing Specialist
6;0;9;7;3;4;1;1;2;5;2;3;2;6;1;0;1;2;8;6;No;Computer and Information Systems Manager
5;0;0;5;8;1;4;6;1;6;3;4;5;0;1;5;0;8;2;7;No;IT Project Manager
0;3;3;1;5;9;8;6;0;4;9;6;3;1;2;4;5;8;8;5;No;Computer and Information Systems Manager
5;9;6;4;5;5;8;8;9;9;2;7;8;6;1;8;3;4;8;2;Yes;Systems Analyst
6;8;1;4;4;4;5;5;8;5;0;6;0;0;2;9;2;8;4;1;Yes;Cybersecurity Analyst
8;9;6;1;5;4;6;4;1;9;2;3;8;7;2;1;4;2;5;3;Yes;Quality Assurance Engineer
9;4;1;7;5;8;4;8;4;0;1;9;2;7;7;8;3;1;9;5;No;Computer Hardware Engineer
2;6;7;5;2;2;5;4;1;0;6;6;0;5;9;0;2;9;7;1;No;Technical Writer
0;9;0;1;2;0;0;1;8;3;8;0;1;6;5;5;3;1;0;5;No;Cybersecurity Analyst
5;2;7;1;3;0;2;1;0;5;7;0;3;6;0;5;4;6;1;4;Yes;Technical Writer
8;3;7;3;4;7;0;1;6;6;3;6;7;5;2;8;6;6;7;4;No;Game Developer
2;2;9;2;4;0;1;3;9;0;3;3;0;2;5;6;9;2;1;3;No;Cybersecurity Analyst
7;8;7;3;5;9;5;0;0;6;8;4;1;3;4;9;6;4;9;7;Yes;Full Stack Developer
8;3;9;0;8;5;7;3;6;1;0;2;9;1;2;5;5;4;5;6;No;UI/UX Designer
3;2;4;4;0;9;7;0;2;1;7;7;9;2;5;1;6;4;8;1;Yes;IT Support Specialist
7;7;4;5;2;9;9;8;1;9;9;6;4;7;6;2;0;0;8;4;No;IT Consultant
2;2;4;9;6;1;0;1;6;5;1;9;2;4;9;0;4;1;3;5;Yes;Blockchain Developer
9;5;1;0;2;3;7;3;0;7;9;5;4;2;3;4;3;8;1;3;Yes;Business Intelligence Analyst
6;0;0;7;1;0;8;9;1;6;1;2;7;8;5;9;5;4;2;6;Yes;Software Developer
2;9;0;2;3;2;8;7;3;9;1;7;3;5;6;4;3;4;2;9;No;Back End Developer
4;7;6;9;0;0;5;1;6;9;4;7;2;8;1;6;6;4;2;5;Yes;Blockchain Developer
4;5;3;9;6;1;9;7;6;2;3;4;2;8;3;7;3;8;0;9;No;Software Tester
6;9;1;6;7;4;1;3;7;7;5;3;1;8;4;6;8;1;0;4;Yes;Digital Marketing Specialist
8;3;4;4;6;9;9;5;6;1;7;1;9;7;3;3;4;4;7;4;Yes;IT Support Specialist
6;2;4;9;3;4;5;7;7;6;7;1;7;0;4;1;0;5;4;2;Yes;Software Tester
2;6;0;9;9;7;3;9;9;3;3;0;7;2;1;1;2;3;3;6;No;Computer Hardware Engineer
3;8;9;2;4;4;5;7;4;9;6;2;4;2;1;3;1;0;7;6;Yes;Technical Support Engineer
7;0;7;4;2;7;7;5;1;9;5;6;9;4;3;5;7;8;0;0;Yes;Technical Writer
5;0;3;8;9;4;3;1;2;0;5;3;3;2;2;1;1;4;3;9;Yes;Network Engineer
5;8;0;1;7;8;5;5;2;6;1;9;7;7;8;0;3;9;2;0;Yes;Full Stack Developer
2;6;1;5;6;4;9;1;7;2;3;9;4;6;4;8;0;5;5;6;Yes;Computer and Information Research Scientist
9;4;2;0;0;4;4;0;1;6;1;6;7;8;5;0;8;9;9;2;Yes;IT Consultant
6;2;7;8;7;8;4;9;6;1;6;0;5;0;5;7;7;0;7;7;No;Software Tester
5;2;3;7;9;9;8;1;8;9;3;2;5;9;4;6;3;6;3;7;Yes;Computer Programmer
3;3;3;8;3;6;3;1;1;7;3;6;2;9;5;4;3;2;3;0;Yes;IT Sales Professional
7;1;7;3;4;1;2;8;2;3;5;3;1;7;7;0;9;4;4;4;Yes;Data Scientist
2;9;3;2;0;2;9;5;1;7;0;9;6;5;8;1;2;9;8;3;Yes;Technical Support Engineer
1;4;8;2;1;2;0;0;3;2;0;2;0;2;9;8;3;9;7;4;No;Cybersecurity Analyst
7;4;9;0;1;7;4;1;0;3;0;8;1;3;8;0;4;7;5;0;No;IT Support Specialist
8;3;6;4;4;5;6;4;4;0;5;0;8;6;9;1;8;9;3;8;Yes;Full Stack Developer
7;1;9;2;6;1;5;3;1;0;4;9;4;0;1;1;8;8;5;9;Yes;Full Stack Developer
6;3;6;0;6;5;4;7;6;1;1;8;0;6;9;0;0;0;5;0;No;Front End Developer
5;7;4;2;0;1;0;1;3;9;5;3;1;1;2;7;8;4;8;3;No;UI/UX Designer
6;4;9;4;3;4;4;5;9;1;2;0;6;7;2;8;0;1;1;4;Yes;Computer Science Teacher
4;1;5;2;0;1;1;4;1;5;1;5;5;7;5;8;6;0;8;7;No;IT Consultant
7;5;4;4;4;9;9;7;7;1;4;7;5;1;6;0;0;0;4;5;No;Computer Systems Analyst
2;8;2;0;2;5;7;1;7;7;1;7;3;3;4;2;7;3;1;8;Yes;IT Consultant
6;5;0;4;7;9;6;4;9;4;4;6;3;2;0;1;6;5;4;1;Yes;Game Developer
2;7;9;9;8;6;8;8;4;1;7;1;2;2;1;1;6;8;6;2;No;IT Support Specialist
0;7;4;0;9;7;5;8;0;7;1;5;1;1;4;0;8;4;4;8;Yes;IT Support Specialist
8;6;3;8;8;2;5;6;8;1;5;4;7;3;0;7;8;4;0;4;No;Network Engineer
8;3;9;6;2;0;3;7;5;5;6;7;1;1;8;6;4;3;5;5;No;Artificial Intelligence Engineer
9;5;6;3;4;4;2;2;3;9;1;2;5;4;6;6;0;9;0;3;Yes;IT Project Manager
5;7;9;9;3;7;7;3;3;7;6;6;3;5;6;4;0;6;3;8;Yes;DevOps Engineer
7;1;8;6;7;2;7;9;1;2;0;6;9;3;5;2;7;5;7;5;Yes;Computer Science Teacher
0;3;4;4;8;4;5;4;2;9;3;5;4;4;0;6;2;2;2;8;No;Software Engineer
1;2;7;3;2;0;9;7;9;1;1;0;2;5;3;0;9;7;8;1;Yes;Computer and Information Systems Manager
4;7;9;0;1;5;5;1;5;9;3;3;6;9;8;0;9;5;9;8;Yes;IT Project Manager
9;0;6;6;7;3;8;9;4;8;9;0;2;1;5;3;8;2;3;2;No;Computer and Information Systems Manager
5;3;5;6;9;4;7;3;5;2;5;8;8;3;3;4;3;8;6;2;No;Computer and Information Systems Manager
1;6;2;8;4;3;0;2;2;4;7;8;4;8;4;9;4;4;5;0;No;Computer Systems Analyst
3;8;0;0;3;8;0;9;1;9;9;9;5;1;6;6;8;0;0;7;No;DevOps Engineer
1;2;3;4;4;8;8;2;5;2;7;4;8;0;7;5;7;2;5;1;Yes;Artificial Intelligence Engineer
8;2;1;7;6;9;0;9;4;6;3;2;2;1;7;5;6;9;9;8;No;IT Support Specialist
6;4;8;7;8;8;4;1;6;1;5;3;9;7;5;4;5;6;1;5;Yes;Software Developer
4;9;5;2;3;3;2;8;1;9;6;8;5;3;0;3;8;7;4;2;Yes;Systems Analyst
2;2;3;0;3;6;0;2;9;2;3;2;7;9;1;9;0;2;1;1;No;Database Administrator
7;3;0;3;2;7;2;2;6;0;3;3;6;1;1;4;9;1;5;4;No;IT Consultant
7;9;2;9;6;8;8;9;2;9;7;2;0;0;3;9;5;8;5;3;Yes;Software Developer
7;3;4;8;0;2;7;3;6;8;1;9;5;3;3;1;8;6;3;3;Yes;Back End Developer
4;9;4;1;3;0;1;6;1;0;1;2;2;8;3;6;4;1;9;8;No;Computer and Information Research Scientist
0;4;5;7;3;8;4;5;3;8;9;5;2;5;0;4;5;6;9;4;No;Computer and Information Systems Manager
3;6;7;8;8;2;2;1;9;8;9;8;1;7;8;7;5;0;2;1;No;Computer Programmer
9;8;0;2;7;2;3;4;2;3;7;1;3;4;0;6;5;6;8;5;Yes;Technical Support Engineer
4;1;0;1;4;8;8;7;5;0;8;5;2;2;6;0;8;3;7;1;No;Database Administrator
0;7;2;8;7;3;4;9;7;7;1;9;0;0;8;3;3;3;1;7;No;Blockchain Developer
3;2;9;4;7;9;6;3;3;1;6;6;5;7;5;4;0;0;5;6;Yes;Embedded Systems Engineer
7;3;7;8;5;6;4;5;7;1;4;0;9;7;6;3;9;0;2;2;No;Cybersecurity Analyst
2;5;4;1;1;4;1;3;5;3;6;9;9;1;5;6;2;3;1;5;Yes;DevOps Engineer
2;9;4;3;5;9;6;2;2;2;1;6;8;7;0;5;4;2;9;9;Yes;Cloud Architect
2;9;5;7;7;4;4;1;1;7;1;0;1;8;0;4;4;3;0;7;No;Computer Systems Analyst
1;7;4;5;4;7;5;6;6;5;6;5;3;0;9;8;6;7;0;6;Yes;Software Tester
2;6;5;8;6;9;1;2;3;9;0;2;7;2;7;5;8;0;1;5;No;Database Administrator
5;6;0;5;5;1;4;6;2;5;3;3;0;1;1;4;6;7;9;7;Yes;Systems Analyst
6;9;9;7;4;6;1;8;7;6;3;8;1;2;1;2;5;4;6;3;Yes;Digital Marketing Specialist
4;8;0;7;6;2;3;3;3;9;3;4;3;6;0;0;1;5;0;0;No;Network Engineer
1;7;7;6;4;3;0;8;8;3;9;1;8;1;1;0;4;0;7;5;Yes;Computer Network Architect
8;1;6;5;9;7;5;0;6;8;6;6;2;0;7;5;8;3;3;9;No;Front End Developer
8;5;5;4;0;1;4;7;5;2;5;7;8;2;7;2;9;4;5;0;Yes;Network Engineer
4;5;6;1;7;9;7;9;6;7;2;8;9;6;8;7;9;8;3;5;Yes;Machine Learning Engineer
9;9;2;3;7;1;7;2;7;3;1;7;4;5;0;7;4;7;0;7;No;Machine Learning Engineer
2;6;7;8;0;2;3;6;7;2;1;9;8;8;2;4;3;7;4;4;Yes;Blockchain Developer
6;9;1;1;3;1;5;5;4;7;7;9;5;9;3;8;1;6;4;5;No;Machine Learning Engineer
2;3;9;4;3;9;5;7;7;2;6;1;5;6;5;9;8;0;1;0;No;Quality Assurance Engineer
9;0;5;9;3;4;0;8;5;6;1;0;7;0;6;9;7;2;5;0;No;Blockchain Developer
5;6;2;0;3;1;5;5;4;0;5;8;9;6;8;8;0;8;3;7;No;Research Scientist
2;5;2;9;1;0;8;2;3;7;4;4;0;5;4;2;4;4;9;1;No;Mobile App Developer
0;4;3;8;4;6;2;0;2;4;2;5;4;0;5;4;8;7;6;6;No;Computer Hardware Engineer
8;0;6;6;9;8;5;9;7;9;0;1;1;8;6;1;3;9;4;6;No;IT Sales Professional
2;1;5;1;0;1;5;5;4;6;5;1;4;4;9;4;6;8;1;6;Yes;DevOps Engineer
5;4;8;1;0;4;4;4;9;4;6;2;4;8;0;8;5;2;2;6;No;Data Scientist
5;1;5;8;0;5;3;8;8;2;7;5;9;5;4;5;5;8;3;0;Yes;Machine Learning Engineer
8;6;8;2;6;5;9;3;0;1;0;4;1;3;0;0;1;6;1;1;No;Front End Developer
4;7;6;8;9;0;5;8;6;5;8;1;6;9;8;5;5;4;7;8;Yes;Game Developer
7;3;8;0;4;7;3;6;5;9;6;5;9;5;2;1;2;1;8;3;Yes;Computer Systems Analyst
9;2;1;8;3;3;3;8;0;0;3;3;5;0;3;7;7;2;2;3;No;Database Administrator
8;9;9;0;2;2;9;8;6;3;0;3;9;7;1;4;6;0;2;7;No;DevOps Engineer
0;7;0;9;3;0;1;6;4;3;5;8;0;2;0;1;1;9;1;8;Yes;Digital Marketing Specialist
9;3;7;3;5;0;5;4;7;4;3;3;0;7;0;0;0;8;4;6;No;Computer Systems Analyst
7;1;8;3;7;5;4;3;7;9;9;4;4;1;6;1;5;0;4;5;No;Cloud Architect
2;4;9;9;8;7;3;5;1;1;6;5;4;7;2;8;0;3;1;7;No;IT Project Manager
1;1;3;0;3;1;0;5;5;8;6;1;3;8;2;2;9;0;4;0;Yes;Machine Learning Engineer
4;5;9;0;5;7;4;2;0;2;5;1;0;9;2;2;7;5;4;1;No;Computer and Information Systems Manager
0;2;0;6;4;3;1;3;8;4;9;7;9;8;4;3;3;3;7;8;Yes;Computer Hardware Engineer
9;4;7;4;6;7;5;3;3;8;3;1;5;8;6;2;9;6;6;6;No;Technical Support Engineer
7;8;5;6;2;9;3;6;4;5;2;4;5;9;3;6;3;7;7;1;Yes;Technical Support Engineer
4;6;3;8;9;0;7;8;4;6;9;9;8;7;8;3;8;1;2;8;No;Artificial Intelligence Engineer
8;4;6;7;1;0;6;0;0;9;1;7;8;3;6;0;5;2;5;5;No;Back End Developer
2;5;2;4;3;0;9;8;1;8;8;3;4;8;1;2;9;0;7;6;Yes;IT Project Manager
5;5;8;0;9;4;7;2;9;6;5;6;5;7;7;9;8;5;0;0;No;Front End Developer
9;3;3;5;0;8;9;7;0;7;3;9;4;8;3;0;6;0;7;8;No;Machine Learning Engineer
8;8;9;4;7;3;7;9;2;1;3;9;5;7;2;6;9;9;7;1;No;Front End Developer
1;6;0;9;2;3;1;6;7;8;5;0;8;1;1;7;2;0;3;2;Yes;DevOps Engineer
4;6;1;7;2;4;0;1;8;3;9;5;5;9;5;6;6;4;8;3;Yes;Technical Support Engineer
1;3;8;1;0;7;1;0;8;4;4;2;3;4;8;0;0;0;7;3;Yes;Computer Programmer
8;7;8;1;4;7;3;7;1;0;1;0;6;8;0;6;6;8;9;0;Yes;Cybersecurity Analyst
6;4;5;1;5;5;4;3;7;7;5;9;2;7;2;9;9;7;5;7;Yes;Game Developer
8;1;9;0;0;7;6;4;2;1;4;3;1;3;1;2;0;5;4;3;Yes;Network Engineer
7;2;2;6;0;5;2;9;2;6;8;5;0;4;6;0;3;3;6;6;Yes;Research Scientist
4;0;1;2;5;5;2;1;4;3;3;1;2;6;1;2;6;0;6;1;Yes;Computer Systems Manager
9;9;9;1;5;8;1;3;7;5;1;2;5;0;7;1;0;9;5;0;Yes;Systems Analyst
2;4;9;1;8;9;0;1;7;3;3;2;1;9;5;8;5;9;2;0;No;Network Administrator
6;3;4;8;3;4;1;1;2;5;1;0;5;8;9;1;5;4;3;8;Yes;IT Sales Professional
2;4;8;2;9;0;6;2;3;8;3;3;6;7;9;4;1;3;8;9;No;Computer Programmer
5;6;1;8;5;7;2;2;0;9;9;3;7;9;0;3;3;9;4;7;Yes;Technical Support Engineer
3;2;1;6;6;6;2;7;0;9;8;3;0;3;4;6;6;3;0;8;No;Mobile App Developer
1;0;2;8;5;1;2;1;8;8;7;1;9;6;5;3;7;4;8;3;Yes;Cloud Architect
8;3;9;3;7;8;2;0;0;4;5;5;9;7;8;1;1;8;0;1;No;UI/UX Designer
1;1;5;5;1;3;3;1;2;7;9;1;6;0;5;7;3;0;2;2;Yes;Artificial Intelligence Engineer
0;3;8;9;5;6;4;3;1;2;0;3;1;2;8;4;6;3;2;3;No;Systems Analyst
2;0;9;0;1;2;1;7;9;1;6;6;1;0;1;1;7;5;6;3;No;Machine Learning Engineer
5;9;9;5;1;0;4;8;6;4;9;5;1;2;8;6;8;6;9;3;Yes;Software Developer
0;5;0;2;9;4;1;2;7;7;3;8;3;2;6;3;6;4;5;8;No;Mobile App Developer
4;2;1;7;0;9;7;2;9;8;2;2;6;2;5;2;0;3;0;6;No;Embedded Systems Engineer
5;8;1;0;8;0;6;5;5;8;6;9;9;7;5;7;4;5;4;4;No;Computer Systems Manager
9;6;0;0;1;0;9;7;5;2;0;2;6;9;1;5;0;5;5;8;Yes;UI/UX Designer
8;3;9;0;3;9;1;2;3;4;8;5;6;9;7;2;6;9;1;8;Yes;Business Intelligence Analyst
4;5;3;1;1;7;6;2;9;5;1;3;0;6;1;1;7;8;4;7;Yes;Machine Learning Engineer
3;5;9;3;3;3;5;2;3;2;2;4;1;0;9;2;9;4;5;3;Yes;Software Developer
7;5;5;9;6;7;9;2;7;5;9;0;9;3;1;8;9;9;6;7;No;UI/UX Designer
0;4;5;3;7;2;6;6;8;8;5;6;4;2;0;9;7;5;6;5;No;Quality Assurance Engineer
5;0;2;7;9;2;8;9;0;0;4;0;6;3;7;1;9;8;6;6;Yes;Cybersecurity Analyst
8;2;4;3;0;1;4;2;1;7;7;3;5;5;1;1;0;6;0;8;No;Systems Analyst
4;6;8;3;5;6;8;3;2;4;6;9;2;5;4;9;4;3;2;7;No;Computer Programmer
3;4;5;0;7;1;6;8;3;4;0;2;5;9;9;3;8;6;4;3;No;IT Project Manager
5;9;8;7;9;0;3;7;2;2;7;0;8;9;1;0;3;7;4;5;Yes;Network Engineer
7;0;3;6;7;4;5;6;5;2;8;7;4;2;2;3;2;6;1;4;No;Computer and Information Research Scientist
3;4;5;5;5;9;9;3;6;7;6;5;1;4;3;3;2;8;2;3;Yes;UI/UX Designer
2;2;9;2;9;5;9;3;3;8;3;0;6;8;9;5;0;9;9;9;No;Computer Systems Analyst
0;3;0;4;5;4;4;4;5;0;8;5;0;1;3;7;3;3;0;4;Yes;IT Sales Professional
0;6;9;8;9;8;3;0;4;1;6;0;9;3;0;2;1;7;8;5;Yes;Digital Marketing Specialist
5;0;1;7;6;8;6;5;7;0;4;6;6;6;0;3;4;1;6;4;No;Computer Science Teacher
4;2;5;1;7;2;4;8;1;4;3;7;5;7;2;5;5;4;8;3;Yes;Systems Analyst
6;7;2;2;4;5;9;0;1;6;4;1;2;6;7;4;3;3;3;8;Yes;Embedded Systems Engineer
8;2;9;7;6;2;2;0;0;4;4;0;0;3;2;2;5;1;9;6;Yes;Software Tester
9;6;0;2;1;8;6;3;6;0;7;5;9;9;4;5;6;6;0;0;No;Database Administrator
5;1;9;4;2;9;0;9;5;6;0;4;4;0;4;3;2;0;5;5;Yes;Computer and Information Research Scientist
3;7;6;1;2;4;8;9;7;4;8;5;1;3;4;3;3;9;0;2;Yes;Network Administrator
2;6;8;2;7;3;1;0;8;0;6;8;2;4;4;2;9;0;8;2;Yes;Mobile App Developer
5;9;7;6;3;0;4;4;4;6;9;5;5;2;6;9;5;2;6;0;No;Mobile App Developer
5;2;2;8;2;3;9;9;7;9;9;4;7;4;8;9;1;9;5;2;No;IT Project Manager
6;8;6;4;1;6;8;7;1;2;8;2;5;4;2;6;0;8;4;5;No;Computer and Information Research Scientist
0;2;3;3;6;6;7;3;7;6;5;1;4;8;3;8;1;3;4;9;Yes;Business Intelligence Analyst
5;3;4;7;9;5;2;5;3;8;8;0;4;8;0;5;0;6;7;2;No;Computer Systems Manager
8;8;8;1;4;6;3;4;8;8;9;6;7;5;9;9;9;8;8;4;No;Web Developer
7;6;5;0;4;1;7;4;9;6;3;4;8;3;7;1;2;2;2;3;Yes;Software Developer
2;6;9;6;0;0;6;6;4;8;8;7;9;6;5;4;4;2;1;0;Yes;Technical Writer
0;0;0;6;1;0;2;4;5;0;5;0;4;4;1;4;6;6;1;5;No;Data Scientist
9;3;7;8;4;9;2;6;0;1;9;7;7;6;5;7;2;2;8;5;No;Database Administrator
7;9;2;3;9;2;7;3;5;8;2;4;0;3;8;2;8;6;5;5;No;Software Developer
1;9;1;4;0;9;4;3;0;6;2;8;6;7;0;0;7;4;8;2;No;Back End Developer
1;7;8;1;2;3;1;2;7;9;5;2;7;4;7;7;3;8;8;9;No;Computer Systems Manager
0;6;6;3;7;1;3;3;0;2;9;3;3;9;9;5;9;9;8;8;Yes;DevOps Engineer
1;8;9;2;2;2;6;8;6;2;8;7;0;0;5;0;6;8;2;0;Yes;Computer Systems Analyst
3;3;5;0;8;7;9;6;3;2;5;7;5;2;6;1;7;8;3;5;Yes;Mobile App Developer
6;1;7;1;4;9;6;8;0;6;3;2;0;5;4;8;0;6;2;6;No;Software Tester
7;0;5;8;4;3;5;2;4;9;3;4;7;5;3;5;6;2;7;3;No;Computer Systems Manager
0;0;7;6;9;7;7;9;0;4;9;8;5;7;3;4;0;3;9;1;Yes;Network Engineer
9;9;6;2;7;7;3;3;7;9;0;2;7;2;5;4;7;6;3;9;Yes;Machine Learning Engineer
6;7;5;4;5;1;7;7;3;4;4;5;5;2;5;0;3;0;0;0;Yes;Quality Assurance Engineer
2;9;1;0;0;9;6;9;5;1;9;0;8;5;9;4;2;5;8;3;No;Computer and Information Systems Manager
0;1;6;7;2;7;5;8;5;3;1;0;6;5;8;7;0;4;1;9;Yes;Web Developer
4;6;8;4;4;9;7;9;6;7;3;6;4;4;2;6;1;8;9;1;Yes;Computer Programmer
8;8;3;5;7;5;6;5;2;8;1;7;6;4;1;5;8;8;3;1;Yes;IT Consultant
5;8;8;0;6;7;5;5;4;5;3;4;9;2;3;9;9;3;1;7;Yes;Software Engineer
7;1;5;3;3;5;0;1;5;5;6;1;2;1;0;9;4;7;1;4;Yes;Network Administrator
7;3;1;9;7;4;8;0;8;0;0;2;7;5;4;6;4;4;1;2;No;Technical Support Engineer
9;0;0;4;5;1;5;2;9;7;4;2;4;9;7;7;6;4;9;1;Yes;Cloud Architect
4;0;2;6;7;6;2;8;2;5;1;2;0;9;1;2;9;4;5;9;Yes;Software Tester
8;9;7;4;5;0;3;5;3;8;2;5;0;1;2;2;7;5;5;7;Yes;Software Engineer
3;5;2;4;9;6;3;2;5;5;9;1;2;1;0;6;4;0;4;9;Yes;Computer and Information Research Scientist
7;3;5;3;8;8;0;9;4;9;9;8;7;7;3;5;5;0;7;8;Yes;Web Developer
0;8;3;1;8;1;3;5;0;9;1;5;4;6;2;1;0;1;5;3;Yes;Full Stack Developer
5;1;4;5;2;5;2;5;1;8;4;6;6;6;0;0;5;0;0;8;No;Computer Network Architect
3;5;4;3;1;0;9;6;4;4;9;6;6;4;5;1;5;0;9;4;Yes;Computer Systems Manager
7;7;7;7;1;4;1;7;0;0;8;3;6;6;0;2;9;4;3;4;No;Computer Systems Manager
4;6;8;5;2;3;4;5;2;1;7;1;0;1;0;3;4;9;8;6;No;Computer Science Teacher
7;7;7;5;7;0;3;0;1;9;9;2;3;9;7;5;7;7;1;3;Yes;Computer Hardware Engineer
9;8;0;1;6;4;7;4;3;3;7;7;3;3;7;5;0;7;6;7;Yes;Computer Systems Manager
1;3;9;2;3;2;3;7;7;9;7;6;1;6;0;3;7;9;2;3;Yes;Data Scientist
5;2;7;3;7;0;2;5;4;2;2;3;6;8;9;0;8;4;5;8;Yes;Computer Network Architect
4;2;0;8;6;8;1;7;2;3;8;9;4;4;7;4;7;1;2;8;Yes;Quality Assurance Engineer
7;2;8;5;2;6;7;4;1;3;0;0;1;0;7;3;6;5;6;3;Yes;Computer Network Architect
7;1;0;2;5;8;9;4;0;8;4;2;5;9;4;4;6;2;9;1;Yes;Computer Systems Analyst
6;9;7;1;2;8;3;5;4;1;4;3;2;2;0;4;0;9;2;8;No;Front End Developer
4;4;5;6;5;5;0;0;0;9;8;0;1;7;8;2;5;7;6;8;Yes;Full Stack Developer
0;3;8;1;0;5;4;5;6;7;5;7;0;4;3;0;9;4;3;3;Yes;IT Consultant
1;7;8;6;6;4;2;2;0;4;3;9;9;3;0;6;2;8;1;5;No;Back End Developer
4;1;1;0;3;4;2;6;8;8;4;2;8;2;8;2;6;8;5;8;No;Technical Writer
1;1;1;0;5;7;4;0;3;0;0;7;2;8;9;7;3;7;4;6;No;Machine Learning Engineer
5;7;8;9;8;9;0;6;8;8;0;2;4;2;3;8;2;5;1;5;No;Mobile App Developer
3;7;6;9;8;8;0;8;0;2;8;3;7;4;1;1;0;1;5;5;No;Computer Programmer
4;8;7;5;7;2;7;1;6;4;7;0;1;9;4;7;5;7;6;0;Yes;Computer Programmer
3;2;8;8;6;6;7;4;4;9;0;1;8;6;0;7;2;9;3;0;Yes;Computer and Information Systems Manager
6;2;6;7;2;7;2;7;9;5;8;7;9;9;7;3;1;7;6;4;No;Computer Hardware Engineer
4;6;6;3;7;6;8;1;3;8;7;4;1;6;0;8;2;1;4;9;Yes;Software Developer
9;8;1;5;2;6;1;6;8;8;5;0;3;7;4;1;4;3;2;6;Yes;Computer and Information Systems Manager
7;0;5;8;4;2;3;2;5;2;5;4;9;5;8;9;1;6;8;1;Yes;Network Engineer
3;0;8;4;8;4;6;3;6;1;9;4;3;1;3;1;7;5;9;2;No;IT Support Specialist
4;5;8;3;2;1;9;9;0;3;6;9;9;5;2;3;5;0;2;3;Yes;Mobile App Developer
7;6;5;3;7;6;0;7;1;4;8;9;4;3;6;2;5;0;7;3;No;Network Administrator
0;2;4;9;6;7;0;0;4;1;0;2;6;8;8;1;0;6;1;8;Yes;Embedded Systems Engineer
9;6;1;7;8;9;7;1;2;3;7;3;0;1;5;9;8;5;4;6;No;Back End Developer
2;9;2;2;3;3;9;2;3;9;3;5;5;7;2;1;7;9;5;4;No;Front End Developer
8;9;8;0;2;6;0;6;7;9;5;1;9;3;8;4;6;1;5;8;No;Computer and Information Research Scientist
4;0;4;4;9;2;2;6;3;8;4;3;9;8;9;6;8;7;4;8;Yes;Embedded Systems Engineer
2;1;5;1;5;9;5;9;9;7;0;4;7;1;8;2;5;1;6;9;No;Computer and Information Systems Manager
5;5;9;8;3;6;7;2;8;9;4;7;7;3;2;5;0;7;2;9;Yes;IT Support Specialist
6;1;3;5;4;0;0;1;6;5;2;1;1;8;1;4;6;1;7;6;Yes;Software Tester
1;9;4;8;2;3;8;1;8;0;6;2;8;4;0;4;2;1;0;9;Yes;IT Consultant
8;9;4;4;7;5;7;0;6;3;9;6;7;3;7;5;8;3;5;7;Yes;Computer Hardware Engineer
1;3;3;9;4;0;2;3;8;0;5;0;4;9;8;8;3;9;5;2;No;DevOps Engineer
1;0;5;6;5;8;5;0;6;9;1;9;4;7;3;3;8;7;2;7;Yes;Computer Science Teacher
2;5;5;5;4;3;0;0;9;2;9;4;0;4;6;9;2;2;9;8;Yes;Full Stack Developer
9;6;6;9;0;8;7;3;1;1;9;5;4;0;7;3;8;9;0;7;No;Network Administrator
9;3;5;4;5;4;2;0;0;7;4;8;7;4;8;1;0;3;2;1;No;Computer Systems Analyst
7;5;0;3;6;2;1;6;3;9;1;4;6;2;0;2;7;1;6;7;No;Embedded Systems Engineer
5;2;9;5;7;0;0;4;6;4;0;4;4;1;3;3;9;0;2;3;No;Network Engineer
9;8;1;1;9;0;3;2;2;2;0;2;2;9;7;1;6;7;3;8;Yes;Mobile App Developer
5;5;6;2;4;0;0;3;9;6;4;9;6;6;0;3;2;2;7;0;No;Research Scientist
1;0;4;9;6;7;0;4;9;7;9;7;5;4;2;4;6;5;7;2;No;IT Support Specialist
3;7;9;0;0;2;3;6;9;8;5;1;4;8;2;1;5;8;1;3;Yes;Software Tester
6;1;0;7;8;8;9;8;8;1;6;7;8;4;5;6;7;9;9;0;Yes;UI/UX Designer
0;3;0;3;6;6;8;9;1;4;1;7;9;3;5;8;1;6;1;2;Yes;Software Engineer
7;3;6;0;8;3;1;6;7;7;0;0;7;7;3;9;9;8;1;9;Yes;UI/UX Designer
0;0;4;0;1;4;5;3;9;7;9;1;9;1;1;2;8;4;9;8;Yes;Game Developer
3;4;6;4;6;6;7;8;7;0;4;4;0;3;5;7;3;3;5;3;No;Data Scientist
3;0;3;2;5;4;6;5;1;2;6;2;9;1;9;3;8;4;1;0;Yes;Front End Developer
4;8;7;2;8;5;7;0;8;9;8;2;0;4;1;8;2;3;3;6;No;Computer Programmer
7;4;1;1;4;2;9;1;2;9;3;5;6;3;0;3;8;4;7;1;No;Computer Network Architect
1;2;1;6;8;8;9;6;9;4;7;6;4;3;0;7;2;0;8;6;Yes;Digital Marketing Specialist
5;8;8;2;6;0;4;2;2;0;5;8;2;8;8;6;2;3;9;7;No;Computer and Information Systems Manager
3;4;1;7;5;9;2;6;6;9;2;6;8;0;9;6;4;4;7;6;Yes;Mobile App Developer
2;5;0;9;9;8;7;8;7;7;8;2;7;4;7;5;1;7;0;0;Yes;Research Scientist
9;5;0;8;4;2;2;5;5;3;1;0;3;1;1;2;0;7;3;2;Yes;Computer and Information Systems Manager
8;7;0;4;9;0;8;7;2;8;2;3;3;1;5;0;5;3;8;3;No;Software Tester
4;5;0;3;7;1;0;8;7;4;0;5;1;5;3;2;3;3;6;5;Yes;Computer Hardware Engineer
7;7;9;6;8;7;7;1;2;7;4;7;1;3;4;7;4;1;2;1;Yes;Machine Learning Engineer
4;7;7;8;9;0;9;2;2;3;1;7;8;8;6;1;6;0;7;5;No;Cloud Architect
0;1;9;3;0;5;4;1;1;3;2;5;4;5;3;8;6;3;8;2;Yes;Database Administrator
1;6;3;1;8;1;7;2;2;1;2;1;7;9;6;1;3;6;1;7;Yes;Network Engineer
0;0;1;9;7;7;7;6;8;4;3;1;6;8;2;8;7;2;0;4;No;Mobile App Developer
9;0;6;8;2;3;1;2;4;9;2;3;2;4;9;3;0;7;3;7;Yes;Back End Developer
0;8;6;3;1;7;3;6;0;6;3;0;5;8;4;8;3;7;3;1;Yes;Front End Developer
0;4;0;3;8;1;8;1;9;0;3;9;7;1;8;2;3;8;2;2;Yes;Back End Developer
4;8;9;6;0;9;4;2;5;3;6;7;2;5;9;9;5;4;8;1;Yes;Quality Assurance Engineer
7;1;5;2;1;6;9;3;1;5;3;6;4;9;5;6;8;2;9;8;Yes;DevOps Engineer
9;7;7;8;3;1;6;0;6;8;9;6;6;3;2;6;3;3;7;6;Yes;DevOps Engineer
2;7;8;7;8;7;4;0;5;9;7;4;9;3;7;0;2;9;6;0;Yes;Front End Developer
0;7;6;2;7;9;8;4;7;1;1;7;9;6;6;2;9;7;8;3;Yes;Research Scientist
7;6;0;6;3;9;0;7;4;2;4;2;4;9;2;6;5;5;8;7;No;Computer Systems Analyst
0;0;5;8;8;8;5;4;9;2;2;3;5;2;6;7;8;9;9;7;Yes;Technical Writer
7;9;4;1;6;2;6;4;1;6;0;1;0;3;0;6;2;4;1;9;No;Computer and Information Systems Manager
9;9;6;8;3;1;8;4;5;0;9;9;4;6;0;8;3;8;0;9;Yes;Blockchain Developer
5;4;0;4;7;6;5;0;8;3;9;7;1;1;4;5;2;5;0;6;Yes;Business Intelligence Analyst
3;5;3;5;3;8;1;6;4;2;8;0;1;6;7;4;4;8;6;5;No;Network Engineer
8;8;8;4;6;3;4;3;9;4;6;6;3;7;3;2;1;4;4;0;No;Software Developer
4;3;0;7;5;3;6;1;2;4;5;1;0;8;2;0;3;3;8;3;No;Cloud Architect
3;3;8;2;3;2;1;1;5;0;6;1;9;9;5;4;2;4;8;8;Yes;Database Administrator
7;5;5;6;1;9;5;5;4;3;8;2;0;2;0;0;3;4;8;8;No;Computer Science Teacher
2;5;0;9;0;4;5;0;0;0;1;3;2;2;6;1;1;4;4;3;Yes;Computer Network Architect
9;2;9;4;7;1;4;8;9;1;0;1;8;6;3;3;1;5;0;3;Yes;Mobile App Developer
7;1;1;8;5;1;7;4;3;1;4;7;9;8;6;1;4;2;3;0;No;Blockchain Developer
0;5;4;9;8;7;1;0;1;0;1;1;0;7;5;9;5;0;1;4;Yes;Computer Science Teacher
6;9;0;8;9;0;1;0;6;0;0;9;2;5;2;9;6;3;5;5;Yes;Computer and Information Research Scientist
0;6;3;4;4;6;4;3;8;2;0;1;2;7;4;3;2;0;8;3;Yes;Digital Marketing Specialist
9;2;3;2;0;3;6;6;8;8;4;1;6;6;3;2;9;9;5;3;Yes;IT Project Manager
9;7;9;2;9;5;9;6;6;8;0;4;3;7;6;6;7;4;3;7;No;Artificial Intelligence Engineer
3;2;6;0;2;3;4;0;3;3;1;2;0;9;2;2;8;4;3;4;No;Artificial Intelligence Engineer
2;0;1;2;0;6;6;0;3;6;5;7;2;4;1;4;0;2;0;3;No;Computer Network Architect
6;4;7;6;4;6;3;5;8;8;5;3;7;1;8;5;7;5;6;2;No;IT Sales Professional
0;0;2;4;1;8;0;3;9;1;8;5;6;4;5;0;4;6;9;3;Yes;Digital Marketing Specialist
0;3;3;0;0;0;3;2;4;8;9;1;6;9;1;6;4;6;5;0;No;DevOps Engineer
0;6;3;1;1;8;4;9;7;5;9;6;5;2;4;2;8;0;2;9;Yes;Back End Developer
9;2;2;6;7;5;3;4;6;6;1;8;8;4;3;8;1;2;2;3;No;Cloud Architect
6;6;8;6;2;3;4;5;9;0;3;9;2;0;6;2;6;0;6;3;No;Computer Programmer
3;4;4;8;2;5;8;1;7;6;8;5;6;1;7;8;8;3;5;9;Yes;Cloud Architect
9;1;5;4;2;5;3;0;4;1;9;0;0;6;0;8;8;2;6;4;Yes;Business Intelligence Analyst
8;5;1;0;0;1;4;3;6;6;0;7;6;1;5;4;5;4;4;4;Yes;Computer Hardware Engineer
8;4;2;2;2;5;8;3;0;1;5;0;8;2;2;4;8;7;7;4;No;Machine Learning Engineer
1;8;7;0;6;2;3;4;9;4;6;5;5;9;0;9;6;2;5;2;No;Embedded Systems Engineer
3;7;9;3;6;5;9;0;5;0;9;0;6;5;7;7;4;7;7;2;Yes;Web Developer
1;5;5;1;9;9;7;5;7;3;5;3;9;6;7;4;5;0;9;4;Yes;Business Intelligence Analyst
3;9;4;7;2;7;7;1;2;6;9;5;6;9;4;7;9;5;6;5;Yes;Computer Hardware Engineer
2;7;0;9;0;1;5;4;0;8;0;9;4;2;5;1;2;2;7;7;No;Database Administrator
2;0;5;0;9;9;7;1;9;0;4;9;7;5;8;2;0;4;3;3;Yes;Full Stack Developer
0;1;6;4;7;0;5;3;3;3;6;0;8;2;9;9;6;7;9;9;No;Computer Programmer
9;5;0;8;5;2;6;2;6;6;5;3;2;0;9;1;9;6;9;0;Yes;IT Support Specialist
5;2;3;5;8;7;9;3;7;1;1;0;6;3;8;7;8;4;1;6;Yes;Network Administrator
3;4;4;0;0;3;2;2;5;2;1;2;4;5;7;3;0;1;0;5;No;Full Stack Developer
9;6;8;9;5;3;4;8;3;8;4;1;7;2;5;5;3;5;5;0;Yes;Computer Systems Analyst
2;2;6;8;9;2;5;1;0;9;7;8;9;7;8;2;7;5;5;6;Yes;Computer and Information Research Scientist
6;9;4;9;3;8;3;2;4;0;5;8;3;7;0;9;7;1;9;6;No;Database Administrator
5;2;3;9;8;9;1;9;4;8;5;2;8;7;2;5;5;2;9;2;Yes;IT Support Specialist
6;3;6;8;3;1;0;2;6;0;7;7;8;4;8;5;6;9;4;9;No;Computer Science Teacher
6;5;1;8;5;7;2;4;5;2;2;7;3;7;7;6;4;2;9;0;No;IT Consultant
9;2;7;4;8;6;6;5;7;5;7;6;8;7;8;3;3;5;4;4;No;Embedded Systems Engineer
6;5;8;9;0;8;4;4;7;6;3;7;9;3;2;1;0;5;9;3;Yes;IT Support Specialist
0;1;8;5;1;2;6;1;9;7;3;6;6;0;3;0;7;1;2;0;Yes;IT Sales Professional
5;2;5;5;3;1;8;8;8;4;7;4;8;5;1;9;0;7;6;8;No;Computer and Information Systems Manager
7;8;7;4;7;5;7;3;2;1;9;0;8;3;0;7;4;0;2;9;Yes;IT Sales Professional
1;6;4;3;8;9;7;0;0;4;1;1;2;5;6;4;1;0;1;1;Yes;Embedded Systems Engineer
2;2;3;0;5;8;6;2;8;1;6;1;8;2;1;0;4;3;0;3;No;Technical Support Engineer
7;2;4;0;8;8;3;2;5;0;2;9;8;8;4;4;2;4;7;5;Yes;Web Developer
3;4;9;7;3;8;5;2;0;5;4;7;7;9;1;1;8;2;4;6;Yes;Machine Learning Engineer
5;1;5;0;5;1;9;9;1;3;2;9;2;2;1;9;3;8;5;8;No;Mobile App Developer
6;7;1;2;9;9;1;5;8;2;0;5;7;2;5;6;8;3;2;8;No;IT Consultant
9;4;3;0;5;6;1;0;7;0;5;7;8;9;8;9;1;1;0;1;Yes;DevOps Engineer
6;3;1;7;8;8;8;7;9;3;0;9;8;6;4;0;4;7;3;2;Yes;Game Developer
7;3;6;0;8;8;1;4;4;6;4;5;4;4;1;0;7;3;8;6;Yes;Computer and Information Research Scientist
6;6;1;3;5;8;1;6;8;7;2;3;2;0;2;5;5;5;1;0;No;IT Sales Professional
1;2;4;7;0;6;6;8;3;2;0;9;7;1;5;9;9;6;8;4;No;Machine Learning Engineer
0;9;3;5;6;7;2;9;4;0;8;8;3;3;9;4;7;0;8;3;Yes;Technical Support Engineer
8;0;9;2;3;5;7;6;6;9;2;0;0;7;8;8;6;6;3;1;Yes;Software Tester
2;0;1;2;8;7;7;8;3;7;0;7;7;2;5;8;5;8;2;8;Yes;Mobile App Developer
2;4;8;2;7;8;2;0;0;9;2;9;9;4;7;0;6;9;3;3;Yes;Embedded Systems Engineer
4;5;4;2;2;7;6;0;0;0;0;0;5;4;6;8;4;7;7;1;No;Quality Assurance Engineer
1;7;8;0;8;7;8;3;3;0;9;8;2;8;5;6;4;3;1;5;No;Cloud Architect
3;1;2;3;1;1;1;3;7;8;6;0;5;6;5;7;7;0;0;9;Yes;Research Scientist
7;1;2;4;4;3;2;6;6;9;6;1;5;5;1;3;2;5;3;3;Yes;Embedded Systems Engineer
5;6;4;3;2;7;0;1;6;4;7;3;3;2;9;3;3;6;9;4;Yes;Web Developer
4;9;3;6;5;2;3;7;3;5;8;0;8;0;6;7;6;9;6;3;Yes;Technical Writer
3;2;8;9;1;4;1;9;8;6;5;3;1;9;0;8;6;9;7;7;No;Computer Systems Analyst
2;8;5;4;1;5;4;5;9;3;4;9;2;8;9;1;6;5;2;4;Yes;Computer Hardware Engineer
6;0;1;3;0;9;5;0;1;3;8;8;6;3;5;3;4;2;6;6;Yes;Quality Assurance Engineer
6;4;3;8;0;2;5;3;7;6;7;3;5;3;4;7;8;3;8;4;No;Computer Programmer
5;2;6;1;2;9;3;8;3;1;1;4;7;0;4;4;3;4;5;6;Yes;Computer Systems Analyst
0;0;0;4;9;1;4;7;9;4;8;8;9;3;5;5;1;4;4;3;No;Game Developer
6;3;1;3;6;7;1;7;7;6;0;7;1;0;6;5;3;8;2;0;No;Database Administrator
6;2;6;2;9;8;0;4;7;6;7;6;6;3;3;8;3;6;6;2;Yes;Data Scientist
7;1;0;9;3;7;7;3;0;2;3;0;8;0;7;6;4;8;1;8;No;Web Developer
8;6;9;1;3;7;0;6;8;8;4;2;7;8;1;6;1;2;0;1;No;DevOps Engineer
3;8;3;3;5;5;2;2;8;3;2;0;7;7;5;2;5;7;8;0;Yes;Back End Developer
5;4;7;2;8;8;3;5;2;7;8;0;2;8;2;2;6;1;0;6;Yes;IT Support Specialist
2;6;8;8;2;1;2;2;8;1;1;9;2;9;1;0;4;4;5;5;No;IT Consultant
3;0;4;1;4;4;0;2;9;8;5;0;8;2;8;9;5;4;5;2;No;Data Scientist
9;1;5;6;9;8;7;2;4;3;3;9;7;0;4;8;7;4;3;2;No;Systems Analyst
3;4;1;1;9;2;4;4;9;1;8;8;2;4;9;6;8;6;9;9;No;DevOps Engineer
8;8;2;3;0;7;3;1;0;1;4;3;9;6;9;1;2;5;7;7;Yes;Quality Assurance Engineer
4;4;8;3;5;4;1;8;2;2;3;9;8;0;2;5;1;8;7;8;Yes;Quality Assurance Engineer
4;4;5;7;8;6;2;0;1;9;5;7;6;0;4;1;7;3;8;8;No;Blockchain Developer
1;6;5;3;6;2;7;8;4;4;8;2;2;3;9;4;7;9;1;6;Yes;Front End Developer
1;0;6;2;4;0;8;5;1;8;4;7;9;7;8;5;5;0;4;5;No;Software Tester
8;3;7;2;3;9;9;9;9;9;0;5;2;4;7;1;5;5;2;4;No;Game Developer
0;8;4;7;2;6;3;1;4;6;2;4;8;9;5;2;2;7;0;0;No;Web Developer
3;5;3;1;0;2;9;6;1;3;4;8;9;8;3;0;5;4;3;6;No;UI/UX Designer
2;8;2;8;5;8;6;8;6;1;2;9;0;9;2;0;9;5;3;2;Yes;Back End Developer
9;8;4;6;0;0;9;2;7;8;4;9;3;5;0;1;6;5;8;0;Yes;Computer Science Teacher
0;0;0;7;4;5;1;9;1;7;1;3;5;1;1;1;4;4;5;8;No;Computer Systems Analyst
6;0;9;7;8;5;2;2;5;5;6;5;1;4;1;5;2;7;1;8;Yes;Game Developer
9;9;9;7;0;1;6;5;0;2;9;5;6;3;6;8;5;6;7;6;Yes;Computer and Information Research Scientist
6;2;8;0;8;0;2;9;4;7;8;3;4;3;2;9;6;4;9;7;No;Mobile App Developer
7;3;4;3;5;1;8;3;0;6;8;1;0;0;6;2;0;9;0;8;No;Data Scientist
0;1;0;3;1;0;1;9;6;4;1;1;7;1;3;3;2;2;3;2;Yes;Technical Support Engineer
8;4;5;3;2;8;0;9;6;8;5;1;4;0;4;3;6;8;2;1;Yes;Back End Developer
4;7;8;0;1;2;8;7;7;6;4;7;2;2;0;4;4;6;1;5;No;Business Intelligence Analyst
1;1;2;7;3;4;5;2;7;3;2;3;2;4;9;5;9;2;6;5;Yes;IT Sales Professional
1;8;4;7;1;5;3;4;0;3;6;8;0;1;1;0;8;2;7;6;No;Embedded Systems Engineer
0;2;5;8;7;2;4;2;1;0;5;3;4;4;7;5;9;0;1;9;Yes;Software Developer
3;5;2;9;5;4;8;7;3;9;2;2;7;0;2;8;9;7;2;3;No;Technical Support Engineer
4;4;1;9;1;4;6;9;2;1;7;5;2;1;4;4;9;3;9;6;Yes;IT Sales Professional
1;9;5;2;7;8;1;2;8;1;9;7;5;4;9;4;7;5;9;6;Yes;Back End Developer
5;0;4;2;1;8;8;3;7;0;7;0;3;3;5;3;2;5;6;4;No;Web Developer
9;6;5;6;8;7;0;8;0;0;4;6;4;9;4;8;5;1;5;1;Yes;Machine Learning Engineer
3;2;5;6;2;4;4;1;1;5;6;4;1;8;9;5;0;0;6;7;No;Digital Marketing Specialist
9;0;1;9;0;1;0;5;7;2;8;5;9;3;9;1;3;6;2;4;Yes;Computer Systems Manager
0;8;5;9;7;6;2;6;1;9;5;6;0;2;7;9;8;1;3;3;No;Software Engineer
7;8;9;4;6;5;8;7;1;8;4;7;2;6;8;8;3;0;5;5;Yes;Cybersecurity Analyst
9;2;6;6;7;4;3;7;8;5;2;9;4;6;1;4;6;2;4;5;Yes;Technical Support Engineer
6;6;0;0;1;5;4;1;4;4;4;6;0;3;7;8;5;6;0;9;No;Computer and Information Systems Manager
7;5;2;7;8;7;5;6;8;7;3;0;8;3;6;8;9;2;2;1;Yes;Computer Programmer
3;7;7;2;6;3;0;0;4;8;2;2;5;6;6;9;3;2;4;1;Yes;IT Support Specialist
0;8;6;6;3;2;6;3;8;2;9;7;8;6;1;6;1;3;4;0;Yes;Web Developer
6;4;9;6;3;7;0;9;3;1;7;2;8;4;6;9;4;2;9;6;Yes;Software Developer
2;5;2;3;7;5;9;6;8;0;9;8;2;6;0;6;4;5;1;3;No;Database Administrator
6;9;1;5;6;5;9;7;8;5;2;6;8;4;7;7;5;0;3;2;Yes;Technical Support Engineer
4;1;2;9;8;2;3;5;6;2;7;2;0;4;9;2;0;0;1;9;Yes;Mobile App Developer
2;8;0;8;8;6;7;3;0;0;4;9;7;8;0;0;7;4;6;4;Yes;Full Stack Developer
4;0;3;1;5;1;9;2;3;5;2;1;5;9;9;5;7;1;2;6;Yes;Computer Systems Analyst
0;8;5;9;8;4;4;8;1;5;2;4;4;9;1;5;7;5;2;4;Yes;Systems Analyst
2;4;5;6;8;5;2;9;3;9;1;9;4;2;8;3;9;9;8;3;Yes;Computer Systems Analyst
6;8;9;5;8;1;2;8;4;7;1;2;5;9;6;6;8;7;2;0;Yes;IT Consultant
6;5;7;1;0;4;1;9;8;9;7;0;7;4;1;7;1;6;2;8;Yes;Technical Writer
8;8;3;4;9;6;0;2;5;0;7;7;4;6;1;2;0;2;8;6;No;Front End Developer
4;6;3;5;7;9;7;5;9;2;4;7;2;5;0;9;0;0;9;6;No;DevOps Engineer
8;5;1;8;9;3;3;0;1;8;8;9;6;2;3;8;7;1;7;7;No;Web Developer
2;8;4;7;5;2;3;4;4;7;4;3;6;4;3;2;6;4;4;6;Yes;Computer Science Teacher
4;3;8;1;8;9;0;4;5;4;8;0;2;3;0;8;8;4;7;3;Yes;Software Developer
8;1;6;0;7;0;6;6;9;7;6;7;7;6;9;8;1;1;6;1;Yes;Systems Analyst
3;9;7;4;9;6;6;3;2;0;3;8;7;0;3;0;2;3;7;7;Yes;Technical Support Engineer
9;3;0;0;9;9;3;0;3;5;7;8;1;7;3;3;9;6;2;3;Yes;Artificial Intelligence Engineer
4;1;9;3;8;9;2;2;2;3;4;0;9;3;0;3;0;8;0;2;No;Software Engineer
5;5;8;3;4;6;8;4;6;7;4;7;8;2;3;6;8;0;6;7;No;Blockchain Developer
9;5;9;4;2;6;4;7;5;0;3;1;1;0;4;9;7;1;5;7;Yes;Computer Science Teacher
8;6;6;0;7;4;3;2;3;8;1;2;4;8;6;3;2;7;1;4;No;Digital Marketing Specialist
4;2;0;7;0;0;2;8;7;7;5;4;6;2;0;7;4;9;7;8;No;Blockchain Developer
9;4;4;2;9;9;2;4;3;6;0;3;9;8;5;6;9;1;8;5;No;UI/UX Designer
4;8;8;8;0;2;3;0;2;1;7;0;3;8;4;6;1;0;4;4;Yes;Quality Assurance Engineer
3;3;8;5;1;3;3;2;5;4;8;8;0;0;6;2;9;7;4;7;No;Blockchain Developer
3;3;5;3;1;5;5;2;1;8;6;8;8;2;2;9;8;1;6;8;No;Technical Writer
5;5;3;7;4;6;8;5;5;5;8;1;5;3;0;0;3;6;9;1;Yes;UI/UX Designer
3;7;5;3;0;3;9;5;4;6;6;0;1;7;4;7;0;2;9;6;No;DevOps Engineer
2;1;0;8;2;4;8;7;2;9;0;5;8;9;1;4;5;2;2;5;Yes;Computer Hardware Engineer
4;7;6;1;5;5;0;9;1;2;8;4;9;8;6;5;5;2;4;0;No;Machine Learning Engineer
5;1;0;1;6;2;7;6;3;5;8;3;0;3;0;9;9;1;7;1;No;Database Administrator
7;6;8;6;0;9;4;2;6;4;5;8;2;7;1;4;0;3;3;8;No;Network Administrator
3;4;7;2;8;5;9;5;7;0;2;8;2;0;1;5;8;8;3;8;No;Computer Programmer
3;4;9;5;5;9;9;2;9;3;0;6;9;7;4;4;1;3;3;2;Yes;Front End Developer
5;5;6;7;7;4;3;3;7;4;3;7;8;3;4;5;9;0;5;1;No;Computer Programmer
8;5;4;5;6;1;0;4;0;1;5;2;1;4;3;7;4;8;5;7;Yes;Software Engineer
4;6;6;5;0;4;8;1;3;2;2;9;4;5;6;0;6;3;3;0;Yes;Web Developer
7;0;7;2;8;9;7;2;7;7;9;9;8;2;5;4;4;7;6;1;No;IT Consultant
4;2;0;4;7;0;4;7;7;3;1;1;1;3;0;2;6;6;9;8;Yes;Data Scientist
2;2;3;8;1;7;2;3;2;1;7;5;2;1;2;6;0;7;4;3;No;Technical Support Engineer
3;1;0;1;6;0;6;2;1;3;9;4;7;2;8;8;1;9;7;0;Yes;Software Engineer
2;4;5;4;9;5;4;2;7;4;2;1;1;9;6;8;5;8;7;0;Yes;Computer and Information Systems Manager
1;7;8;9;1;4;7;7;9;2;0;4;3;2;6;9;5;2;4;6;Yes;Cloud Architect
9;9;7;6;4;2;7;8;5;3;4;5;0;8;9;6;2;2;3;3;Yes;Research Scientist
6;6;5;6;8;3;1;3;4;4;2;4;2;4;5;5;3;9;2;2;No;Software Tester
0;9;1;5;2;5;0;1;6;4;3;6;5;6;6;3;2;3;8;8;Yes;Computer Network Architect
1;5;4;1;3;9;9;0;6;1;1;0;0;5;8;0;8;9;7;0;No;IT Consultant
3;4;2;4;5;5;7;4;8;5;9;5;8;4;1;9;7;5;4;6;No;Mobile App Developer
9;9;2;3;9;1;8;6;2;8;7;9;6;4;7;9;8;8;6;2;Yes;Computer Hardware Engineer
4;4;6;2;4;5;2;3;8;7;8;2;3;1;7;0;7;4;1;5;No;Data Scientist
6;5;8;1;7;3;7;5;1;5;2;5;6;3;9;4;3;6;6;5;No;Network Administrator
2;4;8;0;2;8;8;4;4;2;1;1;1;9;0;0;1;0;3;6;No;Computer Network Architect
1;5;9;0;8;7;1;8;3;2;9;7;7;1;7;5;7;6;3;1;No;Front End Developer
3;8;8;1;0;5;7;2;8;9;6;3;5;4;0;8;9;0;3;8;Yes;Database Administrator
7;7;9;6;8;2;4;1;9;8;6;7;7;3;2;8;3;7;4;8;No;DevOps Engineer
4;5;2;3;7;5;1;1;1;0;6;0;4;2;5;9;1;0;4;2;No;Artificial Intelligence Engineer
2;8;4;2;5;0;9;5;1;0;4;9;1;1;8;9;5;5;7;4;Yes;Technical Support Engineer
2;2;2;5;9;4;7;8;5;5;5;7;8;8;4;1;8;0;4;5;Yes;Embedded Systems Engineer
4;8;1;2;4;5;8;6;3;3;4;6;7;8;1;1;6;7;3;2;Yes;Technical Support Engineer
2;0;6;1;1;6;3;6;2;7;2;1;8;0;6;5;4;2;1;3;No;Technical Writer
7;9;0;1;3;0;6;9;6;0;5;2;5;6;1;5;5;1;2;5;No;Data Scientist
2;9;1;9;6;9;7;8;7;5;8;0;6;3;9;5;1;3;2;0;Yes;IT Sales Professional
8;2;2;9;2;5;5;5;0;7;3;1;7;2;7;3;3;1;9;9;Yes;Machine Learning Engineer
9;0;7;9;5;1;4;4;6;4;7;6;9;5;5;5;0;7;8;6;Yes;IT Sales Professional
2;8;0;8;0;5;1;8;6;2;4;1;5;8;9;4;6;1;2;9;Yes;Computer Systems Analyst
4;8;2;6;5;5;6;1;7;0;9;4;1;4;0;6;5;6;7;0;No;Computer Programmer
6;3;3;1;0;5;0;0;6;8;4;9;1;3;6;7;3;8;3;8;Yes;Digital Marketing Specialist
4;4;9;4;9;7;8;8;9;3;9;5;4;8;0;5;2;5;5;8;Yes;Cybersecurity Analyst
7;0;8;3;2;9;5;4;7;6;9;2;6;8;8;2;7;5;7;8;No;Machine Learning Engineer
3;8;4;9;6;2;3;6;0;9;6;0;1;7;5;9;9;7;5;7;Yes;UI/UX Designer
9;1;6;7;8;8;2;2;7;4;1;9;0;5;3;3;1;1;0;3;Yes;Artificial Intelligence Engineer
8;6;4;5;7;2;0;8;1;2;2;4;2;5;6;9;6;2;8;5;No;Computer Science Teacher
2;9;4;5;1;4;8;3;1;6;0;6;6;6;6;1;4;6;3;7;Yes;Game Developer
2;6;9;1;3;1;9;0;1;4;0;0;9;4;1;4;2;3;6;9;No;Business Intelligence Analyst
3;5;5;1;5;5;5;7;3;9;4;2;7;9;8;9;7;4;1;0;No;Research Scientist
6;9;9;0;1;2;4;0;4;6;1;4;5;2;2;6;1;4;2;7;No;Software Engineer
4;8;8;4;9;6;6;3;2;4;4;3;5;3;4;7;3;0;3;4;No;Computer Programmer
7;6;7;4;5;0;9;0;2;9;5;0;6;2;1;6;3;8;1;6;No;Research Scientist
5;6;3;4;9;6;4;8;7;8;8;4;6;1;1;5;4;1;6;4;No;Data Scientist
1;0;2;8;5;1;5;8;3;7;6;3;7;0;1;5;4;2;5;3;No;Software Engineer
2;2;7;1;4;5;5;4;9;9;2;5;1;9;9;1;8;8;7;8;No;Cloud Architect
6;9;7;6;3;8;6;6;7;9;7;4;7;9;8;2;5;1;4;0;No;Front End Developer
7;1;5;6;3;8;7;9;6;0;1;4;2;9;6;1;0;5;1;6;No;Blockchain Developer
6;7;0;9;5;1;4;1;7;5;6;4;0;8;4;4;8;8;2;0;Yes;Data Scientist
5;4;0;0;5;1;9;2;8;9;5;4;7;1;1;0;5;3;5;4;Yes;UI/UX Designer
1;4;8;2;7;3;1;4;3;8;4;9;7;5;3;7;6;0;8;8;No;Embedded Systems Engineer
2;5;6;9;8;6;1;7;7;1;3;1;1;3;0;6;7;1;9;4;No;Cloud Architect
3;1;6;0;1;3;5;5;9;3;1;3;7;9;8;1;5;9;5;7;Yes;Artificial Intelligence Engineer
4;7;0;9;3;2;4;8;6;8;3;5;5;3;2;2;7;6;3;1;No;Artificial Intelligence Engineer
4;9;6;9;9;1;8;6;8;7;3;9;5;7;7;9;9;0;2;9;No;Software Tester
0;1;2;4;9;8;8;7;3;2;0;5;4;7;5;3;0;5;7;3;Yes;Database Administrator
9;5;5;8;0;2;1;7;4;3;8;3;8;4;2;4;5;1;9;4;No;Data Scientist
9;4;8;8;4;2;6;2;9;3;8;2;3;3;0;4;3;2;8;5;No;IT Project Manager
9;7;3;3;9;4;0;3;7;0;0;4;1;3;1;5;6;7;1;4;Yes;Database Administrator
0;9;5;2;9;2;5;2;1;0;9;1;3;4;5;0;0;3;3;7;Yes;Database Administrator
2;8;9;9;0;5;0;1;8;9;1;5;8;2;4;0;9;2;4;6;No;Network Administrator
5;3;4;5;2;4;1;4;7;2;8;0;2;3;0;3;1;1;4;6;Yes;Computer Systems Manager
4;5;5;0;4;1;4;5;2;2;6;7;7;5;1;3;3;7;7;8;Yes;Software Engineer
5;5;5;3;4;7;9;9;7;4;7;2;8;4;8;9;6;3;2;3;Yes;Game Developer
5;2;6;6;6;9;2;2;0;1;7;8;0;3;2;5;5;4;2;7;Yes;DevOps Engineer
4;6;9;4;0;8;5;2;7;8;5;4;0;3;3;0;6;5;8;7;Yes;Game Developer
0;9;4;5;9;6;6;7;1;9;5;4;6;9;1;3;7;0;5;6;No;Software Engineer
7;2;1;2;7;7;9;4;0;8;2;7;8;9;0;5;8;5;2;7;No;Computer Hardware Engineer
6;7;6;5;9;2;8;5;7;6;5;8;4;0;8;5;9;5;3;5;No;Computer Network Architect
6;1;9;1;5;8;1;2;0;4;4;6;2;7;8;5;1;3;1;4;No;Database Administrator
9;4;5;3;7;2;6;0;5;9;0;3;7;0;2;1;5;0;2;5;No;Computer Science Teacher
5;3;1;6;9;0;4;4;9;9;0;1;2;5;1;0;2;9;1;8;Yes;Cybersecurity Analyst
7;0;2;4;9;0;5;2;9;6;7;6;9;7;5;8;1;8;9;5;No;Machine Learning Engineer
7;6;4;0;0;0;9;8;1;8;3;4;5;5;6;8;8;1;4;5;No;Network Administrator
3;1;5;8;2;8;6;6;4;5;0;3;6;7;0;6;5;7;3;3;Yes;Computer and Information Research Scientist
6;1;3;6;2;9;3;6;2;9;1;7;6;3;7;7;4;0;0;7;No;Full Stack Developer
0;7;7;3;7;7;8;4;2;2;6;4;5;3;5;5;5;1;0;5;Yes;Computer and Information Research Scientist
0;7;6;9;7;5;0;5;7;1;0;1;7;7;9;3;4;1;2;8;Yes;Game Developer
8;0;1;3;1;6;2;3;6;3;3;6;1;4;3;3;9;0;9;1;Yes;Game Developer
1;4;1;9;5;3;2;1;7;0;0;7;5;0;5;4;6;7;9;5;No;Full Stack Developer
7;6;4;6;4;2;3;0;7;8;6;3;1;3;8;7;5;3;9;8;Yes;Network Engineer
4;5;3;3;4;6;0;1;9;4;1;7;8;8;9;3;5;2;9;9;No;Technical Support Engineer
0;9;7;2;2;2;4;8;0;9;6;9;4;1;3;3;8;2;2;2;Yes;Computer Network Architect
9;7;9;1;3;5;1;8;6;2;2;6;0;5;5;6;7;8;9;2;Yes;Computer Science Teacher
0;3;5;4;0;7;0;3;6;6;6;2;4;4;3;6;0;9;4;5;Yes;Business Intelligence Analyst
9;1;4;7;4;4;5;1;0;9;0;9;3;5;8;9;5;8;5;1;No;IT Sales Professional
5;1;1;0;0;8;9;9;8;7;8;1;0;7;0;7;4;9;4;2;No;Quality Assurance Engineer
2;9;7;0;9;5;5;1;8;2;4;9;1;9;9;1;2;6;5;5;Yes;Back End Developer
6;3;5;1;2;2;0;4;5;4;4;9;3;6;1;0;5;3;0;1;Yes;Quality Assurance Engineer
5;2;5;8;5;2;7;8;6;6;6;1;4;0;1;1;7;6;7;0;Yes;IT Sales Professional
8;9;1;7;4;4;1;1;3;6;2;7;7;7;0;5;1;2;9;3;Yes;Front End Developer
9;4;6;4;2;5;2;5;0;3;9;2;1;2;4;2;8;9;6;9;No;IT Support Specialist
0;3;5;0;5;8;5;9;8;2;7;6;9;6;1;2;9;1;2;9;Yes;Technical Support Engineer
7;1;3;3;7;4;3;8;0;7;3;2;2;6;4;9;9;0;3;1;Yes;Software Developer
8;1;5;2;0;0;0;0;8;5;1;3;3;2;2;1;2;8;2;8;Yes;Software Tester
1;8;7;1;5;4;7;5;1;2;9;4;5;7;7;7;9;7;8;9;Yes;Cybersecurity Analyst
4;8;8;2;4;1;9;2;3;5;1;7;7;9;5;3;8;6;9;5;No;Front End Developer
4;3;8;1;0;8;2;8;2;0;6;5;0;5;4;1;3;6;3;7;No;Embedded Systems Engineer
5;1;9;0;0;9;5;8;7;6;8;7;8;7;0;2;2;4;2;9;No;Embedded Systems Engineer
9;5;9;6;1;9;9;4;2;0;2;7;5;6;1;7;7;7;0;3;Yes;Network Engineer
9;5;4;0;0;4;8;2;7;8;9;3;1;6;3;5;2;9;3;1;No;IT Support Specialist
7;5;4;5;2;9;2;2;2;4;7;1;3;9;8;2;9;6;2;8;No;Machine Learning Engineer
0;0;5;7;5;2;5;3;1;1;6;5;7;3;9;1;8;5;8;9;Yes;Technical Support Engineer
4;5;9;9;3;6;4;3;5;6;6;9;0;4;9;2;6;5;1;3;Yes;Front End Developer
8;9;8;9;2;6;5;6;2;3;3;0;1;4;6;4;2;7;9;7;No;IT Sales Professional
0;0;0;4;0;4;6;4;0;2;6;8;4;3;6;7;1;4;2;4;Yes;Cybersecurity Analyst
3;2;5;4;0;3;2;5;5;5;9;8;7;5;8;4;7;0;8;6;No;IT Sales Professional
7;8;4;6;8;4;2;9;7;0;7;9;5;4;7;6;1;5;8;0;No;Computer Systems Analyst
2;0;4;7;1;9;7;8;5;8;3;2;5;6;3;7;2;9;1;1;Yes;Blockchain Developer
2;2;0;4;0;0;8;0;2;0;3;5;0;4;8;5;0;2;6;6;No;Back End Developer
7;5;8;1;9;5;4;5;9;8;7;2;7;3;9;1;8;9;1;9;No;Cybersecurity Analyst
2;9;6;2;3;9;2;3;9;0;2;5;8;7;8;1;4;4;6;4;No;IT Support Specialist
1;3;8;6;8;1;2;9;1;7;9;5;1;4;0;6;3;4;8;9;No;IT Sales Professional
7;2;1;1;3;4;0;1;8;2;0;0;7;1;8;4;4;8;4;1;Yes;Network Engineer
0;2;3;1;7;5;9;2;5;9;9;8;4;0;9;6;2;1;2;0;No;Computer Science Teacher
9;5;8;9;8;4;0;1;8;3;7;1;9;9;1;3;4;1;1;1;Yes;Digital Marketing Specialist
3;7;4;5;2;5;2;4;0;6;6;3;8;9;4;9;2;0;2;5;No;Cloud Architect
4;9;9;3;5;7;4;5;0;1;9;2;2;7;7;6;9;6;3;4;No;Web Developer
9;9;6;2;9;6;1;7;4;1;2;1;1;3;4;1;5;8;0;2;Yes;Research Scientist
0;5;6;4;4;2;0;3;4;3;7;0;3;1;7;8;3;4;0;8;No;Full Stack Developer
0;6;4;6;1;2;4;6;0;3;5;4;1;4;8;8;4;6;2;2;Yes;Technical Writer
8;2;9;6;1;6;6;9;8;5;2;9;8;3;3;8;7;1;0;0;Yes;Business Intelligence Analyst
8;3;8;6;2;7;0;1;8;2;8;7;5;7;1;2;3;1;5;2;No;Mobile App Developer
7;7;8;5;1;8;7;5;7;7;0;1;7;0;9;4;3;3;7;2;Yes;Game Developer
7;5;1;4;8;9;2;2;7;1;2;6;3;5;2;1;2;8;0;5;Yes;Business Intelligence Analyst
1;7;6;2;4;0;0;4;0;0;6;7;1;5;5;0;7;8;3;2;Yes;Computer and Information Systems Manager
7;1;3;2;1;3;8;3;4;6;2;8;8;4;7;3;1;1;0;5;Yes;Artificial Intelligence Engineer
4;9;9;4;1;3;9;8;4;1;9;9;8;8;9;9;0;5;1;4;No;Computer Programmer
7;6;2;7;8;6;4;9;9;7;3;2;1;3;2;0;8;8;8;8;No;Computer Programmer
4;9;1;1;8;8;8;2;7;1;9;4;2;8;9;8;2;7;7;9;No;UI/UX Designer
5;5;5;3;1;0;2;6;3;7;6;2;9;1;2;3;1;9;7;8;No;Computer and Information Systems Manager
5;9;8;6;5;7;4;0;2;3;7;5;2;7;5;6;2;1;3;1;No;Computer Science Teacher
4;8;2;2;0;4;3;0;1;8;4;2;5;2;5;0;4;6;2;8;No;Research Scientist
8;4;5;2;1;3;4;6;1;6;5;5;8;6;2;1;0;0;9;9;Yes;Software Tester
2;2;5;8;7;7;7;4;6;8;1;4;1;6;9;8;5;7;0;2;Yes;Web Developer
7;6;5;1;2;6;1;4;9;6;5;5;5;7;1;9;0;3;0;6;No;Computer Science Teacher
0;2;0;3;9;5;1;2;2;0;5;1;6;7;6;5;2;7;1;9;No;Computer Network Architect
8;7;0;1;7;1;1;0;4;6;4;4;4;0;4;4;3;5;2;5;Yes;IT Project Manager
9;2;8;9;9;7;9;2;5;5;4;4;0;2;6;9;7;9;4;7;Yes;Machine Learning Engineer
3;5;0;6;3;0;4;7;2;5;0;3;8;4;3;5;4;9;5;8;Yes;Computer and Information Systems Manager
3;5;6;4;8;4;8;3;8;7;8;7;3;4;1;2;5;7;4;2;Yes;Quality Assurance Engineer
2;6;4;4;8;9;5;1;0;1;8;7;0;5;9;4;4;3;9;8;No;IT Support Specialist
9;3;3;6;6;7;6;7;3;6;7;9;0;7;7;9;9;9;8;6;No;Computer Systems Manager
1;0;9;2;5;8;6;4;1;9;6;0;0;8;5;0;6;2;7;3;Yes;Quality Assurance Engineer
5;9;7;9;6;4;5;1;0;5;2;4;9;6;1;8;4;3;5;5;Yes;Artificial Intelligence Engineer
9;4;6;1;8;0;7;5;1;4;1;1;6;2;8;6;2;9;4;5;No;Game Developer
5;1;0;7;4;3;8;1;4;7;5;5;3;6;2;4;8;1;5;8;No;Computer and Information Research Scientist
5;6;8;0;7;9;4;1;0;1;8;8;3;0;4;2;9;2;1;3;No;Software Tester
2;7;3;9;1;3;9;2;8;9;3;2;9;5;5;3;8;1;2;4;Yes;Network Engineer
9;1;7;2;4;4;1;2;1;2;4;2;3;3;5;9;4;3;3;3;No;Computer Hardware Engineer
5;4;2;1;2;2;6;9;7;3;0;1;9;2;8;3;5;0;2;5;Yes;Technical Writer
3;9;7;4;4;4;9;9;7;1;4;0;6;9;0;3;9;8;4;2;No;Database Administrator
7;4;0;5;9;4;8;9;5;2;6;0;4;8;5;0;4;3;9;9;Yes;Computer and Information Systems Manager
4;5;6;7;3;9;6;8;9;1;3;3;6;3;7;4;3;3;9;4;Yes;Computer and Information Systems Manager
2;1;8;0;4;8;1;2;3;3;4;9;4;9;2;3;5;5;4;8;No;Computer Hardware Engineer
6;9;0;3;9;1;0;8;7;1;2;6;7;7;9;5;4;8;0;5;No;IT Consultant
5;7;7;3;1;8;6;4;1;6;9;4;4;4;1;6;6;9;1;1;No;Cybersecurity Analyst
1;8;7;6;4;6;3;9;4;0;6;8;1;7;7;6;9;2;1;7;Yes;Computer and Information Systems Manager
9;1;2;3;8;8;9;6;8;9;0;2;8;2;9;5;2;8;9;8;No;Computer Programmer
6;3;8;6;2;8;4;8;3;2;9;3;8;2;3;7;5;3;3;1;Yes;Embedded Systems Engineer
7;3;5;5;6;6;2;3;1;9;7;4;7;5;1;1;4;3;0;4;Yes;Network Administrator
5;3;6;7;9;0;7;9;0;9;7;7;3;6;8;5;2;7;9;9;Yes;Game Developer
9;2;5;8;5;1;6;1;2;4;2;8;5;0;4;8;9;2;0;7;No;Computer Programmer
3;3;6;3;5;3;2;1;3;7;4;2;7;0;9;0;8;0;0;1;No;Digital Marketing Specialist
4;0;2;5;3;5;0;8;2;8;6;1;0;0;4;7;6;5;2;4;No;Business Intelligence Analyst
4;5;0;7;2;8;8;9;1;9;2;1;2;6;4;7;5;5;0;6;Yes;Technical Writer
4;4;6;8;8;8;2;8;5;3;7;3;8;4;9;7;1;3;7;2;No;Computer Systems Manager
1;6;2;2;2;5;0;0;1;0;6;4;1;9;2;1;8;3;7;7;Yes;Computer Science Teacher
7;9;7;3;9;3;1;3;7;6;2;2;9;6;9;0;8;9;7;5;Yes;Mobile App Developer
8;7;3;3;8;5;8;7;3;3;3;1;4;4;5;1;6;2;0;7;Yes;Digital Marketing Specialist
2;2;2;0;5;5;0;6;4;1;4;0;8;8;2;2;1;1;4;6;No;Software Developer
1;3;5;6;1;8;4;0;4;6;0;6;8;4;0;0;1;5;8;2;Yes;Network Engineer
5;4;4;5;9;1;7;7;6;4;5;0;3;4;6;7;5;1;4;5;No;Quality Assurance Engineer
7;8;2;5;1;4;3;0;6;3;9;3;5;6;3;6;4;2;6;0;Yes;Computer Systems Analyst
2;6;7;7;5;7;4;9;0;8;2;1;3;5;1;3;3;9;4;2;No;Machine Learning Engineer
2;1;7;2;7;3;6;6;0;7;5;3;7;5;3;2;3;3;9;0;Yes;Network Administrator
9;1;9;8;6;2;8;5;1;5;0;2;1;2;9;4;2;0;7;6;Yes;Software Tester
4;4;3;2;3;1;1;6;1;3;9;9;2;5;4;6;5;6;9;6;No;Network Engineer
4;2;7;5;6;1;9;0;3;1;7;3;6;7;7;4;4;3;8;1;No;IT Support Specialist
4;3;8;5;1;0;0;4;9;7;8;8;9;1;2;6;5;0;0;6;Yes;Data Scientist
1;3;7;4;1;6;7;5;5;7;2;7;5;3;3;5;8;9;8;2;Yes;Computer Programmer
7;7;5;7;5;2;6;1;6;3;1;5;9;8;4;4;0;5;8;3;No;Research Scientist
3;3;0;6;1;7;0;0;8;6;8;4;6;7;2;7;4;7;1;8;Yes;Blockchain Developer
3;7;1;9;9;1;0;4;7;3;3;7;7;0;3;7;8;2;8;3;Yes;Systems Analyst
4;6;2;9;9;9;1;9;7;9;9;7;8;7;0;1;9;2;9;4;No;Software Tester
8;2;1;4;9;8;0;5;3;2;2;7;0;1;4;7;6;1;3;6;No;Back End Developer
9;4;9;9;0;2;1;9;7;9;9;6;1;5;5;8;6;8;5;0;No;Database Administrator
2;6;8;0;9;1;7;7;3;5;1;0;0;1;4;7;0;5;2;3;No;Systems Analyst
9;1;0;4;9;4;9;3;2;9;0;8;7;8;7;2;8;0;4;3;Yes;Computer Systems Manager
5;7;0;3;8;6;3;4;1;3;1;7;1;6;7;1;1;9;4;7;Yes;Machine Learning Engineer
6;5;2;2;7;1;0;8;8;6;1;0;6;2;1;6;7;1;5;8;Yes;Front End Developer
1;4;6;2;0;4;9;4;0;2;4;7;4;0;9;8;3;5;3;8;Yes;Computer Network Architect
0;6;7;3;8;1;8;7;4;5;4;9;3;3;6;9;1;4;7;5;No;Artificial Intelligence Engineer
5;1;0;2;2;1;8;2;0;5;6;8;1;5;2;5;7;6;0;2;No;Software Tester
1;0;0;2;1;7;9;8;8;4;2;0;4;0;5;2;8;2;2;5;Yes;Computer Network Architect
4;7;5;7;9;3;7;7;0;2;7;4;4;9;4;2;8;6;2;0;Yes;Computer Science Teacher
9;4;7;1;7;2;8;9;6;5;0;4;0;7;5;6;5;5;7;7;Yes;Web Developer
8;5;3;9;3;5;1;2;8;0;6;4;0;8;4;2;8;2;3;8;Yes;Network Engineer
5;7;2;4;7;0;4;5;8;9;0;1;2;6;2;9;0;8;1;6;No;Machine Learning Engineer
9;6;4;3;6;0;1;8;7;5;4;0;1;6;4;6;3;9;3;9;Yes;Machine Learning Engineer
9;0;2;1;1;2;5;1;4;3;7;1;0;3;0;4;5;0;7;8;No;Artificial Intelligence Engineer
8;6;3;9;7;6;5;4;6;5;9;9;3;2;9;3;5;2;7;2;Yes;Machine Learning Engineer
3;7;2;4;4;9;6;9;2;2;7;7;8;4;1;8;2;1;0;1;No;Machine Learning Engineer
6;2;2;9;1;3;3;1;0;5;3;6;3;0;6;7;3;8;6;6;No;Research Scientist
6;4;2;8;9;7;7;5;5;5;8;0;8;2;6;3;4;9;4;7;No;Computer and Information Research Scientist
6;0;3;4;8;4;7;8;4;1;2;3;0;2;2;2;5;1;7;6;No;IT Support Specialist
7;6;5;0;8;7;7;7;7;4;3;4;1;2;8;4;9;5;7;8;Yes;IT Project Manager
7;9;7;0;2;6;0;0;1;1;9;9;4;2;8;0;8;9;1;3;No;Web Developer
9;2;7;8;6;2;9;5;2;7;3;6;4;6;7;2;0;6;7;6;Yes;Network Engineer
5;7;4;4;4;5;2;7;6;3;1;3;1;1;5;6;7;8;4;8;No;Business Intelligence Analyst
2;8;4;5;1;7;8;0;2;4;7;6;9;0;2;4;7;5;0;6;Yes;Mobile App Developer
0;1;3;2;1;6;8;2;2;6;2;4;0;3;6;1;9;6;8;5;Yes;Machine Learning Engineer
1;8;9;1;2;9;7;0;9;6;8;6;1;1;2;5;6;5;4;2;No;Computer Programmer
8;9;1;2;9;4;3;2;8;5;7;0;8;7;9;2;1;5;8;1;No;Cloud Architect
7;3;8;7;2;9;2;4;0;0;3;1;0;0;8;2;8;0;9;2;Yes;Business Intelligence Analyst
1;0;0;5;4;9;3;8;2;7;1;9;6;7;1;0;3;1;2;0;No;Web Developer
5;8;0;7;3;7;2;3;0;3;6;2;2;5;7;4;0;6;6;7;No;Cloud Architect
2;1;7;9;4;1;4;4;2;0;1;6;4;2;3;5;6;9;3;6;No;Machine Learning Engineer
6;7;5;9;1;4;8;4;0;2;6;3;3;7;0;2;1;5;8;3;Yes;Game Developer
6;6;2;7;2;1;7;3;9;5;8;5;5;3;6;5;7;9;7;9;No;Digital Marketing Specialist
8;9;1;3;3;4;3;7;5;5;3;9;2;5;8;6;4;4;7;1;Yes;IT Consultant
3;3;6;5;2;9;5;6;5;0;2;6;9;7;7;5;0;2;6;2;No;Computer Systems Analyst
7;2;9;4;0;3;0;8;2;8;6;7;3;6;4;5;1;4;4;6;Yes;Business Intelligence Analyst
5;3;8;1;3;6;3;5;1;5;5;7;3;8;1;9;1;2;6;3;No;Computer Network Architect
6;4;9;6;5;2;6;3;9;2;6;2;2;8;1;7;1;2;2;6;No;Software Engineer
5;0;4;5;8;5;5;0;2;2;4;4;1;1;8;4;3;0;2;3;Yes;Network Engineer
4;5;5;4;9;6;9;2;8;4;7;3;9;4;9;1;4;5;4;6;No;IT Support Specialist
7;4;6;4;2;1;4;6;4;9;9;1;0;2;4;6;6;1;2;5;No;Cybersecurity Analyst
1;1;6;0;8;1;0;1;0;9;0;8;7;0;4;0;6;2;8;2;No;Computer and Information Research Scientist
9;1;3;4;2;1;4;6;8;2;2;8;5;7;9;4;9;0;2;9;Yes;Systems Analyst
7;3;0;7;3;0;7;9;6;3;6;7;4;0;2;8;7;8;6;1;No;UI/UX Designer
6;6;2;1;6;3;2;5;1;2;0;9;2;7;4;8;4;3;0;0;Yes;IT Sales Professional
1;5;1;1;8;5;6;7;4;2;5;4;2;9;3;1;4;8;3;1;No;Computer and Information Research Scientist
3;9;4;4;3;8;0;6;7;9;6;3;9;4;4;5;5;9;2;8;No;IT Support Specialist
3;9;4;9;2;1;7;4;6;7;2;5;4;3;0;0;8;0;2;8;Yes;Computer Programmer
2;0;9;1;3;5;0;7;5;3;3;7;9;3;9;2;7;9;9;9;Yes;IT Support Specialist
3;0;5;2;7;1;5;7;0;4;5;2;5;3;8;2;0;5;8;3;No;Computer and Information Research Scientist
0;1;7;5;9;0;6;9;5;6;3;5;7;3;5;8;5;6;6;7;Yes;Business Intelligence Analyst
6;5;9;9;1;4;2;1;6;4;1;1;4;1;9;6;8;6;9;9;Yes;Digital Marketing Specialist
1;0;8;9;3;0;7;7;6;2;1;7;2;0;4;2;4;0;6;3;Yes;Technical Writer
3;5;6;5;0;3;0;2;0;2;9;5;8;2;3;3;1;2;7;8;No;Software Developer
5;8;7;1;0;8;1;5;4;8;0;2;2;9;6;0;9;4;8;2;No;Computer Systems Manager
2;2;9;1;1;7;7;0;7;7;8;3;2;9;8;6;1;5;7;8;No;Mobile App Developer
4;8;4;2;1;6;9;9;0;1;0;6;2;1;2;4;9;7;0;8;No;Blockchain Developer
2;0;6;3;7;0;1;1;7;9;8;9;3;8;5;5;3;3;1;2;No;Computer Science Teacher
9;8;3;4;1;7;2;3;2;2;2;8;2;6;4;2;6;0;1;3;Yes;Data Scientist
7;6;8;2;7;8;0;3;7;5;7;9;9;2;4;1;1;6;3;7;Yes;Digital Marketing Specialist
4;5;2;5;2;0;4;9;6;2;1;1;5;0;2;7;4;1;0;3;No;Digital Marketing Specialist
1;6;8;9;7;6;9;3;2;7;4;2;5;6;2;6;9;8;5;0;Yes;Cloud Architect
3;0;8;5;5;5;2;3;9;9;8;9;8;8;2;2;1;5;3;5;Yes;Full Stack Developer
0;3;8;4;0;6;6;3;3;1;4;5;2;3;3;5;2;1;7;0;No;UI/UX Designer
7;4;7;2;8;9;7;9;8;4;8;8;6;3;1;4;0;5;2;7;Yes;Network Engineer
0;5;3;6;7;4;7;3;7;7;3;8;8;1;6;2;3;7;1;6;No;Business Intelligence Analyst
6;1;2;9;2;8;9;4;6;2;4;4;2;9;0;5;1;4;1;2;No;Research Scientist
0;0;4;8;0;9;3;9;4;1;0;2;6;3;4;1;5;1;6;6;Yes;Mobile App Developer
8;0;4;3;1;2;4;2;0;5;9;0;6;2;6;6;7;2;7;1;No;Technical Writer
6;0;9;4;2;2;0;1;3;5;7;2;9;4;1;7;9;5;8;3;Yes;Back End Developer
6;8;2;9;3;4;1;6;2;1;4;5;4;6;6;7;8;1;9;7;No;Technical Writer
5;4;1;4;2;1;8;7;5;2;1;8;2;5;6;0;5;1;8;1;No;Software Developer
2;4;5;0;0;7;1;8;0;8;9;8;8;9;9;9;7;1;5;8;No;Systems Analyst
7;4;7;2;9;1;9;5;9;1;3;8;7;4;2;0;3;8;1;4;Yes;Mobile App Developer
1;3;9;4;1;3;5;4;9;3;3;6;5;0;4;1;0;8;4;5;No;Computer and Information Research Scientist
8;0;6;4;0;3;3;4;1;2;4;3;5;4;4;6;4;3;0;7;No;Technical Support Engineer
0;4;8;9;2;7;6;5;2;9;5;4;3;3;3;7;1;6;4;3;No;Software Engineer
0;6;4;7;5;3;4;7;5;1;3;2;9;9;9;5;8;3;3;8;No;Artificial Intelligence Engineer
7;3;2;4;0;6;1;5;5;0;8;5;4;9;2;3;7;1;4;8;Yes;Digital Marketing Specialist
9;4;8;4;9;5;7;2;1;5;8;5;7;6;3;1;0;3;6;2;Yes;Research Scientist
5;3;3;5;1;2;5;8;3;3;0;3;2;6;5;9;6;8;1;8;Yes;Software Developer
5;1;3;8;7;2;7;4;0;6;8;9;7;4;6;9;3;4;6;6;No;Digital Marketing Specialist
7;7;3;3;4;0;3;1;1;6;8;0;2;2;6;5;1;0;6;0;Yes;Database Administrator
8;7;4;2;4;2;2;3;5;8;8;7;0;6;7;0;3;6;9;0;Yes;Computer Programmer
4;5;8;1;8;2;4;2;6;8;9;1;0;6;4;5;0;8;9;2;No;IT Support Specialist
7;8;2;3;3;7;0;9;0;5;6;8;1;1;5;1;1;9;3;9;Yes;Full Stack Developer
9;4;8;2;4;8;3;1;0;9;3;1;6;9;9;7;1;7;2;6;No;Computer Programmer
9;7;6;5;0;3;4;6;5;1;6;3;6;4;2;1;7;8;4;4;No;Network Administrator
5;8;5;7;5;2;4;0;9;3;2;8;4;5;0;9;6;6;4;5;Yes;Business Intelligence Analyst
7;9;1;0;6;2;7;3;4;5;8;6;9;7;6;2;2;4;4;7;Yes;Computer Systems Manager
0;0;8;1;3;7;7;4;8;0;7;3;5;8;4;4;3;7;4;7;No;UI/UX Designer
9;0;0;9;3;8;7;9;1;0;3;2;1;4;4;7;9;4;3;0;No;Computer Programmer
4;7;6;7;6;0;4;2;4;2;1;2;0;5;1;8;4;4;6;2;Yes;IT Consultant
6;6;8;4;3;3;8;5;5;4;1;5;7;4;0;0;5;1;2;5;No;Business Intelligence Analyst
0;7;7;8;4;2;1;9;8;5;9;3;3;4;0;1;2;5;9;7;No;Systems Analyst
5;7;7;0;1;2;5;5;1;4;8;1;5;6;5;7;2;9;4;0;No;Back End Developer
3;6;5;6;0;0;6;1;9;3;9;5;1;3;7;7;2;3;9;3;No;UI/UX Designer
2;2;9;8;2;3;4;1;3;0;1;2;7;8;8;8;7;2;5;0;No;Computer and Information Systems Manager
9;0;3;5;0;7;1;0;9;2;1;7;0;7;0;2;8;8;2;1;No;Cloud Architect
1;2;5;5;3;8;0;3;9;8;7;3;3;1;9;8;1;3;0;7;Yes;Machine Learning Engineer
8;1;5;5;7;7;6;2;1;7;4;0;6;8;8;6;0;1;2;2;No;IT Support Specialist
7;2;6;2;1;2;5;9;8;4;5;0;7;5;6;2;4;9;0;9;Yes;Computer and Information Systems Manager
1;8;4;5;6;6;6;5;4;2;7;2;5;6;5;7;0;2;7;8;No;Computer Programmer
2;9;6;7;7;3;0;9;7;8;1;6;8;0;0;4;9;0;3;1;No;Artificial Intelligence Engineer
7;4;4;8;0;3;8;0;3;9;9;1;4;6;3;8;2;2;4;5;Yes;Software Tester
2;9;6;1;7;8;6;1;3;3;2;7;9;3;8;0;8;1;9;8;Yes;Web Developer
0;3;6;7;7;1;7;0;9;1;7;0;5;3;3;3;1;6;0;5;Yes;Computer Programmer
7;4;5;0;0;8;9;6;8;1;0;6;7;1;6;0;0;6;4;5;No;Computer Systems Analyst
4;5;8;1;7;2;1;2;0;7;3;7;7;3;4;0;4;0;3;0;No;Artificial Intelligence Engineer
3;2;7;4;1;1;1;9;0;2;3;6;1;1;0;2;3;4;3;6;Yes;Full Stack Developer
5;8;7;6;8;5;1;5;7;8;9;2;9;8;3;2;2;6;4;4;Yes;Artificial Intelligence Engineer
7;4;6;8;4;6;0;8;5;2;6;3;5;4;2;2;3;1;4;9;Yes;Game Developer
8;3;3;7;6;2;9;5;1;6;7;5;6;9;2;0;6;6;7;5;No;DevOps Engineer
8;2;6;6;8;4;1;4;5;7;9;5;6;6;2;8;0;3;9;6;No;Research Scientist
5;6;0;2;8;9;9;7;5;9;6;6;9;8;2;2;6;6;6;5;Yes;Computer Programmer
9;9;4;0;5;4;6;9;5;8;5;9;8;1;9;8;1;3;8;5;Yes;Software Tester
0;1;5;5;6;5;8;3;7;2;5;2;1;6;9;2;3;0;8;4;No;Digital Marketing Specialist
0;2;0;7;9;0;7;2;7;2;0;6;7;2;2;7;7;7;4;2;Yes;Web Developer
3;4;8;3;3;6;0;5;8;8;4;1;5;0;2;5;5;2;5;6;Yes;Computer and Information Systems Manager
2;0;1;2;6;8;3;4;5;7;2;5;3;7;1;9;7;2;1;4;Yes;Cloud Architect
5;3;2;1;4;9;0;3;3;2;6;4;5;3;4;3;0;5;9;5;No;Computer Systems Analyst
3;2;5;8;1;1;6;4;5;1;5;5;7;1;7;3;8;7;0;5;No;Technical Support Engineer
6;5;6;2;8;0;5;0;9;8;3;6;4;3;2;5;7;2;5;1;No;Data Scientist
1;8;6;7;2;3;8;6;0;8;1;6;5;4;9;0;9;5;2;6;No;Computer Network Architect
2;6;9;4;2;2;5;6;3;2;5;2;3;9;5;2;0;8;7;3;Yes;IT Sales Professional
9;8;7;2;4;7;8;8;0;3;4;6;4;9;3;2;8;4;2;5;No;Cloud Architect
3;7;0;9;0;5;0;7;9;1;3;0;2;0;6;8;1;6;0;2;No;Software Tester
8;9;4;4;7;2;2;2;8;0;6;2;9;6;1;5;8;7;8;0;Yes;Computer Systems Analyst
1;1;2;6;3;4;4;9;3;0;3;4;2;3;6;0;6;7;1;1;No;Computer Systems Analyst
0;4;0;9;1;7;4;7;1;1;5;2;7;3;7;9;8;6;6;5;Yes;Cloud Architect
7;7;0;9;0;6;8;4;2;3;1;1;4;5;8;8;5;6;3;5;No;IT Project Manager
8;1;0;8;3;8;7;6;7;9;6;3;8;2;0;3;5;1;9;3;No;IT Support Specialist
4;2;3;3;5;8;1;4;9;1;3;1;5;7;5;8;7;3;9;5;Yes;Computer Systems Analyst
1;0;3;8;0;0;1;8;0;2;5;8;6;9;3;4;7;2;5;2;Yes;Computer Systems Analyst
2;3;7;5;7;5;7;0;5;7;9;3;5;4;1;8;2;6;0;2;Yes;Computer and Information Research Scientist
6;1;8;7;8;0;4;3;8;9;3;2;3;8;5;9;7;3;3;3;No;Technical Writer
1;6;3;6;0;0;1;2;0;2;0;9;9;2;5;4;9;0;6;2;No;Technical Support Engineer
2;5;5;5;9;0;8;9;1;4;7;6;2;9;8;6;4;7;9;3;Yes;DevOps Engineer
8;6;9;9;0;6;3;3;8;0;9;1;5;8;6;1;7;1;7;1;Yes;Computer and Information Research Scientist
2;2;3;4;9;1;0;2;6;3;4;5;9;8;5;2;8;9;6;0;No;Digital Marketing Specialist
1;3;0;7;0;8;2;7;3;3;1;4;5;5;1;7;9;6;4;4;No;IT Consultant
3;6;7;6;3;3;6;5;0;0;7;8;5;6;6;8;2;6;4;0;Yes;DevOps Engineer
7;9;5;3;6;4;8;1;8;5;8;4;4;0;6;4;1;1;9;6;No;Computer Hardware Engineer
4;0;5;3;6;5;9;7;6;0;4;4;5;1;1;4;0;3;0;7;No;Research Scientist
0;9;6;9;7;6;2;4;7;2;4;3;1;9;2;2;1;2;8;7;Yes;Computer Programmer
4;6;3;4;7;2;7;6;9;0;8;3;8;4;7;4;0;4;8;4;Yes;Computer Systems Analyst
8;8;2;3;5;9;8;0;5;5;9;2;3;8;6;8;7;7;7;2;Yes;Research Scientist
8;0;7;7;5;8;2;1;5;2;5;8;6;4;0;6;1;1;0;1;Yes;Back End Developer
1;1;7;0;5;4;7;5;1;4;8;4;4;8;7;5;3;7;1;8;Yes;Game Developer
2;3;2;7;6;8;9;9;3;4;6;6;6;8;8;2;6;3;7;2;Yes;UI/UX Designer
2;4;7;0;6;8;5;8;7;8;1;4;5;9;3;3;3;2;9;5;Yes;Computer Programmer
8;7;4;8;1;9;9;4;6;0;4;5;9;7;3;1;5;8;1;4;No;Digital Marketing Specialist
9;6;3;0;7;5;3;2;1;1;2;7;1;5;9;6;8;1;4;5;No;Technical Writer
7;2;7;6;6;8;3;0;3;2;4;0;1;2;5;1;2;9;2;4;No;IT Sales Professional
3;0;6;2;7;5;9;8;7;0;6;2;8;8;5;6;4;9;3;0;No;Web Developer
8;5;7;0;4;3;9;8;1;9;1;8;2;3;2;2;1;1;5;2;Yes;Game Developer
9;8;5;1;0;4;2;8;8;9;0;2;2;1;2;4;9;8;0;1;Yes;Back End Developer
9;1;2;1;0;3;1;3;4;5;3;7;7;6;2;4;4;4;1;4;No;Computer and Information Systems Manager
5;2;1;5;1;3;2;4;8;2;2;5;1;6;7;7;9;9;6;6;Yes;Cybersecurity Analyst
3;9;4;8;0;0;9;5;8;4;7;7;4;5;0;6;7;0;6;2;No;Business Intelligence Analyst
5;2;3;8;4;9;9;9;8;7;9;9;2;6;1;6;4;7;6;7;No;Research Scientist
9;7;4;3;4;7;7;9;6;7;9;1;3;4;2;7;8;7;0;3;No;Network Administrator
1;0;0;5;5;0;0;3;9;8;5;5;6;3;3;0;7;6;7;2;No;Technical Writer
5;0;5;5;5;9;1;7;8;0;2;8;7;4;0;5;6;5;9;4;No;Technical Writer
0;2;2;1;2;3;8;8;3;4;2;2;1;9;3;7;4;1;7;6;No;Computer Systems Analyst
6;7;3;6;4;6;0;1;2;3;0;9;2;7;7;8;1;5;4;1;No;Systems Analyst
6;6;8;7;0;7;7;0;7;8;2;9;6;9;3;6;7;4;3;9;No;Computer and Information Research Scientist
1;9;0;1;8;0;9;3;3;0;2;8;5;3;1;9;5;7;7;0;No;Artificial Intelligence Engineer
1;3;6;7;7;4;1;9;2;0;7;2;7;0;5;3;5;5;5;8;No;Computer Network Architect
5;4;2;3;1;3;2;3;5;5;1;8;4;0;3;1;6;3;1;1;Yes;Full Stack Developer
9;1;3;6;1;9;9;4;9;7;5;0;3;9;4;8;7;4;4;2;Yes;Machine Learning Engineer
1;2;0;9;3;7;7;4;1;5;2;2;7;8;5;7;0;7;1;4;Yes;Mobile App Developer
3;7;3;5;6;6;0;2;5;9;8;3;4;0;8;7;5;8;2;6;No;Machine Learning Engineer
8;9;5;5;4;6;2;4;5;8;7;0;4;7;6;6;2;0;6;1;Yes;Artificial Intelligence Engineer
3;9;4;0;1;0;5;0;1;6;8;9;0;5;9;3;1;9;4;3;No;Computer Hardware Engineer
0;7;0;4;1;8;2;3;2;3;2;4;5;4;7;0;3;9;1;7;Yes;Computer and Information Research Scientist
9;4;3;8;9;1;8;3;0;3;9;9;5;5;4;2;1;9;5;4;No;Computer Network Architect
3;1;6;4;9;9;1;0;7;0;1;3;0;1;4;7;4;1;7;7;Yes;Mobile App Developer
7;8;7;5;0;6;8;2;6;1;3;2;3;6;0;9;5;2;1;3;Yes;Digital Marketing Specialist
3;3;3;7;4;5;4;1;9;8;0;5;2;8;7;4;9;7;7;5;Yes;Software Developer
2;7;8;0;2;2;1;1;2;5;0;3;7;0;5;2;5;3;2;7;No;Software Developer
8;7;5;2;7;1;3;5;9;4;5;5;5;2;0;5;8;3;2;6;No;IT Project Manager
1;0;7;9;2;2;0;6;2;2;8;7;1;3;5;2;5;1;1;4;Yes;Software Engineer
3;4;0;9;6;8;2;0;2;5;6;2;4;4;5;5;7;2;4;3;No;Business Intelligence Analyst
1;7;9;7;1;7;2;7;0;5;3;0;0;7;1;7;7;2;1;2;No;Full Stack Developer
0;8;2;9;1;1;4;9;8;5;3;5;9;0;8;6;5;3;3;5;Yes;Blockchain Developer
3;7;9;3;4;5;0;4;6;0;5;2;6;5;4;3;8;4;7;3;Yes;Full Stack Developer
1;1;0;6;1;5;4;7;5;3;0;3;4;1;2;9;7;3;8;0;Yes;Database Administrator
6;8;5;9;4;5;5;2;0;7;3;8;3;2;5;1;4;5;5;9;No;Network Engineer
3;8;0;5;6;2;7;6;6;5;8;3;8;3;1;6;0;8;7;6;No;Computer and Information Systems Manager
8;7;3;2;9;7;4;9;5;6;8;1;9;1;1;5;8;9;8;1;Yes;Machine Learning Engineer
1;0;6;5;9;9;8;3;3;4;1;2;8;6;5;1;3;4;5;0;No;Full Stack Developer
2;6;4;1;7;6;0;7;0;5;5;0;6;8;6;2;1;0;5;4;No;Computer Systems Manager
2;5;1;1;4;0;2;6;5;8;2;2;8;0;3;2;8;5;0;3;No;Cloud Architect
2;4;8;1;6;4;8;9;4;7;8;4;1;3;3;9;3;0;0;1;No;Computer Systems Analyst
3;2;6;6;6;8;1;0;3;5;5;7;5;0;4;5;2;1;7;0;Yes;Cloud Architect
9;4;9;3;4;4;1;2;2;3;4;9;1;2;3;7;9;0;0;8;No;Cybersecurity Analyst
3;3;0;1;2;4;8;4;2;5;5;7;4;0;9;2;8;0;1;5;No;Back End Developer
1;7;6;6;6;3;0;8;1;1;4;7;3;8;8;6;1;2;2;3;No;Computer Hardware Engineer
9;8;4;5;3;7;2;6;5;4;3;6;6;2;0;0;2;8;1;2;Yes;Quality Assurance Engineer
9;7;7;0;5;9;7;7;0;8;1;7;3;4;2;4;3;6;4;8;Yes;Game Developer
5;1;8;7;2;4;0;6;3;7;8;3;6;5;9;9;5;5;0;4;No;Computer and Information Research Scientist
1;4;4;0;0;2;2;0;1;9;4;9;2;2;7;8;7;8;6;2;No;Web Developer
3;4;1;6;6;7;2;6;8;6;3;3;4;4;6;0;1;4;0;8;No;Business Intelligence Analyst
3;1;4;5;5;9;8;1;2;8;2;6;3;9;5;3;7;0;2;8;No;Computer Science Teacher
1;1;4;9;7;7;8;2;1;5;2;1;2;4;5;6;4;8;9;0;No;Computer Network Architect
8;4;1;4;2;5;5;3;1;6;1;9;5;8;0;3;5;2;2;1;No;Embedded Systems Engineer
9;1;9;3;3;7;1;7;5;5;1;0;6;6;3;9;4;6;4;1;No;Game Developer
0;9;9;2;1;9;3;1;6;5;9;2;9;5;5;7;1;4;5;4;No;Front End Developer
6;8;7;8;1;8;1;1;2;6;4;6;2;0;8;8;4;1;5;3;No;Software Tester
5;2;5;5;0;4;6;0;0;8;4;2;8;0;8;1;3;8;3;1;Yes;Cloud Architect
2;3;3;5;2;5;1;1;4;2;7;0;8;5;4;6;1;3;1;5;No;IT Support Specialist
1;4;2;0;9;7;5;6;2;5;3;4;1;3;8;0;8;4;0;7;No;Computer Hardware Engineer
9;2;2;8;4;3;7;0;8;1;1;9;0;4;1;7;8;1;2;8;Yes;Cloud Architect
1;1;3;0;0;6;4;5;8;8;9;1;0;1;4;4;5;7;3;7;Yes;Computer Systems Analyst
1;0;1;0;2;8;0;4;1;1;0;5;8;6;8;3;1;0;4;4;No;Software Tester
0;6;2;3;1;1;2;3;6;5;9;8;9;1;7;4;6;7;9;7;Yes;Research Scientist
8;9;1;1;2;2;4;4;7;6;0;9;8;4;6;2;7;9;8;5;Yes;Web Developer
7;8;9;5;5;9;5;8;0;8;2;0;1;8;4;7;9;4;8;6;No;Computer and Information Research Scientist
9;6;8;7;8;7;3;2;0;0;0;0;6;9;0;1;0;7;0;2;Yes;Data Scientist
1;9;5;1;1;0;0;1;3;6;5;4;3;8;1;0;0;5;3;0;No;Digital Marketing Specialist
3;7;5;3;6;2;1;8;9;8;5;3;5;2;7;6;6;1;1;7;No;Technical Writer
7;6;7;5;2;2;0;6;4;3;9;1;4;7;6;4;9;0;0;8;No;Game Developer
3;1;9;8;1;1;2;6;2;7;0;0;9;1;5;0;1;2;7;8;No;IT Project Manager
6;7;3;0;5;8;3;5;1;0;1;6;3;3;4;0;7;6;6;9;No;Computer Systems Analyst
2;9;7;5;8;3;7;5;6;8;5;9;6;3;3;9;5;6;0;5;No;IT Sales Professional
7;9;5;2;4;9;1;7;8;1;6;2;3;1;9;1;5;1;1;5;No;Computer Programmer
4;4;7;7;6;4;7;8;1;2;6;0;6;4;0;7;9;6;5;0;Yes;Database Administrator
3;4;8;7;1;1;5;2;0;0;5;3;2;5;7;0;5;3;7;9;Yes;Computer Science Teacher
5;6;3;6;3;8;9;9;0;5;6;1;0;9;3;2;0;8;4;4;Yes;Quality Assurance Engineer
2;1;4;9;9;7;7;5;5;2;8;5;2;6;4;0;8;0;8;4;No;Artificial Intelligence Engineer
3;1;3;4;4;3;7;7;0;7;4;4;8;5;9;3;9;3;1;8;Yes;Computer and Information Research Scientist
3;4;5;3;8;5;2;2;3;4;6;8;7;3;8;1;9;2;3;4;Yes;IT Support Specialist
1;0;4;6;9;1;1;3;2;1;1;4;9;7;2;1;0;7;1;5;Yes;Technical Writer
7;0;9;7;3;0;8;6;8;6;3;5;5;5;1;8;5;5;6;2;Yes;Computer Systems Analyst
1;9;6;7;7;0;1;3;7;6;9;2;0;2;6;3;0;7;2;6;No;Cloud Architect
8;5;2;7;0;4;2;1;7;3;0;1;1;4;0;4;1;1;1;0;No;Computer and Information Systems Manager
6;5;1;3;0;5;5;9;7;6;3;8;1;8;9;7;2;2;4;5;Yes;Technical Support Engineer
5;5;3;8;9;2;7;3;7;4;3;5;0;5;5;1;4;4;8;5;Yes;IT Support Specialist
5;2;4;6;9;8;8;5;6;8;4;6;5;5;5;7;1;8;4;6;Yes;Database Administrator
9;0;7;0;0;7;7;5;7;2;8;9;4;2;1;6;0;0;3;9;No;Computer Network Architect
5;3;2;5;6;0;1;5;7;5;5;9;2;3;3;4;7;3;7;9;Yes;Computer Network Architect
3;7;6;7;9;4;6;2;0;0;1;1;8;0;5;0;6;8;5;0;Yes;IT Consultant
8;6;4;1;3;6;7;0;6;8;6;1;1;0;1;2;5;8;3;4;Yes;Technical Writer
2;6;8;4;6;5;6;5;4;4;3;5;9;4;2;6;2;7;1;4;No;Software Engineer
4;6;6;8;5;8;9;9;3;7;2;6;2;7;6;4;6;5;2;8;Yes;Cybersecurity Analyst
7;7;7;9;2;8;4;9;0;3;9;1;1;5;9;3;7;9;3;5;No;Network Engineer
9;8;7;3;7;1;7;6;9;9;0;3;3;9;1;2;0;7;9;2;Yes;Software Developer
0;2;3;8;2;6;0;4;4;4;8;0;3;8;7;6;9;8;1;6;Yes;Network Engineer
5;2;8;6;8;5;8;1;2;2;7;4;4;4;7;1;2;8;9;7;Yes;Computer and Information Systems Manager
8;8;7;2;4;8;9;0;6;2;2;5;0;4;5;5;2;3;2;7;No;Mobile App Developer
1;8;0;1;3;7;3;7;3;7;7;8;9;1;2;9;4;7;9;4;No;IT Support Specialist
1;0;4;0;0;1;5;2;9;8;7;0;0;6;4;2;8;3;7;0;Yes;Software Developer
2;5;6;3;9;0;0;8;9;3;0;7;7;2;9;5;1;7;4;2;No;Software Developer
9;2;1;2;7;8;9;9;0;4;1;6;2;9;3;3;7;3;0;4;Yes;Network Engineer
4;0;8;8;2;7;3;4;2;3;4;7;8;8;1;9;8;1;9;3;No;Computer and Information Systems Manager
9;6;5;7;7;2;4;1;9;3;6;5;1;3;8;8;3;0;7;8;No;IT Support Specialist
9;1;6;3;3;4;5;3;8;5;7;9;9;0;7;2;5;3;8;5;Yes;Back End Developer
9;8;7;3;4;3;6;5;4;0;6;6;3;0;3;1;3;8;6;4;Yes;Software Developer
6;0;1;8;3;3;0;7;8;8;8;7;4;0;2;1;3;0;8;1;Yes;Software Engineer
6;9;3;1;6;2;2;6;9;9;7;6;2;9;1;8;6;1;8;3;No;DevOps Engineer
1;9;8;4;3;7;4;8;9;5;2;2;4;2;1;0;0;5;1;8;No;Blockchain Developer
2;5;3;0;8;5;0;5;5;7;1;5;5;9;3;5;6;8;1;8;Yes;Database Administrator
5;1;2;7;7;1;8;1;7;0;6;0;5;2;8;9;3;9;8;6;No;Quality Assurance Engineer
1;8;5;8;7;8;1;6;2;0;6;2;5;3;3;2;6;2;5;4;Yes;IT Support Specialist
7;1;6;4;4;3;5;1;0;6;5;5;7;4;8;9;5;1;8;9;Yes;Computer Science Teacher
8;6;7;9;3;2;6;7;4;3;2;6;2;5;3;0;2;2;1;6;Yes;Front End Developer
1;0;1;5;5;0;2;7;7;1;2;5;4;1;4;4;9;7;0;0;Yes;Full Stack Developer
9;0;8;1;6;6;0;0;4;9;1;7;4;8;0;5;0;4;2;0;No;UI/UX Designer
9;5;2;7;5;1;3;6;5;0;9;3;0;4;9;7;9;1;1;2;Yes;Artificial Intelligence Engineer
7;5;3;5;2;7;4;3;9;4;3;5;3;8;5;7;4;7;0;9;No;Systems Analyst
7;3;7;5;1;0;7;6;0;2;2;9;0;3;3;3;6;8;4;8;No;IT Support Specialist
9;5;9;0;6;3;0;5;3;8;3;9;6;2;2;1;7;6;4;8;Yes;Software Tester
7;5;0;7;0;7;7;3;8;6;9;2;7;9;2;3;6;8;8;7;Yes;Cloud Architect
8;6;9;7;3;9;5;2;0;4;0;3;8;2;1;3;0;9;7;5;No;Web Developer
4;1;6;0;7;5;3;1;7;2;4;6;4;2;4;6;8;5;4;7;No;Business Intelligence Analyst
9;4;4;0;0;4;1;6;7;2;7;9;1;6;3;3;0;4;3;6;Yes;Blockchain Developer
9;5;5;5;1;0;6;4;7;3;0;4;7;1;6;9;1;7;7;6;Yes;Machine Learning Engineer
2;9;5;8;2;7;3;7;2;2;7;3;4;2;9;9;1;1;3;2;No;Embedded Systems Engineer
1;5;6;4;6;0;4;6;6;7;3;8;1;8;9;3;8;5;4;0;No;Computer Science Teacher
3;7;1;8;9;5;3;9;4;4;6;5;9;9;3;8;0;8;2;5;No;Embedded Systems Engineer
1;5;9;6;0;6;3;5;2;3;5;5;6;4;4;5;6;9;7;4;No;Data Scientist
2;1;1;8;0;9;6;3;3;9;2;7;3;5;0;0;3;9;1;8;Yes;Blockchain Developer
1;0;9;6;8;3;5;7;1;0;7;0;8;7;2;5;7;6;1;4;Yes;Digital Marketing Specialist
7;2;0;0;9;9;5;6;6;7;4;8;4;8;0;8;2;2;7;4;No;Computer Hardware Engineer
3;4;4;8;3;8;1;8;3;9;2;9;1;6;8;7;6;3;8;9;Yes;Digital Marketing Specialist
7;9;7;2;0;7;3;6;2;7;2;0;7;4;7;5;8;1;2;2;Yes;Computer Programmer
8;0;3;8;7;2;8;7;4;2;9;5;3;4;7;3;0;5;4;0;Yes;Artificial Intelligence Engineer
1;2;9;5;3;2;4;5;9;1;9;9;3;1;6;6;0;3;0;6;Yes;Artificial Intelligence Engineer
3;0;9;0;8;9;0;3;8;5;1;4;7;5;7;8;0;9;0;7;No;Data Scientist
1;5;7;4;3;1;6;3;9;2;1;4;4;1;5;6;8;8;3;6;No;Technical Support Engineer
0;0;2;5;3;2;0;4;2;9;8;7;4;9;6;3;4;3;2;8;No;Digital Marketing Specialist
7;6;0;4;4;5;7;7;9;9;7;2;5;3;4;7;0;6;1;0;Yes;Network Engineer
4;5;9;4;2;1;7;9;8;2;6;7;9;8;7;7;8;0;5;9;Yes;Software Tester
7;8;6;6;1;4;5;3;4;6;7;2;5;3;4;6;1;6;0;7;No;IT Sales Professional
5;6;6;5;5;5;0;3;1;5;0;8;3;9;1;3;7;6;3;4;Yes;Software Developer
9;1;0;4;2;9;0;8;1;6;9;9;9;2;5;7;6;0;6;6;No;Research Scientist
8;3;1;4;9;9;2;8;1;4;2;5;6;4;7;4;9;6;0;6;No;Computer and Information Systems Manager
0;0;7;1;0;0;7;2;4;9;9;0;6;3;9;2;6;6;5;8;No;Technical Support Engineer
7;2;8;3;8;8;0;2;7;8;8;1;0;0;3;8;1;4;5;2;No;Data Scientist
3;1;9;3;5;1;1;2;8;7;9;2;9;1;8;7;1;5;3;3;No;Quality Assurance Engineer
0;3;5;4;0;6;3;8;5;1;3;2;7;2;7;0;2;1;0;2;No;Computer Programmer
1;2;7;9;7;2;9;7;8;2;4;3;7;2;6;0;1;1;4;3;Yes;Computer Systems Analyst
7;0;1;7;1;3;0;5;1;8;6;9;3;1;1;2;5;6;5;2;No;Computer and Information Systems Manager
8;7;8;3;2;1;0;6;8;3;9;9;8;6;0;7;2;4;9;7;Yes;IT Project Manager
0;0;8;9;9;9;8;4;9;1;3;5;5;6;1;6;4;0;8;6;Yes;Computer and Information Research Scientist
1;9;9;2;2;1;7;5;1;4;0;4;8;2;0;2;6;2;0;4;Yes;Quality Assurance Engineer
9;7;9;9;5;5;3;8;4;3;9;0;1;1;6;5;9;6;4;6;Yes;Computer and Information Systems Manager
5;8;5;9;4;8;7;0;9;2;4;1;1;9;0;0;2;1;4;7;Yes;Computer Hardware Engineer
8;5;9;6;8;5;0;1;8;2;2;3;9;9;0;5;7;4;6;7;Yes;Computer Network Architect
3;6;1;3;7;1;0;8;4;5;1;1;9;5;7;5;6;4;1;8;No;Front End Developer
2;6;9;9;4;8;6;5;8;0;6;7;6;3;1;3;7;1;4;8;Yes;Cloud Architect
4;3;7;2;9;0;8;3;2;2;9;5;1;9;0;0;8;2;6;8;Yes;Computer and Information Research Scientist
7;5;5;1;3;4;1;0;8;2;2;4;2;8;9;3;5;1;8;5;Yes;Business Intelligence Analyst
0;9;6;4;6;5;8;1;3;8;1;0;6;7;4;9;4;9;4;7;No;Computer Systems Manager
2;4;8;6;4;6;6;5;3;5;6;3;1;5;3;8;8;9;8;1;Yes;UI/UX Designer
3;5;6;0;6;0;9;5;0;8;4;3;3;2;1;3;0;0;9;5;Yes;Game Developer
8;0;8;7;1;3;0;2;5;6;9;1;4;3;2;5;4;4;4;0;No;Database Administrator
5;1;0;2;3;0;0;5;9;7;4;6;3;8;9;8;4;3;1;7;No;Systems Analyst
3;8;5;9;0;3;0;1;5;5;7;6;8;4;9;3;0;3;1;2;Yes;Computer Systems Analyst
5;5;8;1;2;0;1;8;4;6;0;0;0;1;4;6;4;0;2;0;No;IT Sales Professional
9;8;3;3;9;7;6;7;7;9;7;5;4;5;1;6;4;2;0;0;Yes;Computer and Information Systems Manager
4;8;5;1;4;5;7;0;0;6;1;7;2;2;7;8;8;6;4;0;No;Blockchain Developer
1;6;9;6;5;3;1;2;5;8;9;3;4;6;7;1;0;8;5;4;Yes;Data Scientist
2;7;6;1;2;2;2;6;6;1;9;6;5;6;8;9;6;1;8;1;Yes;Software Engineer
0;0;3;1;6;6;0;7;8;7;6;0;9;9;1;9;2;4;7;6;Yes;Systems Analyst
0;2;8;6;0;6;7;7;8;2;9;0;0;2;3;3;6;7;6;1;Yes;Machine Learning Engineer
3;6;9;1;2;2;9;3;0;3;3;1;5;5;4;5;8;2;1;7;Yes;Software Tester
8;3;5;6;3;9;9;4;2;9;2;1;1;5;5;4;6;3;5;2;No;Game Developer
7;4;5;4;4;9;9;2;5;5;7;2;0;1;9;3;4;1;2;5;Yes;Digital Marketing Specialist
3;6;1;2;5;0;2;2;0;1;0;2;5;7;7;7;0;6;7;8;Yes;Research Scientist
9;0;6;4;0;1;7;0;9;1;2;2;6;4;2;4;6;1;8;7;No;Software Engineer
0;0;4;5;5;9;5;0;4;1;2;1;8;8;6;0;5;8;8;7;No;Computer Programmer
1;5;6;1;9;2;8;9;3;6;1;8;5;4;9;5;8;2;9;9;No;Machine Learning Engineer
3;3;7;7;6;1;1;1;4;2;3;3;9;7;7;6;7;4;0;8;Yes;Computer and Information Systems Manager
3;4;2;4;7;3;2;8;3;5;4;4;2;0;2;0;7;2;3;4;Yes;Software Engineer
1;0;8;8;5;5;1;5;0;5;3;1;0;8;0;8;8;0;8;6;Yes;Business Intelligence Analyst
7;8;2;0;0;8;2;3;7;0;1;3;7;1;5;4;3;5;9;4;Yes;Full Stack Developer
8;9;0;9;6;1;7;4;2;6;3;1;6;1;3;5;1;8;0;5;No;Front End Developer
8;7;7;6;0;6;2;5;4;7;6;3;8;4;1;0;0;2;8;0;No;DevOps Engineer
4;4;5;3;7;7;5;6;5;9;9;5;6;1;5;3;6;7;0;5;Yes;UI/UX Designer
1;9;7;8;4;1;9;3;1;6;3;8;3;8;3;6;3;8;3;8;Yes;Game Developer
7;9;5;9;7;1;2;4;2;5;5;2;1;1;6;8;2;4;4;7;Yes;Computer Systems Analyst
1;1;0;0;0;8;4;6;0;8;3;4;8;4;2;0;5;0;1;2;Yes;Database Administrator
0;4;6;4;3;1;1;5;7;5;3;7;0;9;5;4;4;4;2;2;No;Network Administrator
6;9;5;0;7;0;9;8;6;1;0;6;5;6;4;0;6;7;7;4;Yes;Front End Developer
2;2;4;0;9;5;1;7;4;5;6;8;3;6;3;9;0;2;6;1;Yes;Artificial Intelligence Engineer
1;2;3;5;9;3;5;9;6;2;0;3;0;1;9;5;7;7;1;8;No;Embedded Systems Engineer
1;1;9;4;7;1;2;8;1;4;3;9;1;2;1;2;4;3;4;7;No;Back End Developer
5;7;7;7;7;9;8;5;6;0;0;8;7;8;3;0;1;8;2;3;Yes;Database Administrator
2;7;6;8;5;8;0;7;1;8;6;7;1;8;9;2;8;3;5;2;No;Mobile App Developer
7;8;3;3;1;4;4;2;7;7;9;8;8;0;9;4;3;5;7;4;No;Computer Hardware Engineer
2;8;4;5;9;9;7;1;7;1;6;5;2;7;3;9;8;9;8;8;No;Computer and Information Research Scientist
8;8;2;9;5;4;7;2;0;1;5;3;4;2;8;4;0;3;5;0;Yes;Quality Assurance Engineer
4;5;9;1;8;9;0;2;8;7;6;7;9;0;6;7;4;0;8;8;Yes;Software Developer
2;9;7;1;0;0;4;4;9;4;8;4;5;5;7;5;2;7;8;6;Yes;Network Engineer
7;7;3;5;8;8;6;7;2;5;1;5;4;5;9;7;2;2;3;7;No;IT Consultant
4;8;0;5;6;1;2;8;5;4;2;3;8;3;3;4;0;3;4;2;Yes;Computer Systems Manager
5;3;3;5;8;4;1;7;6;2;8;6;5;1;4;2;0;1;0;0;No;Software Tester
7;9;2;5;2;9;7;3;3;6;7;9;7;8;6;4;3;8;8;5;No;Cybersecurity Analyst
6;8;8;9;2;7;2;1;3;2;5;7;7;6;1;0;5;1;1;8;No;Web Developer
3;8;0;0;2;2;6;8;4;5;2;2;0;9;8;7;8;4;5;6;Yes;Computer Programmer
9;6;6;6;0;9;5;7;7;0;6;5;5;4;2;1;9;6;3;3;No;IT Project Manager
9;3;6;8;0;7;8;9;2;5;4;3;6;5;5;9;6;7;5;2;Yes;Front End Developer
7;1;7;6;2;1;7;5;5;0;3;6;9;8;1;5;0;3;6;9;No;Computer Science Teacher
6;2;2;9;0;6;9;0;3;0;2;5;1;2;7;7;0;2;6;8;Yes;UI/UX Designer
5;8;8;9;9;9;2;6;7;4;4;5;3;7;3;6;0;1;9;5;No;IT Sales Professional
3;1;1;5;2;4;8;8;3;5;8;9;9;6;4;4;1;7;0;5;No;Computer Network Architect
5;0;1;5;7;6;4;4;1;5;6;5;8;8;6;6;9;7;4;5;No;Database Administrator
3;8;6;1;1;3;9;6;9;0;9;7;4;5;8;9;1;6;0;9;No;UI/UX Designer
4;6;5;8;0;1;0;3;1;5;9;6;1;1;8;0;1;1;0;2;Yes;Back End Developer
5;4;9;6;5;9;4;4;3;6;3;1;1;5;8;7;8;6;4;4;No;IT Sales Professional
8;4;4;0;1;6;0;9;4;4;1;7;9;9;2;1;7;2;4;9;Yes;Computer and Information Systems Manager
4;9;7;3;9;1;5;5;1;7;8;9;2;3;5;0;8;9;8;6;Yes;Back End Developer
1;3;8;5;5;7;2;6;5;3;4;6;3;1;9;1;7;1;6;9;No;Computer Hardware Engineer
7;6;1;8;8;2;5;3;7;1;3;1;1;6;6;1;3;7;5;7;No;Full Stack Developer
8;1;2;6;7;1;9;4;6;1;6;9;9;3;6;7;8;6;0;1;Yes;Front End Developer
8;6;0;8;1;5;4;3;5;0;4;4;4;7;6;6;1;1;8;5;No;Research Scientist
6;1;7;3;4;1;0;2;9;9;4;3;2;2;2;3;8;4;4;5;No;Front End Developer
3;5;4;8;1;4;5;0;5;7;4;5;2;9;9;7;3;6;1;6;No;Network Engineer
5;0;7;5;1;0;9;5;4;3;3;8;7;5;0;3;4;4;7;1;No;Front End Developer
4;9;0;9;0;9;6;6;7;5;5;1;4;2;6;4;9;7;7;2;No;Quality Assurance Engineer
0;9;2;2;4;9;6;2;4;4;2;9;3;5;5;7;3;2;3;8;Yes;Machine Learning Engineer
5;4;8;9;5;0;9;2;2;6;3;4;1;9;0;4;9;9;3;2;Yes;IT Project Manager
7;5;2;3;0;6;2;4;5;2;0;2;3;1;8;0;1;0;0;5;Yes;Computer Hardware Engineer
8;7;5;2;6;7;9;8;8;0;0;0;7;1;2;8;6;2;3;5;Yes;Computer Programmer
9;1;1;5;0;0;5;2;7;9;5;0;6;6;8;5;6;2;6;6;No;Research Scientist
2;8;2;3;3;3;0;8;1;3;7;8;9;2;4;2;6;4;8;4;Yes;Web Developer
3;3;5;8;2;8;7;1;7;7;8;7;4;7;3;5;3;2;9;3;Yes;IT Consultant
1;0;0;3;9;7;6;9;4;0;4;2;1;2;3;9;8;7;8;5;No;Computer Hardware Engineer
3;1;6;6;4;6;1;9;2;8;2;6;5;6;3;6;1;3;9;3;Yes;Computer Programmer
4;0;2;5;1;7;6;8;2;5;4;2;6;0;7;8;3;9;0;0;No;IT Sales Professional
3;0;9;9;4;2;9;6;5;3;1;9;0;0;1;7;2;8;7;3;Yes;Research Scientist
6;1;3;8;2;6;0;0;8;2;0;6;0;2;7;6;0;8;6;1;No;Computer and Information Systems Manager
3;2;2;5;1;9;9;9;5;4;2;3;8;0;2;1;2;7;9;3;Yes;Software Tester
4;2;0;0;6;0;7;2;4;2;6;5;5;4;9;2;6;4;1;9;No;Network Administrator
0;1;5;8;0;7;8;2;5;7;0;1;4;0;6;2;5;5;5;5;No;Software Developer
2;2;3;0;6;0;7;9;5;2;0;4;0;4;2;7;5;6;2;6;Yes;Front End Developer
1;4;5;7;8;4;1;8;5;3;1;4;0;1;4;7;6;6;1;6;No;Artificial Intelligence Engineer
8;1;1;6;1;1;0;7;5;5;6;7;0;7;2;7;0;0;0;7;Yes;Computer Systems Analyst
9;4;2;2;3;4;5;0;6;5;7;7;9;3;0;2;4;1;3;5;Yes;Research Scientist
8;9;2;2;4;4;9;1;0;1;2;1;9;6;1;8;5;5;9;5;No;Computer and Information Research Scientist
4;1;0;0;4;3;2;5;6;8;1;3;3;6;0;5;6;3;2;4;No;Computer Systems Analyst
3;2;9;6;8;3;2;2;7;4;5;8;7;9;4;6;7;2;9;0;No;Game Developer
9;6;2;5;2;0;0;9;4;1;5;4;4;8;6;7;0;0;5;6;Yes;Technical Support Engineer
2;7;8;7;7;0;0;9;2;8;2;9;1;5;9;8;6;6;8;9;No;Blockchain Developer
9;7;5;0;4;2;7;7;5;8;8;8;8;9;2;9;8;4;4;2;No;IT Project Manager
9;5;7;0;8;7;2;8;2;3;7;3;5;2;3;1;5;5;4;9;No;UI/UX Designer
1;0;4;2;0;9;3;9;3;4;0;7;5;6;0;9;8;5;8;4;No;Full Stack Developer
3;6;1;2;2;7;8;8;4;4;2;8;9;0;0;8;8;7;9;8;Yes;Quality Assurance Engineer
4;6;6;3;6;3;2;3;3;0;2;4;2;0;8;3;6;6;8;4;Yes;Mobile App Developer
1;4;7;8;0;9;6;7;5;5;2;6;6;5;6;4;9;6;1;8;Yes;Digital Marketing Specialist
5;0;8;3;8;7;7;6;4;4;6;5;1;1;9;5;7;7;3;6;No;Research Scientist
6;9;3;0;3;5;8;3;0;8;2;8;5;4;4;2;3;1;2;6;Yes;Computer Systems Analyst
3;8;7;3;2;9;0;8;6;0;0;9;6;9;4;0;8;7;1;8;Yes;Web Developer
7;2;4;3;5;6;7;4;4;0;6;0;8;5;8;5;4;5;2;3;Yes;Computer and Information Research Scientist
5;9;4;9;2;9;0;5;8;4;1;1;6;4;9;1;9;2;4;9;No;Artificial Intelligence Engineer
5;4;3;1;0;9;1;4;2;8;4;6;2;8;6;0;0;0;6;1;No;Computer Hardware Engineer
0;1;6;4;8;0;8;8;9;2;9;3;5;8;3;6;6;8;8;0;No;Data Scientist
4;1;6;6;4;4;8;6;1;2;2;9;7;6;4;0;9;0;9;8;No;Software Tester
6;4;5;0;7;1;5;4;9;2;4;7;9;4;6;4;6;6;4;4;Yes;Software Developer
6;2;5;9;9;6;3;0;6;3;5;8;6;2;0;3;4;1;1;9;No;Digital Marketing Specialist
9;9;4;6;6;5;6;5;4;0;5;9;2;4;3;7;7;1;1;9;Yes;Software Engineer
1;6;6;2;7;0;7;7;5;0;5;5;4;8;9;5;8;8;5;7;No;Business Intelligence Analyst
4;1;2;9;0;3;4;5;0;3;2;7;3;6;0;6;7;3;8;1;No;IT Sales Professional
7;8;6;5;9;6;8;9;1;4;4;8;4;9;3;1;1;5;0;9;No;DevOps Engineer
8;8;9;9;2;8;9;2;5;4;6;4;7;7;6;4;4;9;9;7;No;Game Developer
8;7;8;3;2;5;0;6;6;1;5;8;2;0;0;3;3;0;1;7;No;Software Developer
1;3;5;1;2;3;0;8;5;7;9;8;9;9;8;0;1;2;9;5;No;Blockchain Developer
0;1;4;7;5;5;3;9;9;9;2;8;1;6;1;7;2;5;3;4;Yes;IT Project Manager
0;5;5;5;0;8;4;3;0;3;2;4;6;0;8;9;8;2;1;2;No;Data Scientist
0;9;7;6;9;8;9;0;8;5;6;0;6;5;3;9;3;1;7;8;Yes;Technical Writer
7;7;1;5;3;2;4;8;4;0;2;0;0;6;4;6;0;0;1;1;Yes;Computer Hardware Engineer
1;2;1;6;8;6;5;1;3;9;2;6;1;6;3;1;2;9;0;2;Yes;Computer Systems Manager
2;4;9;2;0;2;2;1;7;9;9;4;6;7;2;2;7;6;9;4;No;Back End Developer
1;3;7;5;6;1;5;3;2;9;3;5;0;0;3;4;8;1;0;8;Yes;Cloud Architect
1;6;7;8;9;5;3;8;1;7;2;5;9;0;4;7;1;3;3;9;Yes;IT Project Manager
9;9;3;8;0;4;7;2;2;1;0;8;0;6;9;5;0;2;2;7;No;Network Engineer
6;2;0;8;2;6;8;4;8;1;0;0;8;1;2;7;2;7;1;0;No;Computer Hardware Engineer
8;7;3;8;5;8;9;7;5;4;1;6;7;1;3;6;9;7;4;6;Yes;Software Engineer
7;6;1;9;3;9;8;5;1;5;8;1;0;0;3;4;9;6;1;3;Yes;Software Developer
1;6;9;4;0;0;7;1;7;6;7;1;5;7;3;2;2;7;1;7;Yes;IT Sales Professional
0;4;9;9;3;3;1;9;7;0;9;3;1;2;5;2;9;6;2;8;Yes;Artificial Intelligence Engineer
6;1;1;1;1;2;8;3;4;1;1;6;4;4;2;6;2;4;2;5;No;Data Scientist
5;3;6;3;9;8;2;0;9;6;1;8;0;9;5;0;8;1;4;1;No;IT Project Manager
9;1;1;4;1;9;5;3;9;0;8;3;0;9;1;5;2;1;0;9;No;Quality Assurance Engineer
6;9;2;0;6;8;4;6;3;5;6;7;2;1;0;5;2;1;7;0;Yes;Technical Support Engineer
2;7;9;6;4;4;2;8;5;3;1;1;8;1;1;7;8;3;8;2;Yes;Blockchain Developer
8;0;8;3;6;8;8;4;2;6;8;0;4;1;4;0;5;1;7;5;No;DevOps Engineer
0;8;9;1;0;0;2;1;0;2;5;1;8;7;8;8;7;3;3;3;Yes;Computer Systems Analyst
7;4;6;2;9;7;0;8;7;8;9;5;2;0;8;2;7;1;4;7;No;Software Tester
3;6;2;0;8;6;4;3;7;5;9;6;0;2;2;2;0;6;8;7;Yes;IT Consultant
1;7;9;7;8;0;1;5;0;5;1;8;4;3;9;3;8;7;9;5;Yes;Embedded Systems Engineer
7;5;6;0;8;2;2;9;9;9;7;2;4;9;2;8;0;6;3;0;No;Technical Support Engineer
4;3;2;4;3;0;9;1;9;4;8;4;3;9;4;3;8;8;9;0;No;Digital Marketing Specialist
8;5;3;8;8;3;1;3;0;6;8;1;8;2;6;1;2;2;5;9;Yes;Back End Developer
3;3;8;2;4;1;5;4;9;4;5;7;7;2;8;2;4;0;8;7;Yes;IT Consultant
8;7;8;7;7;3;1;8;5;4;0;0;8;0;1;0;3;8;9;1;Yes;Computer Network Architect
0;8;7;4;3;0;4;5;6;4;0;1;8;2;8;0;2;8;3;8;No;IT Project Manager
0;4;3;4;6;0;4;3;2;3;0;8;3;8;7;4;6;6;3;4;No;Technical Writer
7;0;5;9;2;7;0;5;6;7;9;8;1;5;0;1;0;1;0;3;Yes;Full Stack Developer
1;1;8;2;9;0;1;2;8;1;6;2;0;1;3;4;7;3;4;6;No;IT Consultant
0;3;8;0;0;2;9;7;7;3;3;8;1;7;2;3;9;6;3;2;No;Game Developer
5;2;4;4;8;3;8;0;4;4;5;8;5;1;0;9;5;0;6;2;Yes;Technical Support Engineer
6;2;6;1;8;7;2;4;7;3;7;9;4;0;8;0;4;6;0;7;Yes;Cybersecurity Analyst
5;2;3;8;3;9;0;0;7;4;5;1;4;4;9;2;2;3;1;1;No;Back End Developer
1;3;0;7;9;8;0;1;3;8;0;5;6;8;9;4;4;1;3;6;No;Digital Marketing Specialist
8;9;4;2;4;8;9;3;9;7;4;7;2;0;5;0;6;6;8;0;No;Game Developer
2;4;1;4;1;3;7;4;8;7;1;9;8;3;9;6;5;4;0;5;No;Quality Assurance Engineer
8;5;5;8;4;4;7;5;8;8;1;2;1;2;4;9;1;1;7;0;No;Blockchain Developer
0;1;1;0;8;4;6;3;4;2;1;0;4;2;4;5;3;7;6;2;No;Back End Developer
4;4;7;6;2;5;5;3;7;4;3;0;7;2;0;2;7;4;7;9;Yes;Back End Developer
7;8;8;2;8;6;3;9;0;0;5;6;9;5;5;6;0;2;2;0;Yes;Computer Systems Manager
4;3;2;0;8;7;1;3;7;0;3;1;5;0;2;8;4;2;0;7;No;Data Scientist
5;2;7;4;2;4;0;5;0;6;0;1;4;4;9;8;3;2;3;8;No;Computer and Information Research Scientist
2;5;4;8;8;6;5;8;9;8;4;9;5;3;4;3;4;1;0;2;Yes;Embedded Systems Engineer
9;9;9;4;8;9;4;6;0;5;8;4;3;0;4;7;1;5;4;8;Yes;Computer and Information Systems Manager
0;9;6;0;3;1;6;1;0;7;9;3;2;5;7;3;8;9;1;7;Yes;Digital Marketing Specialist
6;5;2;1;5;9;2;9;5;4;7;4;4;2;2;9;2;8;2;9;Yes;Digital Marketing Specialist
5;4;2;1;5;0;6;9;2;4;8;8;6;1;0;1;6;3;2;4;Yes;Blockchain Developer
4;3;8;9;1;3;3;6;5;5;1;9;8;3;5;7;1;5;0;3;No;Embedded Systems Engineer
5;4;0;1;6;7;8;4;2;1;6;7;8;5;3;3;1;6;1;9;Yes;Artificial Intelligence Engineer
3;0;9;3;4;5;2;1;6;3;8;2;3;9;5;6;6;2;2;8;Yes;Computer Network Architect
2;8;9;0;7;2;1;2;0;6;8;2;9;0;2;6;8;2;1;7;No;Mobile App Developer
7;5;4;1;2;3;5;6;3;3;2;6;5;7;1;7;1;6;6;7;No;Technical Writer
3;7;0;5;0;8;0;1;7;3;9;2;2;7;5;0;3;2;7;9;No;Front End Developer
6;9;3;2;6;1;5;6;2;2;0;7;0;3;4;3;0;3;4;6;No;Game Developer
7;3;3;1;9;4;0;5;1;3;1;6;4;3;4;8;0;3;2;3;No;Computer Science Teacher
2;4;9;3;4;2;6;9;8;6;2;9;8;0;5;3;6;1;2;4;No;Software Developer
7;2;9;0;9;2;4;0;7;3;7;1;6;5;8;1;8;3;4;7;No;Mobile App Developer
5;2;4;2;7;9;8;0;6;6;3;9;2;9;8;1;8;3;7;0;No;Computer Programmer
1;6;7;5;3;6;1;1;8;9;9;0;8;9;0;3;4;4;4;6;No;DevOps Engineer
2;3;3;3;0;1;6;8;7;7;9;5;8;0;6;1;9;9;0;5;Yes;Computer and Information Systems Manager
2;5;0;5;6;7;3;3;4;6;0;6;1;7;5;1;5;2;7;8;Yes;Business Intelligence Analyst
8;1;8;1;1;3;0;7;1;8;4;7;8;6;4;7;0;0;1;4;No;IT Sales Professional
9;0;4;8;9;0;3;7;9;7;4;7;8;8;9;8;0;8;2;2;No;Cloud Architect
5;7;3;8;9;7;5;8;4;4;7;9;3;0;6;8;6;6;5;8;No;Technical Writer
6;4;8;7;6;0;8;1;4;1;7;6;5;1;6;9;3;2;9;4;Yes;Artificial Intelligence Engineer
7;3;5;5;7;1;5;4;7;5;6;0;3;7;1;0;7;7;9;8;No;Game Developer
9;2;6;2;3;6;2;4;2;7;9;7;1;6;5;3;6;3;9;7;No;Computer and Information Research Scientist
7;2;6;1;8;1;2;6;7;0;8;7;6;1;9;3;9;9;1;1;No;Computer Network Architect
1;2;0;2;9;2;0;8;9;9;6;9;2;1;7;5;6;9;1;8;Yes;Network Engineer
9;8;3;0;1;4;6;0;9;7;2;4;1;7;2;3;7;6;2;0;Yes;Machine Learning Engineer
2;1;9;6;5;5;7;6;5;9;1;4;3;7;3;7;5;2;1;4;No;Artificial Intelligence Engineer
4;1;8;5;7;7;1;0;7;1;7;1;9;5;7;2;0;1;2;0;No;Full Stack Developer
6;1;7;2;3;3;7;9;5;3;9;6;2;6;2;4;2;5;8;1;No;Artificial Intelligence Engineer
5;0;1;8;9;6;8;7;9;9;9;8;6;0;7;4;9;7;1;6;No;Back End Developer
8;7;5;8;7;3;7;3;0;3;2;8;3;8;8;6;2;6;6;7;No;DevOps Engineer
3;0;9;8;5;1;3;6;5;2;1;9;8;6;4;0;3;7;7;0;No;Digital Marketing Specialist
5;4;0;7;0;3;8;4;2;3;0;2;8;4;9;0;2;8;8;8;Yes;Software Developer
3;2;5;7;9;1;6;6;2;0;5;6;9;4;8;8;1;1;2;7;Yes;Back End Developer
9;5;1;3;0;6;1;4;4;1;2;9;6;9;0;7;6;7;0;0;No;Computer Systems Analyst
1;2;8;7;1;8;6;4;8;1;5;9;8;6;2;1;5;2;1;8;No;Software Developer
6;8;6;5;0;1;1;4;3;2;4;7;1;4;5;3;6;1;8;6;Yes;Database Administrator
6;3;5;6;3;6;9;0;2;9;5;1;4;7;4;6;1;6;3;4;Yes;UI/UX Designer
6;2;5;4;7;4;8;6;0;2;1;2;0;1;6;8;8;5;8;3;Yes;Technical Writer
6;6;2;4;2;9;0;7;9;7;2;7;3;5;7;3;0;9;2;7;No;Computer Programmer
9;8;3;7;2;8;4;2;4;6;6;0;2;0;4;4;4;3;4;8;No;Artificial Intelligence Engineer
7;7;2;7;0;9;8;2;8;8;4;0;5;9;7;8;6;0;4;6;Yes;Cloud Architect
5;9;6;6;0;5;2;6;9;7;1;5;4;9;2;3;8;1;7;5;Yes;Data Scientist
0;4;7;9;2;8;4;8;4;0;0;1;3;9;2;1;3;7;9;0;No;Embedded Systems Engineer
5;6;8;1;8;0;7;1;7;5;4;8;4;2;9;8;9;5;1;3;No;Technical Support Engineer
1;6;1;3;1;9;5;0;7;5;2;7;2;4;3;6;5;4;8;7;Yes;IT Support Specialist
5;3;6;1;8;7;1;0;1;5;2;2;5;4;8;8;5;7;8;8;Yes;IT Sales Professional
2;8;5;9;7;5;6;3;9;2;5;0;4;5;9;1;3;9;5;4;No;Machine Learning Engineer
5;2;0;1;1;0;5;2;6;4;1;9;8;6;2;8;4;3;4;2;No;Computer Science Teacher
7;3;6;9;2;3;3;3;9;6;9;9;6;8;9;2;5;9;1;2;No;Network Administrator
7;5;8;1;2;2;3;7;0;4;3;2;7;8;0;6;1;6;1;0;No;Blockchain Developer
0;9;0;8;5;8;2;9;7;4;4;7;8;1;3;1;5;1;1;8;Yes;Embedded Systems Engineer
6;9;9;4;4;7;4;1;2;1;2;3;5;0;2;4;8;3;2;1;Yes;Web Developer
8;9;6;3;3;2;4;8;4;1;9;8;5;5;4;3;6;8;0;8;No;Software Engineer
4;5;8;6;7;4;7;1;7;4;6;9;8;9;1;8;4;1;5;6;Yes;Database Administrator
3;2;1;9;7;0;9;3;3;4;3;0;1;9;6;2;0;4;2;4;No;Embedded Systems Engineer
5;2;3;4;4;5;4;2;5;3;9;3;7;7;0;7;0;6;5;1;Yes;Web Developer
4;4;7;1;4;5;6;2;3;3;2;7;1;5;0;7;7;3;1;0;Yes;Research Scientist
7;5;8;1;5;7;9;4;6;2;6;4;6;3;8;0;1;9;1;3;No;Front End Developer
9;7;4;8;4;9;2;2;5;2;2;6;3;1;2;4;6;8;1;8;Yes;Artificial Intelligence Engineer
8;4;2;6;7;8;1;6;4;1;9;3;7;2;3;9;7;8;5;6;No;Computer Hardware Engineer
5;6;6;1;3;7;5;3;3;6;4;1;8;4;7;3;5;9;2;2;Yes;Business Intelligence Analyst
7;9;6;1;3;5;9;2;1;4;4;4;0;1;1;3;7;7;3;9;No;IT Project Manager
1;9;2;4;2;2;0;7;8;7;4;7;6;9;0;5;1;9;4;4;No;Computer Programmer
8;6;9;9;1;4;7;9;4;7;5;2;8;5;9;7;4;3;1;8;Yes;Artificial Intelligence Engineer
1;1;6;3;2;7;5;9;8;7;3;0;1;6;9;9;0;1;6;0;Yes;Business Intelligence Analyst
8;7;5;6;1;8;4;3;3;2;4;0;3;4;0;7;8;6;8;7;No;Machine Learning Engineer
0;1;5;7;1;1;3;6;1;2;8;4;3;8;8;2;6;6;4;5;Yes;Software Developer
8;6;9;0;5;3;4;0;8;8;6;5;0;2;0;9;7;7;0;8;No;Web Developer
6;6;6;6;4;7;2;5;5;9;2;1;9;1;4;1;5;6;3;0;No;Computer Science Teacher
3;6;0;2;5;3;9;4;6;5;9;7;5;3;7;8;2;1;9;0;No;Systems Analyst
0;7;9;0;6;8;4;6;4;4;1;4;0;2;1;1;8;4;3;2;No;Computer Network Architect
9;4;8;0;2;3;7;6;1;9;7;0;6;1;6;7;8;1;3;5;Yes;Machine Learning Engineer
4;9;4;9;1;0;9;2;7;6;6;7;0;1;3;9;8;3;5;1;Yes;Full Stack Developer
9;5;2;8;4;0;8;2;6;4;5;3;8;6;3;8;8;2;2;6;No;IT Consultant
1;8;5;8;9;0;4;3;1;0;6;2;7;0;9;9;5;1;2;0;Yes;Technical Support Engineer
8;0;7;0;5;7;6;9;5;9;7;2;5;1;3;0;8;9;7;8;No;Systems Analyst
5;8;4;5;0;5;4;9;1;8;3;3;4;0;1;5;8;5;6;1;Yes;Computer Science Teacher
6;1;5;8;3;1;5;6;7;1;5;5;9;4;6;5;0;2;2;0;Yes;Computer Systems Analyst
1;1;7;4;1;1;3;0;3;4;6;9;5;1;7;8;4;0;3;3;Yes;Technical Writer
1;6;4;3;4;3;8;0;5;4;9;7;9;5;8;1;6;0;3;3;No;UI/UX Designer
8;6;9;2;0;0;0;6;4;9;4;9;5;1;8;3;3;5;5;1;No;Computer and Information Research Scientist
1;5;3;5;9;8;6;8;4;2;4;9;0;7;8;9;5;7;2;5;No;Mobile App Developer
2;0;9;5;4;7;9;5;5;1;6;3;9;5;6;7;1;1;3;0;No;Game Developer
8;7;4;0;4;5;1;9;7;8;2;1;6;8;1;0;1;1;9;3;Yes;IT Support Specialist
8;1;7;0;3;3;6;2;2;2;6;5;9;1;9;9;4;2;2;5;Yes;Software Tester
2;4;7;9;0;7;5;6;1;0;7;3;9;6;1;2;3;6;5;8;Yes;Software Engineer
4;3;2;4;8;7;1;0;9;7;3;1;5;8;1;8;1;4;3;4;Yes;Mobile App Developer
0;7;1;3;6;3;5;8;0;0;9;1;4;7;1;4;1;0;2;0;Yes;Computer Hardware Engineer
5;2;1;3;5;9;3;2;1;2;9;3;4;6;0;8;0;9;0;3;No;Digital Marketing Specialist
6;1;4;7;5;1;1;6;8;9;9;8;6;4;4;9;8;2;6;1;No;IT Sales Professional
8;3;6;2;2;7;0;4;0;2;2;7;1;0;5;0;7;0;8;5;No;Computer Systems Analyst
0;7;4;1;8;0;5;6;0;3;5;1;6;8;2;8;9;8;2;4;No;Data Scientist
1;5;4;3;3;0;3;0;3;7;6;8;9;4;6;4;6;7;1;6;Yes;Technical Writer
5;6;4;7;3;6;7;0;3;5;7;3;5;2;2;4;3;2;8;3;No;Cloud Architect
0;5;1;3;9;5;5;7;2;9;5;5;0;3;6;9;7;7;3;7;No;DevOps Engineer
3;1;0;0;3;3;8;7;2;1;5;7;5;5;7;6;7;2;9;5;Yes;Computer Programmer
2;6;0;5;3;4;7;0;6;8;3;7;7;6;1;3;6;7;2;7;No;Front End Developer
5;1;3;1;9;0;9;8;8;0;3;4;3;7;9;7;1;3;7;7;Yes;Systems Analyst
3;7;0;8;6;4;0;7;9;9;9;8;4;8;7;2;7;8;7;3;No;DevOps Engineer
6;9;4;4;4;7;6;3;7;1;2;0;0;5;1;4;4;2;0;1;No;Network Administrator
2;3;9;1;1;7;4;4;6;4;5;8;5;0;3;4;8;8;3;7;Yes;Research Scientist
1;8;5;2;9;5;2;0;5;6;1;7;8;2;3;5;6;3;2;1;Yes;Research Scientist
2;5;9;2;6;5;5;3;5;7;9;5;3;1;5;4;6;9;2;4;No;Blockchain Developer
9;7;2;6;6;9;0;4;6;0;9;4;4;7;4;8;7;1;1;7;No;Computer and Information Research Scientist
5;6;1;0;1;8;6;6;5;8;0;8;9;2;9;1;9;7;5;7;Yes;Data Scientist
3;6;8;1;6;9;5;1;4;4;6;4;6;9;1;3;5;2;4;6;Yes;Web Developer
5;8;0;7;4;3;1;5;5;5;8;4;6;7;3;1;1;8;0;5;No;Computer Science Teacher
4;4;1;0;7;2;0;6;1;6;0;2;2;9;8;4;4;5;9;0;Yes;Software Developer
1;2;6;4;4;3;4;2;9;6;6;0;9;7;3;1;0;6;5;0;Yes;Machine Learning Engineer
5;6;6;6;3;3;8;8;5;6;8;0;1;6;6;4;9;6;8;2;Yes;Back End Developer
7;5;3;6;2;8;6;0;1;9;2;7;0;4;4;4;5;6;9;1;No;DevOps Engineer
2;7;3;6;0;9;3;5;3;7;8;4;6;3;4;1;1;6;7;3;No;Computer and Information Research Scientist
4;8;6;9;0;6;3;3;7;9;9;5;0;2;3;4;6;6;6;4;Yes;Digital Marketing Specialist
7;7;7;4;0;8;8;6;3;0;3;9;3;9;9;5;7;6;1;8;No;IT Sales Professional
5;1;3;8;2;5;8;8;1;2;0;2;4;9;8;3;4;2;3;3;No;Game Developer
6;7;2;8;0;8;7;7;5;7;7;2;5;3;8;0;7;3;8;2;Yes;Machine Learning Engineer
7;0;2;8;2;1;0;5;9;4;7;4;6;8;1;6;1;6;4;6;Yes;Technical Writer
0;4;8;1;1;4;8;6;5;2;8;5;7;5;0;1;5;0;6;2;No;Systems Analyst
5;1;0;8;1;2;4;5;2;7;3;4;0;2;3;5;1;3;0;0;Yes;Technical Support Engineer
8;6;8;8;8;1;5;0;0;2;9;4;2;8;4;7;2;7;2;9;No;Software Tester
2;7;0;3;3;6;0;4;9;7;3;4;0;4;7;9;8;6;9;3;No;Computer and Information Research Scientist
8;4;0;8;4;8;4;7;9;9;7;0;9;3;6;7;2;6;4;1;No;Database Administrator
0;3;3;5;6;8;0;2;8;4;5;9;7;3;1;3;5;8;5;2;Yes;Quality Assurance Engineer
5;5;5;8;4;6;4;3;4;9;5;7;3;2;1;7;1;2;8;1;No;Research Scientist
7;9;1;7;2;6;1;2;2;4;9;0;7;0;1;5;1;3;8;1;Yes;Network Engineer
0;2;4;9;4;1;8;2;9;0;4;8;5;0;8;6;9;3;3;3;Yes;IT Project Manager
5;9;3;2;4;5;9;3;3;1;0;9;0;6;0;9;4;5;5;4;Yes;Database Administrator
6;7;0;8;9;6;6;1;7;3;2;9;9;7;4;9;9;3;7;6;Yes;Mobile App Developer
4;2;6;3;4;1;7;1;7;5;6;8;1;9;3;9;7;5;1;4;No;Business Intelligence Analyst
4;0;8;3;1;0;2;4;8;2;2;1;1;4;1;0;4;1;8;7;Yes;Computer Systems Analyst
9;8;3;0;1;1;9;2;8;1;7;1;1;6;1;9;1;2;5;8;Yes;Digital Marketing Specialist
4;8;3;4;4;0;6;7;1;5;5;4;8;6;3;7;5;6;8;2;No;Machine Learning Engineer
6;5;4;4;4;4;9;2;2;2;3;4;6;0;6;2;2;0;7;4;Yes;Research Scientist
4;2;2;3;0;8;0;3;1;4;3;4;1;9;0;0;9;6;9;1;Yes;IT Project Manager
9;3;1;6;4;6;4;9;8;5;3;0;7;4;7;6;9;3;5;2;No;Database Administrator
6;6;9;7;3;7;7;0;1;2;2;0;7;5;6;9;1;9;0;0;No;Computer Systems Manager
8;3;6;2;0;0;6;6;9;6;2;5;0;7;8;3;8;6;8;5;No;IT Support Specialist
9;8;4;7;4;5;4;8;7;9;2;1;3;7;8;5;3;4;0;0;No;Artificial Intelligence Engineer
7;9;4;0;6;8;6;0;9;9;6;3;6;3;9;9;3;1;0;9;No;IT Project Manager
7;2;2;9;3;7;1;5;4;3;0;1;9;9;4;9;4;2;0;6;No;Database Administrator
6;3;4;9;0;3;8;5;2;2;1;3;6;7;1;5;4;3;2;0;No;Machine Learning Engineer
6;2;7;7;7;0;3;8;7;8;7;8;2;3;1;1;9;9;4;4;Yes;Full Stack Developer
7;6;0;8;1;1;1;2;7;3;8;7;8;5;0;1;7;7;7;4;Yes;Digital Marketing Specialist
4;2;4;5;1;2;5;4;3;2;7;7;3;7;6;8;9;3;6;3;Yes;Computer Hardware Engineer
2;8;3;3;4;1;8;1;6;5;9;7;5;2;2;8;8;0;1;1;No;Database Administrator
7;1;9;8;4;3;0;1;7;6;0;4;4;7;1;5;1;4;8;4;No;Technical Writer
5;8;8;4;4;5;8;1;1;8;1;0;4;8;9;9;3;8;4;8;Yes;Embedded Systems Engineer
8;4;2;8;5;7;1;5;1;6;0;8;8;2;2;9;5;9;8;5;Yes;Cybersecurity Analyst
1;8;6;5;4;6;9;4;6;1;4;7;0;0;5;3;7;0;1;8;No;Full Stack Developer
4;6;6;4;3;4;6;1;3;6;2;3;4;9;5;3;5;4;6;4;No;IT Consultant
1;8;7;9;7;1;7;1;1;0;4;8;2;1;3;3;0;9;8;7;No;Computer Hardware Engineer
9;2;0;3;1;3;0;6;3;8;5;4;5;8;6;4;4;4;5;6;Yes;Computer Science Teacher
4;6;3;3;0;5;6;3;0;4;3;5;4;1;8;5;6;7;6;0;No;Technical Writer
4;2;3;5;5;5;8;2;8;3;9;4;2;2;8;8;1;5;4;1;No;Back End Developer
0;0;6;8;7;8;0;7;4;5;0;7;7;9;2;9;8;9;8;0;Yes;Computer Hardware Engineer
6;6;8;7;2;9;3;8;3;6;8;0;0;3;8;3;1;7;4;1;No;Database Administrator
2;7;7;6;2;3;8;1;4;2;1;3;4;5;2;6;1;0;1;2;No;Computer Systems Manager
7;7;2;4;7;4;0;4;5;0;0;8;6;3;6;7;8;0;0;1;Yes;Computer Systems Analyst
5;2;5;7;4;9;7;2;4;3;2;3;1;2;4;2;8;4;2;2;Yes;Digital Marketing Specialist
5;9;4;6;5;3;0;1;6;2;9;8;8;8;8;3;2;2;9;9;Yes;Computer and Information Research Scientist
1;1;1;4;3;0;9;4;5;6;0;6;5;8;1;2;5;4;6;1;Yes;Computer and Information Research Scientist
3;8;3;7;4;4;9;0;3;0;0;4;5;5;5;6;3;7;2;4;Yes;Web Developer
1;2;9;5;8;0;5;1;5;6;5;3;9;3;9;6;8;1;7;7;No;IT Consultant
8;2;1;3;2;4;8;0;8;7;1;2;5;8;4;2;3;5;2;3;No;Blockchain Developer
5;9;6;8;0;0;3;5;5;6;1;3;3;2;7;6;1;0;0;8;No;Web Developer
1;4;5;3;8;8;1;9;9;3;8;3;6;2;5;8;5;0;2;8;Yes;Technical Support Engineer
7;0;7;0;3;6;9;7;3;7;3;1;8;9;6;2;5;7;6;7;No;Business Intelligence Analyst
7;4;4;7;3;8;8;4;2;7;9;9;4;9;0;7;4;1;0;1;No;Research Scientist
4;8;7;5;4;5;4;8;7;9;9;6;1;9;0;5;9;6;3;7;No;Quality Assurance Engineer
3;8;1;3;9;0;9;1;4;9;0;4;2;6;9;9;7;7;5;5;Yes;Software Engineer
2;9;9;7;7;0;8;3;3;5;0;3;7;7;5;8;1;2;0;0;No;Database Administrator
2;3;3;0;7;6;1;2;0;4;0;3;9;2;3;7;9;9;1;1;Yes;Front End Developer
2;5;3;5;3;4;4;6;4;1;6;7;3;3;8;4;8;7;9;8;No;IT Project Manager
5;5;6;9;6;4;4;6;1;9;2;4;7;3;1;2;1;0;5;6;No;Full Stack Developer
0;1;7;5;3;1;0;3;1;8;5;0;9;8;6;6;7;6;5;6;No;Systems Analyst
4;9;1;8;8;5;6;4;0;0;5;7;6;0;4;2;2;0;4;1;Yes;Technical Support Engineer
0;1;3;5;2;9;1;5;4;0;2;3;7;1;3;1;3;3;9;0;No;Network Administrator
9;3;6;9;8;8;5;9;2;6;2;8;8;3;8;7;7;1;1;0;Yes;UI/UX Designer
0;9;6;0;1;2;7;5;9;6;6;1;1;7;6;3;4;2;3;5;No;Mobile App Developer
5;6;1;8;5;3;4;3;8;8;9;8;7;6;8;6;3;4;0;7;No;Mobile App Developer
6;8;3;1;2;4;7;4;6;2;1;6;9;3;2;5;9;1;8;3;Yes;Software Tester
2;2;4;4;7;2;9;7;1;9;6;4;8;5;3;5;2;6;1;0;Yes;Software Engineer
6;1;5;5;5;3;9;4;0;0;5;5;8;2;2;3;1;9;2;5;No;UI/UX Designer
1;3;9;1;4;8;9;3;1;8;9;6;4;2;8;6;3;3;8;5;No;Machine Learning Engineer
6;4;1;7;4;6;3;9;5;8;5;1;6;8;7;3;0;6;5;1;No;Mobile App Developer
3;4;5;6;1;0;3;9;6;2;8;0;8;5;9;7;6;1;0;6;No;Computer and Information Systems Manager
9;2;6;9;9;6;7;9;2;8;9;5;9;1;5;8;1;7;8;4;Yes;IT Consultant
1;8;6;5;1;2;8;9;3;2;1;9;5;5;8;4;5;4;9;6;No;Business Intelligence Analyst
1;8;9;9;3;8;1;2;5;1;9;2;3;8;6;4;4;6;6;2;Yes;IT Consultant
6;6;0;9;1;0;7;6;0;7;1;2;0;6;8;8;6;1;9;7;Yes;Computer and Information Systems Manager
1;7;6;1;6;9;6;1;8;4;9;2;6;9;2;4;7;0;5;5;Yes;Software Tester
6;5;8;6;3;9;3;0;4;6;0;2;6;6;6;9;9;6;9;3;Yes;Front End Developer
8;3;3;2;2;4;5;4;6;8;7;7;0;4;2;3;2;1;4;4;Yes;Computer and Information Research Scientist
5;7;6;2;3;3;3;8;2;6;5;1;7;3;6;5;2;0;8;0;Yes;Machine Learning Engineer
9;3;9;3;2;3;8;4;9;3;6;4;6;7;7;9;1;3;5;1;Yes;Technical Writer
2;3;1;5;8;1;9;6;9;9;9;9;9;1;4;3;8;6;4;7;Yes;Computer Network Architect
9;2;6;3;9;0;2;9;8;3;5;9;2;6;9;2;3;9;7;2;No;Network Administrator
8;2;2;1;8;0;6;4;9;3;9;7;1;0;8;8;5;5;1;1;No;Back End Developer
4;2;0;1;0;4;0;4;4;8;4;8;6;4;9;8;0;8;4;0;No;Technical Writer
7;5;1;8;5;0;2;2;0;8;7;4;1;7;6;1;7;2;8;5;No;Artificial Intelligence Engineer
8;3;4;1;7;7;5;1;0;9;1;5;3;9;9;1;4;9;3;7;No;Back End Developer
5;2;6;2;7;0;0;2;0;9;5;0;7;2;7;3;2;1;5;0;Yes;Blockchain Developer
6;7;6;6;0;2;9;2;9;8;6;0;1;3;7;4;8;6;5;0;No;Computer Systems Manager
7;8;2;0;9;5;1;0;5;7;3;3;2;8;9;6;0;5;5;0;Yes;Game Developer
8;3;7;2;1;4;6;4;5;7;1;8;7;4;8;6;6;5;2;3;Yes;IT Sales Professional
6;9;6;8;7;2;5;2;5;3;7;5;3;1;2;9;6;3;5;7;Yes;Full Stack Developer
5;0;1;6;0;5;7;4;1;8;9;0;8;7;7;8;0;6;8;0;Yes;IT Consultant
8;1;0;5;8;4;4;4;3;3;3;2;8;0;4;0;7;8;6;9;Yes;Computer Network Architect
2;8;1;9;9;5;1;1;8;5;4;1;5;0;1;8;5;8;1;6;No;Full Stack Developer
4;3;3;6;2;8;6;6;2;2;0;5;2;9;0;9;3;3;5;4;Yes;Embedded Systems Engineer
2;5;1;3;0;0;2;8;9;7;0;0;4;1;4;8;2;0;5;1;No;Computer and Information Systems Manager
5;2;2;1;7;6;2;9;8;0;1;9;6;6;3;4;7;6;1;7;No;Software Developer
2;0;8;8;7;5;2;3;6;2;6;8;0;6;6;8;9;4;2;6;No;Quality Assurance Engineer
8;9;1;3;6;8;0;4;5;6;3;5;5;3;6;5;4;1;2;5;No;Back End Developer
9;9;2;4;3;5;8;0;4;1;5;0;3;3;8;2;7;5;9;8;No;Artificial Intelligence Engineer
2;9;3;9;8;1;9;3;5;9;8;4;5;8;6;3;8;5;6;4;Yes;Artificial Intelligence Engineer
8;2;4;9;0;5;9;9;0;4;8;0;6;4;2;3;5;5;0;0;No;Game Developer
1;5;3;5;2;5;4;8;4;7;9;0;6;2;5;1;7;4;4;4;Yes;Blockchain Developer
6;3;5;4;9;9;7;4;2;5;0;4;1;9;8;9;6;6;5;1;No;Network Engineer
1;7;6;6;3;8;3;3;7;9;1;1;4;5;7;3;2;8;8;6;Yes;Research Scientist
4;8;5;8;1;5;4;1;9;6;3;3;1;6;1;1;4;0;8;9;Yes;IT Project Manager
0;9;7;6;0;5;4;2;9;2;1;7;1;6;6;5;5;9;0;5;No;Digital Marketing Specialist
3;9;5;8;0;2;0;5;7;2;8;3;6;6;7;0;5;2;8;7;No;IT Sales Professional
4;9;5;4;9;5;3;7;7;4;3;0;3;9;5;9;2;4;1;1;Yes;Technical Support Engineer
6;6;7;4;7;2;1;9;5;4;0;4;4;3;4;9;0;2;9;1;No;Machine Learning Engineer
1;2;9;8;7;0;1;5;0;0;0;3;1;9;0;9;3;0;8;0;Yes;Blockchain Developer
6;7;0;9;9;0;8;0;4;9;5;9;8;7;7;6;9;3;9;9;No;Network Administrator
4;1;5;7;1;6;8;2;2;3;5;4;5;8;0;0;9;8;8;0;No;IT Support Specialist
3;8;5;7;6;8;0;7;9;3;5;6;4;1;1;8;2;6;0;9;Yes;Web Developer
2;0;1;1;5;8;8;2;9;7;2;4;8;2;0;7;2;0;5;2;No;Blockchain Developer
5;5;5;6;3;7;2;1;4;1;7;4;6;5;9;8;2;6;2;4;No;Computer Hardware Engineer
6;7;4;9;1;4;2;7;1;1;5;0;9;7;5;4;4;4;9;4;Yes;Network Administrator
2;3;1;2;1;2;1;4;4;3;3;6;3;1;9;0;8;6;0;8;No;Quality Assurance Engineer
0;0;5;5;1;5;0;7;7;5;5;9;6;7;9;4;1;5;3;4;No;Software Engineer
5;2;5;8;9;7;9;0;1;0;5;6;7;3;0;9;5;6;1;0;Yes;Computer Systems Manager
7;5;2;7;6;3;0;0;1;8;7;3;5;6;7;1;5;3;3;1;Yes;Computer Systems Manager
0;6;4;6;0;6;2;0;5;9;5;8;4;2;7;1;5;5;5;6;Yes;IT Project Manager
3;1;5;4;8;3;8;7;6;9;2;7;0;7;0;6;8;6;1;3;No;Computer Programmer
4;1;9;8;1;3;1;3;2;3;4;7;8;2;6;1;9;3;0;4;Yes;UI/UX Designer
6;1;8;4;7;3;8;5;9;8;1;2;9;8;2;7;8;6;7;7;No;Software Tester
4;8;3;4;2;5;7;5;2;5;5;9;0;9;7;3;7;4;4;8;Yes;Front End Developer
6;3;9;7;1;3;0;6;4;5;7;9;1;0;6;9;7;0;6;9;Yes;Computer and Information Research Scientist
8;9;6;4;8;6;2;8;2;3;3;1;0;0;3;4;7;7;1;8;Yes;Embedded Systems Engineer
9;3;9;8;3;2;0;3;5;5;1;6;2;7;4;7;2;1;4;5;No;Embedded Systems Engineer
1;7;4;2;4;1;4;1;5;9;6;8;3;4;8;9;4;0;6;1;No;Cloud Architect
7;4;4;3;5;4;9;8;6;4;6;8;1;8;6;3;1;1;0;4;Yes;Software Developer
8;4;1;9;4;0;5;5;6;0;5;3;8;4;8;4;8;4;6;2;Yes;Software Engineer
4;8;1;4;1;1;2;2;9;0;5;2;5;2;6;8;4;1;2;0;No;Digital Marketing Specialist
6;3;3;3;5;0;0;1;3;4;9;5;6;8;0;2;5;9;5;1;No;Software Engineer
3;8;4;2;7;5;7;0;8;7;8;9;9;1;9;2;7;7;3;0;Yes;UI/UX Designer
3;1;5;6;9;7;5;8;1;3;4;0;2;6;4;9;6;5;0;3;Yes;Front End Developer
9;8;9;9;9;7;5;3;5;1;2;0;0;0;3;1;9;0;6;2;Yes;Software Tester
1;3;9;8;2;8;7;5;7;7;5;9;7;4;9;5;5;7;4;9;No;Database Administrator
9;2;1;6;4;6;8;8;4;3;6;0;0;8;1;0;9;6;2;7;Yes;Digital Marketing Specialist
4;5;4;2;0;7;6;4;8;3;8;1;2;7;7;3;0;7;4;0;Yes;IT Project Manager
2;2;1;7;5;4;2;1;5;7;8;5;1;1;7;8;0;3;6;5;No;Mobile App Developer
6;9;9;5;0;5;7;0;0;3;1;1;6;0;6;4;8;1;8;5;No;Full Stack Developer
0;4;2;3;1;8;0;0;8;4;2;3;7;2;7;8;9;1;1;3;Yes;Blockchain Developer
3;6;7;2;7;8;2;8;5;1;1;7;1;7;2;9;1;6;7;7;No;Technical Writer
3;1;0;7;5;5;7;6;6;1;3;2;4;4;5;3;2;6;4;2;No;Full Stack Developer
9;4;2;3;4;2;4;2;9;2;2;7;9;0;8;5;6;5;3;4;No;Network Engineer
9;1;7;2;1;3;7;0;5;7;2;8;3;7;6;1;6;4;2;7;No;Software Engineer
0;6;9;6;1;3;7;5;3;6;6;3;8;8;8;6;1;6;4;6;No;Blockchain Developer
8;3;4;2;9;7;8;1;6;7;6;8;4;7;7;6;9;2;7;1;No;Computer and Information Research Scientist
1;8;0;6;8;7;0;5;6;8;6;9;0;5;5;1;8;9;0;8;Yes;Computer Hardware Engineer
4;8;7;3;7;9;2;3;8;9;9;9;5;5;1;8;2;5;0;1;Yes;Cloud Architect
0;0;3;2;1;4;5;4;4;9;6;1;7;9;6;4;1;3;5;4;No;Network Administrator
8;2;9;9;9;3;8;3;3;9;8;9;0;8;3;9;3;8;3;3;No;Software Engineer
2;9;2;9;3;0;3;8;8;7;3;0;0;7;2;7;9;8;5;0;No;Blockchain Developer
8;1;8;7;0;2;8;5;9;1;0;4;5;4;3;0;4;7;7;7;Yes;IT Sales Professional
5;4;4;0;3;9;6;4;8;0;8;7;8;5;8;3;1;4;1;1;No;Computer Systems Analyst
1;2;0;8;1;2;2;9;4;3;5;9;8;8;1;7;1;5;8;3;Yes;Network Administrator
0;4;7;7;8;8;9;6;7;6;1;3;9;7;2;2;5;0;1;2;No;Quality Assurance Engineer
9;6;3;0;9;5;7;8;0;3;2;2;3;2;8;8;8;4;4;2;Yes;Game Developer
3;3;8;6;2;0;8;7;8;8;9;7;0;5;2;3;5;2;3;1;No;Network Engineer
1;0;2;1;0;6;4;3;7;8;8;1;4;2;4;9;2;1;8;8;Yes;Software Tester
8;6;5;2;7;9;2;9;1;5;2;0;3;9;1;3;9;5;8;3;No;Computer Systems Analyst
7;3;7;7;8;7;6;6;0;2;2;2;1;1;1;4;0;5;9;4;Yes;Artificial Intelligence Engineer
2;6;9;2;3;6;4;0;5;9;2;2;0;6;8;0;3;3;8;0;Yes;IT Project Manager
9;5;0;7;9;1;6;9;2;9;4;2;2;1;5;7;6;4;4;0;No;Front End Developer
3;6;6;3;5;5;7;0;1;0;2;6;8;4;8;9;6;9;8;3;No;Network Engineer
1;5;8;5;1;8;9;9;8;9;6;6;7;5;9;7;3;8;3;1;No;Computer Network Architect
6;3;9;7;8;1;5;9;1;2;4;8;7;3;9;9;4;2;7;4;Yes;Machine Learning Engineer
1;0;5;0;5;3;7;1;3;0;8;4;5;1;6;9;5;4;3;1;Yes;UI/UX Designer
5;7;5;9;3;1;7;0;2;0;7;5;7;8;2;9;0;6;6;3;No;DevOps Engineer
5;6;2;8;8;6;0;2;4;9;7;5;7;6;1;9;2;2;0;5;Yes;Research Scientist
6;6;4;8;2;4;5;6;8;9;0;8;7;1;9;2;7;3;4;6;Yes;Computer Systems Analyst
1;9;7;2;0;3;4;5;9;2;6;7;3;0;1;2;4;7;8;4;Yes;Software Engineer
8;8;4;4;2;8;9;8;7;1;4;3;8;8;5;4;0;8;9;3;Yes;Full Stack Developer
8;2;2;8;8;3;3;3;9;6;7;4;7;8;6;8;6;7;3;1;No;Computer Systems Analyst
6;5;5;8;5;9;3;2;4;2;9;0;1;9;7;5;2;0;0;0;No;Business Intelligence Analyst
8;9;8;9;9;0;3;6;8;8;1;0;5;4;4;8;1;2;0;1;No;Technical Support Engineer
4;5;0;6;0;3;6;7;1;2;2;6;4;8;7;2;3;5;3;9;Yes;Quality Assurance Engineer
8;8;3;2;1;1;4;2;7;3;0;4;3;9;9;5;4;9;3;2;No;Business Intelligence Analyst
3;0;2;0;8;2;8;9;1;8;3;8;4;7;7;7;2;4;0;2;Yes;Technical Writer
9;9;6;6;0;4;5;4;5;4;4;7;0;3;7;5;9;5;1;8;No;Software Tester
6;8;8;5;3;0;4;4;0;6;2;7;7;9;9;5;3;5;5;6;Yes;Data Scientist
6;1;8;6;0;9;7;8;3;3;8;8;3;9;4;9;5;3;9;9;Yes;Software Developer
2;3;9;3;1;6;8;4;1;0;2;5;9;9;9;3;1;9;3;4;Yes;Technical Support Engineer
6;7;0;4;1;3;6;2;3;3;8;9;1;1;2;7;8;6;9;4;No;Cybersecurity Analyst
6;6;3;2;4;5;4;2;0;4;7;5;7;6;9;6;5;1;3;3;Yes;Research Scientist
1;8;4;9;9;5;5;8;8;1;6;3;4;9;5;6;6;3;7;1;No;Computer Programmer
0;3;4;9;3;1;6;2;8;7;4;8;2;7;1;9;0;3;0;8;No;Computer and Information Systems Manager
7;5;5;9;2;4;6;4;9;8;8;5;1;3;9;1;1;8;7;0;Yes;Computer Science Teacher
0;1;9;6;2;7;0;9;0;9;7;2;5;4;0;9;6;7;1;0;Yes;Cybersecurity Analyst
2;2;7;0;5;3;2;6;2;3;8;1;3;5;3;8;8;9;5;1;Yes;Database Administrator
8;6;6;6;7;4;1;7;3;8;7;3;9;8;8;7;5;8;1;3;No;Blockchain Developer
7;1;4;1;2;5;9;8;9;9;3;5;6;2;1;6;6;0;5;8;Yes;IT Sales Professional
6;5;8;0;8;2;2;1;8;1;6;9;9;9;2;3;5;5;6;3;Yes;Embedded Systems Engineer
1;2;6;7;3;0;6;7;6;8;6;4;4;2;6;2;3;4;7;1;No;Computer Systems Manager
2;6;8;7;3;9;4;2;6;0;8;3;6;0;9;1;8;9;8;5;Yes;Technical Writer
8;3;6;0;7;2;8;0;3;5;8;7;1;7;1;8;1;6;3;7;Yes;Back End Developer
6;0;4;2;2;5;1;3;9;3;8;7;4;4;6;3;5;3;3;8;No;Computer and Information Research Scientist
4;7;7;2;2;9;6;7;6;3;9;1;5;2;4;4;8;3;7;5;No;Computer and Information Research Scientist
2;9;3;9;9;6;2;2;1;2;1;3;5;2;3;1;6;9;7;6;Yes;Computer Systems Manager
1;8;9;7;1;0;5;3;8;6;4;5;4;1;2;9;8;9;5;5;Yes;Web Developer
9;3;7;2;4;3;0;7;6;5;9;9;3;0;1;9;0;3;4;8;No;Game Developer
1;2;4;5;5;7;3;6;1;6;4;8;7;6;9;2;9;3;3;4;No;UI/UX Designer
2;9;9;9;5;3;3;2;3;9;6;9;2;4;9;0;6;9;4;4;No;Artificial Intelligence Engineer
6;3;9;1;5;1;8;2;1;8;0;5;7;9;0;7;7;7;2;5;Yes;Game Developer
3;3;5;8;5;0;8;4;2;6;3;7;5;7;4;0;7;5;7;5;No;DevOps Engineer
8;4;2;7;4;7;1;4;8;0;5;7;2;4;9;9;2;0;6;4;No;IT Consultant
2;9;7;1;6;5;6;2;8;6;4;5;7;7;5;8;1;2;7;0;Yes;Digital Marketing Specialist
6;2;2;9;6;8;0;1;3;4;2;8;9;1;1;7;7;3;8;8;Yes;Computer Systems Manager
6;8;9;2;6;9;7;4;6;5;9;5;3;7;0;8;9;2;0;6;Yes;Digital Marketing Specialist
9;7;2;1;0;1;8;5;4;9;1;0;1;4;0;9;7;4;3;8;Yes;Blockchain Developer
2;1;2;6;0;0;5;9;9;1;8;4;7;4;6;2;8;4;4;4;Yes;Mobile App Developer
0;6;1;4;7;2;4;4;0;9;3;5;7;5;8;6;6;2;0;5;Yes;Research Scientist
8;0;4;4;6;7;6;7;7;3;6;5;3;1;3;2;7;9;5;3;No;Quality Assurance Engineer
1;7;6;2;8;9;9;5;7;4;0;3;8;8;5;2;4;7;6;9;Yes;Computer Hardware Engineer
7;3;4;6;1;6;0;5;4;3;5;0;9;9;3;9;8;4;8;5;Yes;Database Administrator
7;2;4;7;3;0;0;3;0;2;3;2;3;8;2;6;9;8;4;6;No;UI/UX Designer
7;2;5;3;4;5;1;6;7;4;8;0;6;0;2;5;8;3;2;8;No;Network Administrator
5;9;4;6;6;2;0;4;7;0;2;9;8;5;3;9;5;2;4;9;No;Computer Systems Manager
8;9;8;3;5;1;4;1;0;3;7;7;6;5;3;7;7;8;2;6;No;Front End Developer
0;4;9;9;8;4;5;9;4;6;9;7;7;7;0;4;9;6;3;6;No;IT Support Specialist
3;3;4;5;4;0;5;9;3;3;6;6;5;0;6;7;2;3;8;7;No;Computer Network Architect
9;5;4;1;8;8;1;0;4;2;7;0;3;3;8;4;9;2;3;1;No;Back End Developer
4;7;1;6;0;1;1;8;2;4;2;7;5;8;7;5;9;7;1;5;Yes;Software Engineer
5;9;0;7;3;7;5;7;1;4;8;7;5;7;0;9;7;4;9;2;No;DevOps Engineer
7;9;4;9;2;1;2;3;3;4;1;0;8;7;5;8;0;3;2;9;Yes;Blockchain Developer
7;7;0;4;1;2;9;8;3;2;5;3;7;1;2;3;3;4;8;2;No;Computer Programmer
7;2;8;0;7;5;1;5;8;4;9;5;0;9;2;4;5;9;5;8;Yes;Blockchain Developer
7;2;5;9;3;0;1;0;2;7;9;2;9;4;7;6;7;7;4;7;Yes;Software Engineer
7;1;5;2;9;2;3;2;2;8;9;3;3;5;1;7;8;2;2;7;No;Research Scientist
0;2;2;7;7;2;8;3;3;3;9;5;2;6;0;4;0;2;8;3;No;Computer Programmer
2;5;3;8;3;6;9;2;0;9;7;6;5;8;1;0;4;7;8;4;Yes;Cybersecurity Analyst
1;1;5;7;1;1;4;6;2;1;5;3;1;7;9;6;8;7;5;1;No;Digital Marketing Specialist
7;0;9;2;6;3;1;6;9;6;3;1;3;2;4;4;8;6;1;3;Yes;Blockchain Developer
6;3;3;9;6;5;9;1;7;6;7;0;3;5;5;6;0;8;5;9;Yes;Computer and Information Research Scientist
8;9;1;9;4;8;4;2;0;9;3;0;8;5;6;2;8;7;3;4;No;Front End Developer
8;6;3;6;0;5;4;6;5;7;5;6;9;3;0;2;1;5;8;9;Yes;UI/UX Designer
2;8;2;5;3;2;7;2;8;2;2;2;5;1;0;6;5;5;3;9;No;DevOps Engineer
9;5;3;4;3;5;0;0;4;1;5;4;2;6;6;2;7;7;2;3;No;Machine Learning Engineer
0;1;7;2;7;5;5;5;6;9;3;4;2;1;4;1;7;2;5;1;Yes;Systems Analyst
7;3;8;2;7;8;5;1;4;0;0;0;2;4;2;1;3;7;8;3;No;DevOps Engineer
4;7;9;0;2;7;3;5;1;5;9;8;4;5;9;1;9;7;5;1;Yes;Software Engineer
1;5;0;2;1;3;4;5;0;5;0;3;0;7;7;6;8;1;0;0;Yes;Computer Systems Analyst
7;6;4;8;7;3;0;0;0;7;2;8;5;7;4;4;5;5;5;4;No;IT Support Specialist
9;2;3;4;0;7;5;0;0;9;7;6;4;0;9;3;1;5;6;1;Yes;IT Sales Professional
3;9;7;4;2;5;8;1;1;9;9;8;0;3;1;8;1;2;8;2;Yes;Network Administrator
4;7;0;5;3;3;8;9;3;0;6;4;2;7;9;1;2;7;8;8;Yes;Digital Marketing Specialist
1;6;8;3;6;3;2;2;0;1;2;9;9;6;0;7;9;9;9;3;Yes;IT Consultant
6;7;2;0;3;2;6;2;6;1;5;2;8;4;3;4;1;4;3;4;Yes;Research Scientist
7;0;7;4;4;9;9;3;2;3;8;4;4;6;4;0;9;3;6;5;No;Research Scientist
9;9;6;1;5;7;5;0;6;9;6;0;3;0;7;1;4;6;0;9;No;Cloud Architect
4;1;9;6;5;6;6;4;5;5;2;4;6;9;9;0;6;3;9;2;No;UI/UX Designer
0;5;5;3;7;4;3;0;8;6;6;1;4;8;8;5;0;4;1;4;No;Computer Systems Analyst
9;7;7;5;2;5;6;1;2;6;7;8;2;3;1;9;5;6;0;5;No;IT Support Specialist
2;6;3;3;9;8;9;2;4;2;4;9;1;9;5;9;2;1;1;5;Yes;Digital Marketing Specialist
4;5;7;4;5;7;5;2;9;5;6;5;6;7;6;2;8;9;8;2;No;Business Intelligence Analyst
7;3;3;0;7;9;1;8;0;7;4;3;1;7;8;4;4;5;4;3;Yes;Blockchain Developer
5;0;1;2;4;8;0;0;5;2;6;2;4;4;3;8;2;3;0;0;No;Computer Programmer
1;6;8;8;9;4;5;9;1;9;8;1;8;7;7;5;7;7;7;4;Yes;IT Support Specialist
6;8;1;3;6;5;1;2;5;7;8;2;9;3;0;1;1;7;6;3;No;Digital Marketing Specialist
4;2;7;4;3;7;5;7;8;6;0;5;0;4;6;2;5;6;1;1;Yes;Artificial Intelligence Engineer
2;4;3;2;6;5;8;4;7;3;9;1;4;8;5;7;1;1;1;6;Yes;Computer Science Teacher
9;9;8;7;8;8;6;3;2;1;1;2;0;3;1;3;1;1;2;2;No;Business Intelligence Analyst
0;6;7;2;3;8;2;5;2;5;5;9;2;1;6;2;3;6;0;6;No;Game Developer
8;1;6;1;0;5;3;2;6;2;7;7;4;7;0;6;9;5;1;9;Yes;Mobile App Developer
9;6;9;0;1;2;1;0;5;7;3;5;8;4;8;5;8;0;9;9;Yes;Software Tester
3;8;3;9;0;8;3;1;2;9;9;8;5;9;2;8;0;8;6;8;No;Systems Analyst
6;5;7;0;5;1;8;5;3;3;2;4;3;7;6;8;9;0;4;8;Yes;Embedded Systems Engineer
1;3;8;4;5;0;5;8;5;1;4;8;6;8;8;5;1;2;5;4;No;Back End Developer
8;4;9;7;4;5;6;8;2;4;0;8;5;7;6;6;0;5;5;8;No;Computer Science Teacher
1;8;0;9;2;9;4;7;0;7;6;2;8;8;6;2;4;9;2;1;No;Embedded Systems Engineer
2;8;4;1;2;5;5;4;7;4;2;1;6;1;6;8;6;7;4;9;No;Web Developer
7;6;2;5;0;8;2;7;9;8;6;1;3;1;5;1;7;4;9;7;Yes;Computer Hardware Engineer
3;4;6;8;1;0;8;5;6;8;9;5;2;7;3;4;7;2;3;1;No;DevOps Engineer
2;9;8;7;9;8;1;6;7;2;8;2;0;9;4;2;8;4;6;7;No;Database Administrator
3;7;5;0;7;1;0;6;1;4;6;8;6;7;8;9;0;8;6;7;Yes;Machine Learning Engineer
1;3;0;1;4;5;6;0;9;8;9;4;6;8;9;4;6;5;3;7;No;Digital Marketing Specialist
9;3;0;9;4;2;6;1;2;1;8;2;1;0;9;0;7;2;5;2;Yes;IT Project Manager
9;0;9;4;2;2;8;7;7;8;7;3;3;5;3;7;0;0;3;3;No;Software Developer
3;5;1;7;6;3;2;8;4;3;1;9;2;5;7;8;1;0;3;1;No;Technical Support Engineer
1;1;1;8;4;4;5;9;2;2;9;3;6;0;6;5;9;9;3;7;Yes;Technical Support Engineer
2;2;0;9;9;5;2;6;0;7;3;7;5;5;4;6;0;1;2;7;No;Research Scientist
3;7;8;7;4;9;8;8;5;6;9;3;5;0;0;8;0;7;5;6;Yes;Research Scientist
3;3;4;4;0;0;2;5;5;9;5;2;1;8;6;4;0;6;8;1;Yes;Software Engineer
4;3;5;4;5;9;3;9;6;8;2;2;6;7;5;9;4;3;7;5;Yes;Mobile App Developer
6;7;6;5;7;2;2;8;0;7;6;4;5;2;3;9;9;3;0;8;No;Computer Systems Analyst
2;3;8;8;8;2;9;3;0;0;1;0;4;8;0;9;5;9;1;6;Yes;Network Administrator
9;0;0;1;4;4;7;9;9;0;2;7;1;4;5;2;4;8;4;6;Yes;Machine Learning Engineer
1;5;7;4;8;1;2;1;1;2;8;2;1;1;9;7;5;6;5;1;Yes;Game Developer
7;4;1;8;5;2;6;8;6;4;9;0;5;9;3;5;5;0;9;5;Yes;Full Stack Developer
0;3;0;1;5;3;0;4;7;4;2;1;9;9;0;1;4;5;1;1;Yes;DevOps Engineer
8;3;7;5;1;5;2;2;7;7;8;9;0;9;1;7;4;4;4;0;Yes;Software Tester
7;2;7;8;4;2;1;0;6;6;1;7;1;8;2;5;1;5;2;8;No;Data Scientist
1;0;4;5;1;0;1;4;4;8;0;0;4;9;1;9;1;0;5;7;Yes;Computer Network Architect
0;8;4;7;6;9;7;0;1;3;5;0;4;6;1;6;4;9;4;7;Yes;Back End Developer
8;6;5;4;8;5;0;3;1;0;5;3;6;2;8;1;2;3;4;5;Yes;IT Support Specialist
3;2;4;8;5;2;9;9;5;5;6;0;7;5;2;9;5;3;1;8;No;Technical Support Engineer
1;3;1;6;2;9;3;6;5;1;5;8;8;5;6;1;4;9;9;6;Yes;Software Tester
1;4;9;9;1;4;7;9;6;1;8;9;1;8;6;0;9;8;2;0;Yes;Game Developer
9;0;2;9;8;2;6;7;1;7;6;3;5;7;4;5;2;0;3;5;Yes;IT Project Manager
7;5;1;6;9;5;5;0;2;8;3;4;7;6;1;4;5;8;9;0;No;Research Scientist
8;2;8;6;3;1;8;3;4;9;8;5;3;2;3;5;5;6;8;3;Yes;Software Tester
3;4;1;2;5;4;2;7;5;4;6;6;5;4;7;5;0;4;1;7;No;Computer Science Teacher
2;2;0;4;9;7;6;7;6;2;6;7;7;8;3;7;6;6;2;1;Yes;Software Tester
6;0;9;0;7;5;9;9;1;2;1;5;0;5;0;4;0;2;9;4;Yes;IT Project Manager
7;9;9;8;4;8;6;4;5;4;4;8;2;1;7;0;7;8;6;5;Yes;DevOps Engineer
9;3;6;0;3;3;4;7;5;0;6;5;6;3;6;6;5;0;1;6;Yes;Back End Developer
9;9;1;4;8;2;7;8;6;6;0;2;9;8;7;1;3;3;1;7;Yes;Cloud Architect
3;9;6;3;1;1;0;6;8;5;1;8;4;0;8;4;8;2;8;2;No;IT Support Specialist
5;3;3;9;4;0;7;1;2;6;8;9;0;1;3;4;0;4;7;3;Yes;Computer and Information Systems Manager
7;8;9;9;6;3;5;9;8;8;8;5;9;6;4;5;4;3;1;9;No;Network Administrator
8;3;7;4;8;9;7;8;4;1;8;5;1;8;3;5;5;3;8;4;Yes;UI/UX Designer
1;3;2;2;6;1;4;3;7;9;0;1;7;0;8;3;3;5;8;2;No;Cybersecurity Analyst
9;2;6;7;5;4;7;4;3;7;0;6;1;2;3;6;1;9;7;2;Yes;IT Sales Professional
0;4;1;9;6;0;0;3;9;1;9;3;9;2;7;4;0;6;6;2;No;Embedded Systems Engineer
8;9;0;6;9;8;3;3;7;9;5;6;3;4;6;0;1;6;3;7;Yes;IT Consultant
6;2;7;2;8;1;9;4;2;3;3;8;2;5;5;4;2;5;7;7;No;Network Engineer
2;0;9;0;1;6;2;6;5;7;3;8;3;6;4;7;9;5;2;1;No;Game Developer
4;2;8;3;7;6;7;5;2;3;5;4;4;6;6;9;0;4;4;9;Yes;Full Stack Developer
4;6;6;6;0;3;1;2;0;0;8;4;3;9;0;9;8;9;1;3;No;Computer Science Teacher
2;4;7;0;8;0;3;7;8;3;9;6;5;3;5;8;2;7;8;0;No;UI/UX Designer
0;1;5;8;8;1;3;2;6;6;1;5;0;5;7;0;1;2;5;7;Yes;UI/UX Designer
9;6;8;4;1;8;1;4;0;7;3;5;5;9;9;0;6;5;7;6;Yes;Computer Systems Analyst
7;6;7;1;4;0;7;6;7;6;0;4;4;4;1;0;3;6;7;0;Yes;Blockchain Developer
2;3;9;5;0;2;8;4;2;9;4;0;8;3;3;2;9;7;8;2;Yes;Computer Network Architect
2;5;9;0;8;1;3;9;2;3;1;1;4;1;3;1;2;7;4;8;Yes;IT Sales Professional
0;3;3;0;0;2;5;4;5;5;7;7;0;8;7;1;6;7;6;3;No;Research Scientist
7;6;0;3;7;7;0;7;6;7;2;1;0;2;6;6;4;9;3;4;Yes;Web Developer
4;5;8;9;9;0;3;6;9;4;5;8;2;7;7;0;0;3;8;6;Yes;Cloud Architect
4;0;8;1;5;7;6;6;8;7;9;8;1;2;2;2;6;0;3;0;Yes;Computer Network Architect
9;2;4;9;9;9;0;4;1;2;5;5;1;0;7;8;6;7;7;3;No;Software Developer
9;3;8;3;2;3;2;9;7;0;2;0;5;3;0;6;8;3;7;9;Yes;Artificial Intelligence Engineer
5;9;9;1;6;9;6;3;0;5;6;7;4;9;7;6;8;7;9;3;No;Computer and Information Research Scientist
1;4;7;4;6;7;6;7;2;4;2;4;4;1;6;6;9;5;0;5;No;Technical Support Engineer
5;0;4;1;5;9;3;1;2;6;5;5;9;8;9;0;8;7;8;6;Yes;Computer Science Teacher
1;0;9;0;3;0;5;3;3;8;2;8;4;1;9;5;9;2;5;6;No;Computer Network Architect
4;3;5;3;4;0;4;7;2;4;8;1;2;1;2;3;7;5;9;4;Yes;Software Engineer
7;1;5;6;7;4;3;1;3;0;1;3;7;3;1;5;3;0;9;8;Yes;Mobile App Developer
2;4;8;9;8;8;1;1;8;5;3;8;0;5;0;9;8;2;3;5;Yes;IT Project Manager
2;9;7;9;4;8;3;2;0;4;5;2;3;2;7;5;9;1;7;1;Yes;DevOps Engineer
7;0;6;3;8;6;9;1;1;1;4;5;7;8;4;1;4;5;9;4;Yes;Back End Developer
5;8;2;4;7;4;3;2;9;0;0;2;6;2;7;2;0;8;9;1;No;Mobile App Developer
1;3;5;7;0;4;2;0;0;6;8;0;4;2;7;4;6;7;5;7;No;Computer Science Teacher
6;7;7;4;3;9;0;1;6;9;6;1;7;9;4;1;5;8;0;9;Yes;Full Stack Developer
8;2;5;8;6;0;7;3;4;8;6;7;0;3;9;6;3;9;0;0;Yes;Computer Science Teacher
3;0;9;4;9;0;2;1;2;8;0;7;8;6;4;8;5;9;3;2;Yes;UI/UX Designer
4;3;2;7;2;0;8;8;4;7;7;6;6;9;3;0;3;8;0;2;Yes;Artificial Intelligence Engineer
1;4;2;6;9;7;0;1;9;9;0;5;4;7;3;3;6;0;8;7;No;Quality Assurance Engineer
4;8;2;2;4;7;7;1;0;6;3;9;2;4;7;0;7;2;2;4;Yes;Computer Network Architect
3;8;7;8;1;2;0;5;3;2;1;3;6;8;9;6;5;1;0;4;Yes;DevOps Engineer
0;8;8;8;5;0;0;4;2;2;1;6;5;6;7;0;8;8;3;0;Yes;Mobile App Developer
4;8;0;5;1;7;3;2;3;2;2;4;5;4;1;2;7;3;8;4;Yes;Front End Developer
9;6;4;4;8;8;3;1;9;1;3;6;6;5;6;3;0;9;7;2;No;Mobile App Developer
8;1;3;4;0;0;1;9;7;1;6;3;1;5;5;9;1;7;2;2;Yes;Business Intelligence Analyst
1;0;5;9;3;8;6;0;6;9;1;5;1;1;1;0;3;0;8;4;No;DevOps Engineer
8;6;5;3;7;1;9;7;9;5;8;0;1;6;9;6;1;1;6;6;No;Web Developer
6;6;5;3;6;4;9;9;1;7;7;1;3;7;9;5;4;3;6;0;Yes;Computer and Information Systems Manager
3;4;1;8;6;6;5;1;1;2;0;0;9;1;9;4;5;4;3;9;Yes;Web Developer
0;6;1;4;0;4;8;4;6;1;4;0;7;0;3;7;3;2;9;2;Yes;Software Tester
2;1;6;7;5;8;4;4;2;7;8;9;3;5;5;2;5;0;3;5;Yes;Systems Analyst
2;3;8;2;9;4;6;9;5;1;7;9;1;9;9;1;6;0;4;1;Yes;Embedded Systems Engineer
6;0;5;0;0;0;9;7;6;9;8;7;5;8;0;6;1;0;7;7;Yes;Computer and Information Research Scientist
1;4;4;0;5;0;8;7;4;4;0;3;9;3;9;9;0;2;9;9;No;IT Project Manager
2;3;1;6;3;6;3;1;3;8;2;2;0;3;5;8;0;2;3;6;Yes;Computer Systems Manager
9;9;6;2;6;4;1;5;9;4;7;2;7;5;6;5;1;7;6;4;Yes;DevOps Engineer
5;3;5;5;5;6;2;6;9;5;5;1;8;7;9;4;2;7;2;6;No;IT Project Manager
6;7;3;7;5;0;1;4;4;4;2;6;2;2;6;6;0;9;6;1;Yes;Business Intelligence Analyst
4;1;3;5;1;7;6;7;7;8;5;0;1;6;9;7;6;4;6;3;No;Mobile App Developer
2;2;1;3;3;4;1;0;0;1;8;1;7;5;2;1;1;8;1;0;No;IT Support Specialist
9;2;7;2;0;0;0;5;3;7;6;7;1;9;6;4;7;2;1;5;Yes;Digital Marketing Specialist
2;5;1;0;3;0;1;9;9;0;4;2;8;0;0;9;4;6;8;4;No;Network Administrator
3;0;1;6;1;5;4;8;2;9;8;9;1;7;1;4;0;8;2;2;Yes;Research Scientist
2;5;6;1;7;5;8;7;7;4;7;7;4;2;0;1;2;4;6;6;Yes;IT Sales Professional
3;6;8;1;8;2;7;9;2;4;2;1;0;7;3;1;6;9;4;8;No;IT Project Manager
9;2;1;0;9;7;7;1;7;6;4;8;6;7;4;2;1;2;1;3;Yes;UI/UX Designer
3;4;5;4;8;6;9;0;5;0;4;4;6;6;4;4;0;1;7;4;Yes;Research Scientist
1;6;1;1;3;8;5;0;0;4;9;5;5;7;1;2;9;2;6;2;Yes;Computer Hardware Engineer
4;3;0;2;6;5;9;1;7;5;9;2;8;5;8;7;1;1;5;7;Yes;IT Consultant
5;1;2;8;4;6;6;2;1;7;0;1;9;7;0;8;5;8;7;2;No;Back End Developer
5;6;1;8;5;6;0;8;3;1;0;2;0;1;0;4;0;1;5;7;Yes;Blockchain Developer
2;6;7;7;6;3;0;7;3;4;1;6;2;1;8;7;1;5;8;8;No;Mobile App Developer
1;5;2;3;3;0;8;7;2;9;5;7;7;5;0;3;5;7;8;4;No;Computer Systems Manager
1;8;8;0;6;7;8;9;4;2;8;7;6;3;7;0;0;2;4;0;Yes;Computer Network Architect
4;6;5;6;0;4;7;4;6;0;7;2;4;6;4;0;4;5;0;4;No;Software Engineer
8;7;1;0;4;3;2;4;7;4;1;2;2;7;2;3;6;4;6;7;No;Technical Support Engineer
9;8;5;8;8;5;0;0;9;2;9;1;6;2;7;8;1;9;7;0;No;Technical Writer
2;3;7;5;8;3;2;0;6;8;3;3;6;9;9;3;8;5;3;4;Yes;Research Scientist
3;4;7;9;1;2;8;8;2;3;5;2;5;8;7;3;0;1;7;2;Yes;Cybersecurity Analyst
4;7;8;3;0;7;5;7;4;8;5;8;0;8;1;1;9;0;6;3;No;Network Engineer
7;2;2;1;0;7;9;8;2;1;5;6;3;9;6;6;2;1;6;7;Yes;Back End Developer
7;1;0;0;3;8;5;4;1;9;3;1;3;3;7;2;5;8;3;0;Yes;IT Sales Professional
4;3;9;7;8;1;1;6;2;1;8;0;3;0;5;1;9;5;9;2;No;Software Engineer
9;6;2;6;2;3;7;8;1;0;4;4;6;2;7;1;4;8;8;4;Yes;Mobile App Developer
5;2;6;8;5;5;1;1;2;2;7;8;9;0;4;7;3;3;6;0;Yes;Embedded Systems Engineer
3;9;7;8;3;2;7;3;1;6;1;7;2;1;1;4;5;7;9;2;Yes;Back End Developer
6;8;1;8;8;1;3;8;0;2;4;5;2;1;0;6;7;1;2;3;No;IT Consultant
8;9;5;0;3;4;3;1;2;2;5;5;7;4;3;2;3;9;8;7;Yes;Research Scientist
9;6;4;9;9;4;9;6;0;7;2;2;6;6;8;7;3;5;0;6;Yes;Digital Marketing Specialist
9;7;6;1;8;7;2;7;6;0;9;6;7;0;5;2;6;8;8;3;Yes;IT Project Manager
7;5;7;0;8;1;1;8;9;3;4;5;1;6;9;5;0;7;5;3;Yes;Game Developer
4;9;0;2;8;6;7;8;8;1;2;9;7;3;8;4;2;6;0;1;No;Business Intelligence Analyst
0;6;3;1;4;7;0;7;9;3;6;2;1;7;2;7;6;2;3;4;Yes;Software Developer
5;4;6;7;3;0;0;7;1;8;2;7;7;3;6;3;3;8;1;0;No;Software Tester
9;9;3;9;5;5;4;8;5;6;4;2;5;4;8;9;3;7;6;3;Yes;Software Tester
9;9;7;3;4;4;8;2;0;2;7;6;0;6;1;3;7;2;7;3;Yes;Blockchain Developer
5;4;5;9;2;1;1;7;9;2;6;2;7;1;8;8;7;8;5;7;No;Computer Programmer
5;7;2;3;5;6;4;1;1;2;2;2;1;8;5;7;8;7;3;8;No;Computer Hardware Engineer
4;6;1;3;0;1;2;1;6;0;2;2;0;1;2;8;7;2;1;6;Yes;IT Consultant
9;6;4;6;0;1;3;0;1;6;0;6;2;9;4;0;7;9;7;1;Yes;Front End Developer
0;6;3;4;4;9;7;2;1;2;3;2;1;8;6;6;9;6;6;0;Yes;Network Engineer
7;7;4;9;5;4;6;7;5;2;7;1;1;5;5;1;6;1;1;6;Yes;Digital Marketing Specialist
8;2;0;0;2;3;4;5;9;8;6;3;5;6;5;4;2;4;1;2;No;Web Developer
7;4;1;7;2;8;5;4;4;3;2;9;3;7;8;4;6;8;9;7;Yes;Data Scientist
2;5;2;0;1;2;4;3;7;3;4;3;7;2;5;8;9;9;5;1;Yes;Business Intelligence Analyst
3;6;4;9;0;7;5;0;4;5;8;3;3;8;0;1;2;7;7;6;No;Network Administrator
6;7;5;7;5;7;7;6;8;1;7;8;2;9;1;7;4;3;7;8;Yes;IT Project Manager
7;4;7;7;3;7;4;1;9;1;7;5;2;1;2;8;0;8;8;3;No;Digital Marketing Specialist
4;2;2;7;1;7;2;5;8;1;9;2;7;3;3;3;7;9;4;8;Yes;Game Developer
4;3;9;6;3;2;2;0;4;2;2;5;4;8;9;4;0;6;5;3;No;IT Sales Professional
6;4;4;5;3;2;4;3;7;3;7;6;2;2;1;5;5;1;1;7;No;Business Intelligence Analyst
3;4;8;9;6;5;7;1;2;5;3;3;6;3;7;1;6;0;7;8;No;Software Developer
8;6;5;4;6;5;2;9;6;3;0;1;7;9;0;2;0;6;1;3;No;DevOps Engineer
2;4;9;4;7;7;7;8;4;6;3;9;0;4;0;6;8;0;1;4;No;Software Engineer
9;8;4;4;2;2;7;3;1;2;9;5;2;8;8;8;1;0;1;0;Yes;Database Administrator
7;2;9;7;7;7;0;5;9;9;0;3;1;5;2;6;6;1;1;9;Yes;Systems Analyst
0;1;8;8;5;4;1;4;1;0;4;7;4;3;4;8;7;5;7;9;No;Computer Systems Analyst
1;8;4;8;5;8;0;6;4;1;9;1;8;0;1;6;9;8;3;2;Yes;Network Administrator
3;7;7;9;8;0;1;0;3;3;5;2;7;2;2;5;6;5;6;4;Yes;Front End Developer
6;6;1;4;2;4;9;2;2;7;1;3;9;6;2;9;4;3;7;4;No;Technical Writer
1;7;8;8;6;5;0;2;0;2;8;8;6;2;9;5;4;7;8;6;Yes;Computer Programmer
9;9;2;1;6;8;2;4;3;0;6;2;5;5;2;6;1;0;9;4;No;Software Developer
9;8;7;4;7;1;7;2;5;7;7;6;4;7;2;9;5;1;0;2;No;Computer and Information Research Scientist
3;3;9;7;0;0;7;0;9;0;3;9;8;4;5;2;7;4;1;5;No;DevOps Engineer
3;8;9;8;0;0;3;8;2;3;3;1;9;6;3;1;7;2;6;8;Yes;Cybersecurity Analyst
8;1;5;7;2;8;9;1;1;0;8;1;0;2;7;4;8;0;0;2;No;Software Tester
5;3;6;9;9;1;0;2;0;1;0;9;8;1;2;0;2;0;0;9;Yes;Digital Marketing Specialist
3;0;1;4;8;4;2;6;4;7;2;2;5;3;3;5;9;0;7;1;Yes;Computer Programmer
9;0;2;1;8;6;2;0;9;5;9;9;3;6;5;1;5;3;9;3;Yes;Computer Hardware Engineer
3;7;3;0;3;5;5;5;8;4;9;3;4;4;6;9;3;2;6;9;Yes;IT Project Manager
9;4;2;6;8;9;9;7;6;4;6;1;7;9;7;5;2;0;6;4;No;DevOps Engineer
1;5;3;2;8;3;6;3;3;4;3;2;6;7;9;4;8;7;3;1;Yes;UI/UX Designer
5;8;4;0;1;7;3;0;1;3;4;0;4;4;9;0;1;9;3;6;Yes;Digital Marketing Specialist
6;0;3;2;6;2;2;2;8;8;7;9;2;5;6;2;0;4;6;4;No;Network Engineer
9;6;0;2;4;0;8;8;2;8;6;3;8;9;5;6;7;6;3;6;No;Systems Analyst
6;2;3;2;9;8;5;4;7;5;6;3;4;6;1;8;2;7;3;3;Yes;Data Scientist
6;5;0;1;4;1;8;6;8;7;0;8;5;4;9;8;0;4;0;6;No;IT Support Specialist
2;3;7;8;9;2;5;1;0;9;6;2;2;4;2;6;4;5;3;4;No;Computer Network Architect
5;1;7;0;1;0;8;6;8;1;8;8;1;5;9;1;7;2;6;8;Yes;Artificial Intelligence Engineer
0;1;9;9;4;9;2;3;5;7;0;2;2;8;9;2;7;4;6;8;Yes;Digital Marketing Specialist
1;6;3;1;4;3;3;1;5;9;8;1;5;5;7;4;7;5;0;5;Yes;Full Stack Developer
7;6;4;2;2;4;3;9;2;6;8;7;0;6;1;7;0;8;0;8;No;Systems Analyst
3;8;2;4;7;0;8;4;5;8;3;1;6;4;0;3;1;1;7;8;No;Embedded Systems Engineer
1;0;2;0;1;2;6;4;4;4;8;0;0;4;6;9;9;5;7;9;No;DevOps Engineer
9;8;5;3;3;5;7;7;7;9;3;2;1;7;4;6;8;5;1;7;No;Data Scientist
3;7;7;6;3;9;8;4;0;8;1;1;0;1;3;3;8;8;7;0;Yes;Computer Science Teacher
2;6;9;1;5;2;5;1;4;3;8;8;2;5;3;5;5;5;3;4;No;Computer Network Architect
4;5;8;7;5;5;2;4;5;5;9;4;0;5;0;7;4;5;8;4;Yes;DevOps Engineer
2;6;6;5;4;0;7;9;6;4;6;7;1;6;2;0;3;9;5;3;Yes;Digital Marketing Specialist
9;7;3;8;0;9;4;3;3;6;4;7;5;8;3;1;0;1;6;5;No;Research Scientist
2;3;6;7;5;9;0;4;1;3;3;7;3;8;8;2;3;5;5;9;No;IT Support Specialist
2;6;1;4;4;9;6;8;1;3;8;3;2;5;2;1;0;1;2;2;No;UI/UX Designer
5;0;9;5;6;9;8;3;4;7;4;6;7;5;2;3;3;4;1;6;Yes;Computer and Information Research Scientist
3;8;3;5;1;5;9;7;5;7;1;6;6;7;5;4;4;1;3;3;No;Blockchain Developer
6;4;7;8;7;1;5;3;9;6;8;7;8;7;8;8;7;6;5;3;Yes;Technical Support Engineer
4;0;1;0;1;7;0;5;6;9;6;8;0;6;6;0;4;0;8;9;Yes;Computer Systems Analyst
5;0;2;1;9;0;2;0;4;2;0;6;6;8;0;1;2;6;8;0;No;Front End Developer
5;3;0;4;6;3;4;1;4;5;9;5;2;7;4;2;0;0;0;1;Yes;Network Engineer
2;2;3;7;4;8;3;8;1;3;6;6;2;0;6;7;6;4;5;6;No;Cloud Architect
7;0;0;0;2;7;2;1;2;0;5;7;7;3;6;9;7;5;2;2;No;Game Developer
2;3;8;5;1;1;3;8;7;3;9;0;2;1;0;5;2;1;9;9;No;Computer Systems Manager
4;1;2;1;1;9;9;3;1;9;4;3;0;2;1;8;3;4;0;6;No;Embedded Systems Engineer
9;0;8;6;5;1;1;4;0;8;7;9;9;7;4;8;3;0;5;9;No;Software Developer
1;7;1;8;9;6;3;1;9;9;8;7;1;7;0;3;9;9;6;4;Yes;Computer and Information Systems Manager
4;5;9;0;3;4;9;2;3;5;8;1;1;2;2;7;1;9;1;7;No;Full Stack Developer
0;9;3;0;2;9;2;7;5;6;4;9;1;9;8;3;6;6;3;2;Yes;IT Sales Professional
2;7;7;1;5;3;6;3;8;4;9;6;1;3;5;3;2;1;7;9;Yes;Database Administrator
2;7;2;0;5;8;9;3;4;6;6;4;3;8;6;4;5;5;0;1;No;Research Scientist
9;9;0;8;5;5;4;5;7;2;7;3;2;2;5;6;4;9;3;9;Yes;IT Consultant
6;5;9;1;5;4;1;4;2;2;0;1;1;5;4;4;3;8;2;6;Yes;Systems Analyst
7;7;1;0;2;6;1;2;5;2;1;4;3;3;5;8;3;7;6;4;Yes;Web Developer
4;5;3;2;0;1;0;3;0;9;1;0;8;1;0;7;9;1;1;8;Yes;IT Consultant
2;7;9;5;3;4;6;8;9;7;7;4;7;2;9;9;6;2;3;6;Yes;Digital Marketing Specialist
3;2;9;6;0;0;6;7;6;1;5;7;9;7;4;4;9;9;0;1;No;DevOps Engineer
1;5;6;1;3;9;9;6;3;6;5;5;5;8;6;6;7;5;9;8;Yes;Network Engineer
0;5;4;5;5;0;5;5;7;2;2;5;1;9;1;6;5;3;8;7;Yes;Front End Developer
6;3;0;3;4;9;0;5;9;9;8;9;1;5;6;6;4;9;2;1;No;UI/UX Designer
5;6;6;1;2;0;3;3;4;0;4;9;2;0;9;0;2;5;5;9;No;Quality Assurance Engineer
4;2;7;3;2;1;4;3;6;4;3;9;2;2;0;2;4;9;6;1;No;Game Developer
7;2;8;0;0;7;2;0;3;1;1;3;7;4;8;1;5;2;7;8;No;Software Tester
5;3;6;2;6;6;2;5;6;3;3;0;5;1;3;7;4;3;6;3;Yes;Data Scientist
2;3;0;0;3;8;0;1;6;9;7;1;4;0;3;6;3;5;8;3;Yes;Computer Programmer
2;3;3;0;0;3;3;7;9;8;2;9;7;6;9;1;1;6;1;1;No;Computer Science Teacher
9;3;2;5;1;4;0;9;9;2;8;7;0;0;3;2;9;1;4;0;No;Mobile App Developer
1;6;8;6;6;0;1;6;8;1;9;6;6;8;5;0;7;0;3;7;Yes;Computer Systems Analyst
6;2;9;3;7;3;9;9;4;4;9;1;5;8;3;1;6;6;9;1;Yes;Computer Programmer
2;8;2;6;1;2;8;8;5;1;4;0;9;9;3;6;1;9;5;2;Yes;Cybersecurity Analyst
8;6;6;4;0;3;0;9;8;0;4;3;2;6;4;8;5;3;5;5;No;Artificial Intelligence Engineer
1;7;1;7;6;2;9;2;5;6;1;4;6;7;7;1;5;4;7;7;No;DevOps Engineer
6;9;9;1;4;4;4;3;3;4;7;7;8;7;9;2;8;2;1;6;No;Software Developer
7;2;9;6;4;9;0;5;8;6;4;1;1;8;6;8;6;5;3;0;No;Computer and Information Systems Manager
7;9;5;8;1;0;6;7;9;8;4;1;4;1;2;6;7;4;9;6;Yes;Database Administrator
4;9;9;8;2;0;9;7;8;1;0;3;6;8;5;7;0;8;0;2;Yes;Computer Hardware Engineer
7;8;0;5;9;0;1;1;2;9;8;6;8;9;7;2;4;8;3;4;Yes;Computer Hardware Engineer
1;9;9;0;5;1;9;7;2;7;3;7;9;2;4;0;4;7;8;5;No;Technical Support Engineer
2;7;3;7;3;7;2;8;9;1;1;5;2;0;9;8;8;7;8;6;No;Game Developer
8;0;2;4;4;7;4;1;3;6;5;4;2;2;8;0;2;1;3;0;Yes;IT Project Manager
4;6;9;0;0;5;4;4;1;7;2;4;1;3;3;6;3;4;3;6;No;Blockchain Developer
2;2;0;8;9;9;9;3;7;4;9;9;2;1;7;4;0;4;6;3;Yes;Front End Developer
8;7;6;2;7;1;2;7;6;0;0;1;1;0;6;9;6;7;9;4;Yes;Embedded Systems Engineer
9;7;4;7;0;6;7;3;8;7;7;9;0;1;9;8;3;5;7;7;Yes;Game Developer
1;6;9;9;4;8;7;0;9;6;2;1;5;1;0;4;0;1;4;1;Yes;Artificial Intelligence Engineer
5;9;7;0;4;1;7;3;0;7;8;7;5;9;9;2;8;3;4;3;Yes;Back End Developer
7;7;7;0;3;6;9;5;2;8;9;6;3;0;9;8;1;9;2;1;Yes;Cybersecurity Analyst
9;2;7;7;3;2;9;9;2;0;4;9;6;3;0;0;2;2;5;6;No;Software Tester
5;9;3;4;2;4;8;4;2;2;4;0;5;2;2;5;4;6;0;4;Yes;Blockchain Developer
4;7;1;7;0;6;4;5;3;2;8;9;6;3;8;6;6;9;5;8;No;Computer and Information Research Scientist
7;3;4;2;6;8;2;3;2;1;4;5;0;8;0;5;6;9;2;3;Yes;Systems Analyst
8;3;9;3;3;1;2;5;6;0;0;3;2;3;7;4;8;3;7;8;No;Mobile App Developer
8;4;7;6;7;5;2;3;0;3;7;4;6;6;1;2;4;3;7;2;Yes;Network Engineer
8;8;7;9;4;6;1;6;9;4;0;0;3;7;5;6;2;5;3;7;Yes;Front End Developer
5;3;7;5;4;3;3;0;9;1;2;9;9;6;0;6;5;0;9;0;No;Computer Systems Manager
8;9;4;7;2;3;0;9;7;4;0;8;1;1;9;3;0;1;7;6;No;Computer Systems Analyst
0;3;6;9;5;4;1;7;5;3;9;1;9;3;2;2;2;9;2;3;Yes;Database Administrator
6;2;2;8;6;4;5;4;9;9;1;9;0;9;2;6;3;9;7;4;No;IT Project Manager
9;5;1;0;9;5;0;8;6;3;8;1;5;1;7;4;2;5;2;7;Yes;Cloud Architect
6;1;7;3;9;9;5;4;6;3;5;9;1;4;7;2;3;8;9;8;No;Research Scientist
1;4;5;6;2;5;5;6;7;9;5;6;1;2;3;2;0;7;4;9;No;Computer Programmer
0;1;4;4;2;1;3;0;6;9;5;5;0;7;8;8;3;6;9;0;No;IT Project Manager
8;4;6;6;1;5;3;9;3;6;0;9;2;8;5;4;6;6;4;9;Yes;Artificial Intelligence Engineer
6;4;3;0;6;1;9;7;4;2;9;3;6;3;0;4;5;7;4;7;Yes;Mobile App Developer
6;2;9;8;8;3;0;0;7;0;1;4;9;6;2;5;5;8;5;3;No;Artificial Intelligence Engineer
3;2;2;5;6;9;1;3;0;3;9;7;5;0;0;0;3;0;7;4;Yes;Database Administrator
1;0;4;2;6;4;1;5;9;0;4;1;4;5;9;3;8;6;2;3;Yes;Game Developer
9;9;5;4;8;3;8;8;7;4;5;4;9;6;4;5;3;6;8;2;No;Research Scientist
1;4;0;5;5;3;2;1;6;6;5;5;9;3;9;1;5;4;9;7;Yes;Cloud Architect
7;6;7;5;8;5;4;5;8;1;8;8;0;4;1;3;7;3;3;1;No;Technical Writer
2;8;2;8;0;2;9;0;6;1;0;2;0;9;5;7;2;3;3;3;Yes;Quality Assurance Engineer
4;0;4;7;3;0;6;1;2;0;7;7;5;6;9;3;4;6;4;9;No;Network Engineer
8;1;9;8;6;9;7;6;4;5;9;8;0;1;3;4;1;6;2;1;Yes;Software Tester
8;1;8;0;5;2;9;0;9;7;1;0;9;1;1;0;5;5;8;0;Yes;Business Intelligence Analyst
9;9;7;0;3;9;8;8;9;9;5;2;5;9;9;9;1;5;8;4;Yes;IT Project Manager
0;4;2;3;3;0;1;9;6;9;0;2;5;1;7;8;1;7;9;2;No;Technical Support Engineer
7;8;8;4;3;2;7;4;7;8;5;3;8;9;3;2;6;4;4;8;No;Computer and Information Systems Manager
4;4;6;9;2;8;7;1;3;6;9;3;7;9;6;6;3;3;1;9;No;Mobile App Developer
2;0;1;0;1;3;0;1;8;6;4;4;8;5;1;5;6;5;1;0;No;Computer Science Teacher
8;6;0;3;7;8;4;5;0;9;6;1;7;2;6;3;2;6;1;5;No;Computer Systems Manager
3;8;6;7;6;2;7;0;9;4;0;3;3;4;7;0;0;5;4;2;No;Software Developer
0;1;6;2;7;3;8;1;9;2;7;6;4;2;7;1;6;7;9;3;No;IT Support Specialist
3;3;0;5;1;1;8;0;1;5;4;1;1;4;4;8;5;0;4;3;Yes;Network Engineer
8;1;4;7;7;5;8;6;8;2;9;8;0;1;5;4;7;7;6;4;Yes;Web Developer
5;7;8;1;9;9;1;3;2;2;5;9;4;4;3;3;9;7;3;0;Yes;Network Administrator
5;8;3;4;9;3;2;2;8;6;6;5;3;7;7;2;9;9;8;6;Yes;Game Developer
2;8;1;8;5;0;7;1;8;5;1;9;2;6;8;4;3;3;8;6;No;Computer Network Architect
0;6;9;2;1;2;8;1;5;4;4;9;6;7;8;6;4;4;2;1;No;Front End Developer
8;1;2;5;3;1;0;7;5;7;8;9;8;4;9;5;8;4;7;5;No;Computer and Information Research Scientist
4;8;4;8;5;3;1;7;9;4;2;7;9;7;5;1;5;8;4;8;No;Embedded Systems Engineer
2;5;5;0;6;9;2;3;2;6;7;7;5;5;6;6;2;1;0;5;No;Technical Writer
2;6;1;2;1;8;1;9;2;5;7;4;3;5;4;1;7;3;0;9;No;Technical Support Engineer
6;3;4;3;0;8;4;8;5;5;7;5;8;5;8;2;6;4;8;4;No;Data Scientist
8;6;9;9;8;9;2;6;3;1;9;6;4;8;3;1;5;0;5;7;Yes;Technical Support Engineer
3;9;1;0;1;5;9;2;2;1;4;1;0;1;6;9;5;0;3;4;No;Business Intelligence Analyst
3;5;7;1;6;0;0;0;9;9;7;7;2;7;6;8;6;8;1;5;Yes;Research Scientist
1;6;8;1;9;2;6;0;2;8;6;7;3;1;3;5;9;9;7;1;No;Research Scientist
5;0;6;9;0;1;5;8;6;7;9;7;5;9;5;1;3;6;7;8;Yes;Computer and Information Systems Manager
2;3;6;7;3;5;7;1;7;5;6;8;9;5;1;8;3;2;1;9;Yes;UI/UX Designer
9;8;9;3;7;7;8;7;4;6;9;0;7;6;8;7;0;6;0;0;Yes;Computer Hardware Engineer
0;2;9;5;3;5;3;1;4;7;3;0;6;1;5;6;1;7;6;1;No;Quality Assurance Engineer
3;8;8;6;5;5;8;7;9;1;7;4;8;5;2;3;7;5;1;0;Yes;Full Stack Developer
5;6;3;4;9;7;0;8;3;9;5;1;5;9;4;6;4;7;5;8;No;Quality Assurance Engineer
1;0;8;1;5;7;9;1;7;0;6;3;0;6;0;9;9;9;1;8;Yes;Game Developer
5;8;6;0;6;8;0;4;9;3;1;5;8;0;7;8;1;7;4;6;No;Digital Marketing Specialist
2;4;0;4;7;6;0;9;8;0;4;9;1;0;8;4;5;3;0;1;No;Software Tester
1;4;4;1;1;0;8;7;8;1;9;0;7;7;3;9;3;2;2;4;No;Data Scientist
9;3;2;2;3;7;1;9;8;6;7;7;7;3;6;5;5;7;7;1;No;Quality Assurance Engineer
4;7;5;9;4;6;7;0;2;7;3;0;9;3;3;1;2;8;8;2;Yes;IT Project Manager
6;9;6;5;4;8;6;2;7;7;7;1;2;7;7;3;4;3;3;1;No;Software Tester
1;8;4;1;9;6;9;0;5;3;6;8;0;2;0;4;0;9;2;2;No;Systems Analyst
2;1;9;7;7;8;0;1;6;4;0;0;0;5;0;0;6;5;0;7;No;IT Sales Professional
1;4;2;4;1;2;8;3;5;5;5;7;5;3;4;6;8;4;1;7;No;Artificial Intelligence Engineer
0;3;3;0;2;2;0;2;8;1;4;7;5;5;3;2;6;2;5;8;No;Full Stack Developer
4;6;3;0;6;5;6;0;5;6;9;2;2;6;9;1;2;1;2;6;No;Computer Science Teacher
8;7;1;6;3;4;8;2;1;9;8;1;5;9;5;8;3;4;4;4;No;Business Intelligence Analyst
4;6;3;0;5;2;3;5;3;5;6;2;6;9;9;2;2;4;1;1;No;Computer and Information Research Scientist
5;2;4;4;5;3;7;4;2;7;4;7;6;7;5;7;8;9;5;8;Yes;Cybersecurity Analyst
8;5;1;7;5;4;5;9;8;7;6;7;8;6;0;9;2;5;1;9;Yes;Software Developer
5;5;6;4;2;1;8;5;5;1;0;8;9;8;4;8;9;8;2;6;Yes;Digital Marketing Specialist
5;8;0;7;1;3;7;3;9;3;5;9;4;0;5;3;4;5;9;6;Yes;Systems Analyst
2;4;8;6;9;5;4;1;9;5;1;0;8;5;5;4;7;1;5;2;Yes;Software Developer
6;2;1;7;7;6;3;3;0;3;5;3;9;8;4;6;9;4;0;6;Yes;Front End Developer
1;6;5;7;6;2;5;9;6;2;0;2;9;9;4;1;5;9;9;7;Yes;Artificial Intelligence Engineer
0;4;7;4;1;5;9;2;1;2;7;9;2;2;5;1;4;1;9;2;No;Technical Support Engineer
2;6;6;2;3;1;6;8;0;4;3;4;3;4;7;0;4;3;1;3;No;Software Tester
6;3;5;3;6;6;0;0;6;8;9;1;7;2;8;4;9;1;4;2;Yes;Cloud Architect
4;3;7;2;2;6;0;0;5;3;1;0;9;2;5;7;2;0;9;8;Yes;IT Project Manager
9;9;8;3;7;3;3;7;2;4;9;7;0;1;2;8;4;8;5;1;Yes;Computer Hardware Engineer
8;5;8;6;9;7;2;6;9;3;8;0;8;0;1;3;3;4;8;1;No;Computer Hardware Engineer
7;4;5;3;3;7;6;2;7;2;3;1;3;5;3;3;4;0;1;7;Yes;Computer Science Teacher
8;5;3;9;3;7;8;7;4;3;8;6;7;6;2;2;7;4;5;8;No;Full Stack Developer
0;4;3;0;9;7;4;6;8;7;6;2;1;1;6;7;5;5;0;5;Yes;Data Scientist
0;0;0;7;8;9;9;6;1;9;1;1;5;4;8;6;3;4;7;1;No;IT Sales Professional
9;5;5;3;1;6;3;9;1;3;1;5;4;4;4;4;9;9;1;9;No;Computer Systems Manager
4;2;9;9;9;4;7;8;9;0;5;2;0;9;3;0;7;0;2;2;No;Machine Learning Engineer
6;3;2;9;8;6;8;7;7;8;5;7;7;6;4;5;8;4;3;8;No;Network Administrator
4;8;5;5;8;1;7;6;6;9;4;2;0;7;8;7;3;8;9;7;Yes;Front End Developer
1;5;9;0;6;8;3;4;7;8;7;1;1;5;2;9;4;5;5;8;No;IT Project Manager
2;7;2;0;2;8;6;7;5;3;9;2;5;8;2;0;7;9;5;2;Yes;IT Support Specialist
6;9;1;2;6;6;8;1;3;0;7;0;2;6;4;7;8;8;9;6;Yes;Front End Developer
0;1;1;4;3;1;5;0;2;5;0;4;1;9;6;5;3;6;3;0;No;Network Engineer
3;4;9;6;7;6;0;6;9;7;9;0;7;8;1;1;7;2;3;1;No;Software Tester
1;4;4;2;5;1;7;8;6;2;2;0;8;4;1;8;7;6;8;6;Yes;UI/UX Designer
8;1;7;1;3;6;6;7;2;6;2;0;0;4;1;2;8;1;0;4;No;Software Tester
2;5;0;6;7;4;7;5;4;4;9;9;5;7;7;0;2;5;2;0;No;DevOps Engineer
2;1;8;5;8;4;3;0;4;2;1;9;4;7;5;8;2;3;1;2;No;Technical Writer
4;4;6;5;4;1;9;2;5;9;1;8;4;3;2;9;7;2;4;4;Yes;DevOps Engineer
2;7;3;8;7;2;2;5;1;7;9;6;6;4;8;4;7;4;5;0;No;Database Administrator
0;3;6;9;7;7;3;4;4;4;5;8;0;2;0;4;9;6;3;1;No;Cloud Architect
5;9;1;9;3;3;8;9;3;8;8;2;8;6;4;0;7;6;4;3;Yes;IT Project Manager
6;6;5;1;8;1;0;1;1;9;6;4;9;9;8;9;5;5;4;8;Yes;Front End Developer
6;2;0;9;7;1;0;9;3;4;5;7;4;4;2;1;5;8;0;7;Yes;Database Administrator
8;3;5;4;8;3;0;7;9;5;0;7;2;2;6;0;2;4;9;2;No;Digital Marketing Specialist
6;3;3;7;3;1;5;6;4;9;9;2;8;9;2;5;0;3;8;1;No;Digital Marketing Specialist
9;2;5;9;2;8;9;7;2;8;6;1;3;9;5;6;0;9;2;5;Yes;Technical Writer
7;0;6;7;4;1;2;3;0;3;5;6;8;5;4;5;1;0;4;0;Yes;Digital Marketing Specialist
9;7;1;9;6;7;3;2;5;8;0;2;5;0;4;9;0;0;1;1;No;Software Engineer
9;7;7;2;9;0;6;1;6;4;9;1;5;5;8;7;0;5;8;7;Yes;IT Project Manager
4;4;2;4;2;2;4;9;9;9;9;2;1;4;1;7;4;4;4;8;No;Embedded Systems Engineer
2;7;2;0;1;8;2;6;7;8;0;1;7;5;6;3;5;7;5;9;No;Computer Science Teacher
9;5;4;2;6;3;8;1;9;6;2;8;7;8;1;2;9;0;8;2;Yes;Cloud Architect
3;7;3;8;4;7;6;5;7;8;4;1;3;7;3;2;2;9;4;0;Yes;Game Developer
2;8;1;3;5;5;2;3;1;3;1;8;3;2;6;7;7;8;4;9;Yes;Technical Support Engineer
5;6;6;7;1;5;4;7;3;7;5;1;7;6;0;7;9;0;1;0;No;Computer and Information Systems Manager
1;2;5;2;6;6;6;7;6;9;2;2;8;2;1;9;5;4;1;5;Yes;Computer and Information Systems Manager
8;8;5;0;8;6;9;7;4;6;0;0;8;0;0;9;1;3;6;4;Yes;Back End Developer
6;9;9;6;8;8;6;9;6;8;8;9;5;1;1;2;3;8;3;8;Yes;Computer Systems Analyst
5;2;1;7;4;7;2;3;5;1;3;1;2;6;1;3;3;1;9;4;No;Machine Learning Engineer
6;4;9;1;7;5;7;6;7;4;3;7;8;4;1;8;0;3;2;0;Yes;Cybersecurity Analyst
5;8;8;4;7;1;4;8;6;4;2;9;8;9;2;8;2;4;1;3;Yes;Software Engineer
1;0;6;9;4;8;6;8;9;6;0;3;0;8;2;8;5;1;5;2;No;UI/UX Designer
2;8;9;8;4;8;1;2;1;3;3;9;8;3;8;2;8;4;1;3;Yes;Game Developer
7;3;3;3;0;3;8;3;5;2;4;9;4;9;8;7;7;7;2;5;No;Computer Hardware Engineer
6;5;6;7;3;7;5;1;9;9;7;9;8;1;4;6;3;3;3;2;No;Network Engineer
6;3;0;1;5;1;0;4;1;8;3;1;1;9;8;7;8;1;4;0;Yes;DevOps Engineer
7;7;7;6;7;9;5;9;0;6;9;8;4;8;8;3;0;2;4;5;No;Research Scientist
9;5;7;0;0;0;0;2;0;8;7;1;9;3;4;2;3;1;8;9;Yes;Full Stack Developer
7;3;2;6;9;7;8;7;0;3;2;5;6;4;1;6;4;9;6;8;No;UI/UX Designer
3;2;7;0;5;1;6;3;8;1;0;0;0;2;0;7;7;4;7;9;Yes;Systems Analyst
2;6;7;0;5;6;1;8;5;6;4;9;4;6;2;3;7;5;9;4;No;Technical Writer
4;6;4;3;0;9;7;2;6;3;8;5;1;8;6;2;2;7;7;8;Yes;IT Project Manager
1;7;0;4;2;0;2;2;8;0;0;9;3;0;8;4;8;4;0;7;No;Digital Marketing Specialist
8;3;4;2;0;9;5;9;8;9;2;4;0;8;8;7;3;6;0;6;No;Computer and Information Research Scientist
1;6;6;8;2;4;6;3;8;2;5;1;7;0;4;2;7;3;9;3;No;Systems Analyst
8;3;1;2;4;2;9;0;3;6;1;9;6;1;9;2;1;1;8;5;No;Network Administrator
9;8;3;9;4;2;6;4;4;6;9;8;7;3;9;9;0;2;1;8;Yes;Mobile App Developer
7;3;2;5;9;4;2;4;5;4;6;4;1;0;4;3;4;8;9;8;No;Technical Writer
6;0;9;8;7;8;8;7;0;6;0;7;8;7;4;0;8;5;0;4;No;Digital Marketing Specialist
3;7;2;1;7;4;4;7;2;9;5;3;8;8;2;7;0;8;6;5;Yes;Artificial Intelligence Engineer
0;0;0;0;1;6;6;2;0;4;9;3;4;0;2;7;6;0;5;8;No;Web Developer
2;8;3;7;3;3;4;1;5;8;2;1;1;4;2;1;6;9;7;0;Yes;Business Intelligence Analyst
4;5;3;2;5;0;6;0;6;3;7;2;6;6;7;9;6;9;3;7;Yes;Network Engineer
9;5;2;6;6;6;7;7;0;3;6;1;5;1;6;2;8;7;6;6;No;IT Consultant
3;3;6;8;9;7;0;1;2;6;5;5;7;8;4;4;2;8;5;8;Yes;Network Engineer
6;2;5;4;9;3;1;5;4;7;8;3;9;0;3;3;4;4;6;9;No;IT Consultant
7;1;0;1;9;8;4;2;5;3;8;9;9;6;3;9;3;6;5;7;No;Front End Developer
1;0;5;2;6;9;2;1;0;4;1;2;2;3;2;2;4;0;4;0;Yes;Blockchain Developer
5;6;6;4;3;2;4;7;6;0;2;4;5;7;4;7;0;2;3;1;Yes;Web Developer
2;4;9;2;3;4;3;0;8;3;0;3;6;8;3;3;2;5;1;1;Yes;IT Support Specialist
9;4;6;0;6;3;6;1;8;1;5;3;4;5;7;5;5;0;7;3;Yes;Cloud Architect
9;4;1;5;4;2;6;2;5;7;5;3;0;9;3;7;5;5;9;0;Yes;Mobile App Developer
3;1;5;8;5;4;7;3;6;2;2;7;7;5;4;9;4;4;1;5;Yes;DevOps Engineer
8;5;4;9;5;1;5;0;5;6;9;1;0;5;7;6;0;2;1;6;Yes;Software Tester
6;2;3;4;2;2;6;9;2;1;3;6;7;2;3;0;6;0;5;2;Yes;Mobile App Developer
4;7;1;7;3;1;6;6;9;9;7;3;1;3;2;9;5;5;8;4;Yes;Technical Support Engineer
3;5;9;1;5;5;1;1;4;3;8;6;6;7;0;4;8;5;0;8;Yes;Front End Developer
1;2;9;4;9;5;2;9;4;3;8;8;8;4;6;8;6;5;9;7;Yes;Computer Network Architect
0;7;8;0;2;9;7;9;9;4;0;7;8;1;3;1;4;3;1;9;Yes;Front End Developer
9;9;7;6;5;8;2;5;4;8;3;7;5;7;3;3;4;0;5;3;No;Computer Hardware Engineer
4;5;8;6;3;5;4;5;3;0;0;1;5;2;0;3;9;8;5;3;No;Network Engineer
4;2;7;7;9;4;4;6;0;5;9;7;9;3;8;4;0;7;0;9;No;Cybersecurity Analyst
1;0;4;8;6;3;8;7;2;4;3;5;1;7;0;5;1;5;9;9;No;Mobile App Developer
0;7;3;9;5;8;8;5;9;1;9;4;6;8;3;7;5;5;5;3;No;Game Developer
5;7;8;2;7;2;6;9;6;0;1;5;0;2;4;5;3;7;5;3;No;Computer Programmer
3;1;5;0;4;7;0;1;6;0;7;2;1;2;1;0;6;5;3;0;Yes;Artificial Intelligence Engineer
9;1;9;4;6;8;8;3;5;2;9;6;9;5;8;9;1;3;8;4;Yes;Computer Programmer
6;8;7;2;9;1;3;3;9;9;8;8;7;6;2;3;3;6;5;8;No;Technical Support Engineer
8;5;7;1;6;6;7;9;6;5;4;4;7;3;4;6;5;9;9;2;No;Mobile App Developer
1;7;3;2;4;7;7;8;3;6;9;6;5;7;4;0;7;8;2;5;No;Research Scientist
9;7;0;3;5;2;2;0;9;3;5;3;6;8;8;5;3;0;8;1;No;Computer and Information Research Scientist
0;5;1;8;1;7;8;7;0;3;7;2;1;3;5;0;3;7;3;3;Yes;Technical Support Engineer
9;1;0;8;7;3;4;1;9;4;9;8;1;1;6;6;5;6;0;3;No;Digital Marketing Specialist
9;8;4;7;5;6;2;4;8;9;7;0;4;9;9;3;2;2;4;1;Yes;Artificial Intelligence Engineer
9;2;7;2;6;5;8;3;4;5;2;3;3;2;2;5;2;7;0;3;Yes;Artificial Intelligence Engineer
7;9;4;8;8;7;6;2;1;7;8;8;9;7;0;6;9;4;0;3;Yes;Technical Support Engineer
2;9;2;9;4;1;4;2;3;3;5;3;7;4;6;2;4;5;2;8;No;Computer Programmer
8;8;1;6;3;5;9;7;1;3;0;0;3;1;0;4;9;0;5;6;No;Software Engineer
0;9;5;8;8;5;4;6;2;1;9;6;5;3;4;1;4;4;4;3;No;Computer Programmer
5;4;6;9;5;9;8;2;2;1;5;9;2;3;0;3;0;1;2;5;Yes;IT Support Specialist
4;4;2;7;2;8;7;4;5;2;5;6;5;3;4;3;4;4;0;4;Yes;Computer Network Architect
8;2;6;5;1;1;0;7;8;3;4;1;7;0;7;1;2;7;8;1;No;Database Administrator
0;2;6;6;2;6;8;5;8;6;0;3;8;6;8;3;1;1;7;5;No;Cybersecurity Analyst
0;5;0;4;9;2;4;1;3;1;5;4;5;9;3;3;0;7;1;3;Yes;Technical Writer
2;7;2;0;0;4;4;8;4;5;2;2;6;2;0;2;1;2;3;1;No;Software Developer
9;2;3;2;1;8;5;1;5;6;1;8;6;1;6;6;8;4;4;0;Yes;Computer Science Teacher
6;2;1;5;9;2;8;5;1;4;3;2;3;0;1;3;6;7;4;0;No;Computer and Information Systems Manager
5;8;5;0;9;3;3;3;3;1;1;3;0;6;1;6;4;1;0;5;No;Data Scientist
2;9;9;4;2;5;6;2;0;7;8;5;2;0;7;7;1;3;7;8;Yes;Computer Hardware Engineer
3;6;1;1;5;4;9;2;2;9;9;3;7;7;0;7;7;3;6;7;Yes;Technical Support Engineer
0;7;7;0;1;3;9;6;3;3;4;1;6;8;6;7;8;9;5;9;Yes;IT Project Manager
7;2;6;2;5;8;4;2;7;5;2;9;6;9;0;5;1;9;1;2;Yes;Front End Developer
7;2;9;0;4;2;2;5;8;0;6;9;1;5;4;8;8;8;3;1;Yes;Technical Writer
5;2;4;5;8;1;8;2;6;0;6;4;6;8;5;8;7;2;7;1;No;Software Engineer
7;7;4;1;6;1;6;9;5;0;1;2;8;2;5;5;1;0;1;1;Yes;Back End Developer
4;7;5;9;5;5;4;3;3;6;5;3;0;9;3;3;3;2;4;7;No;Research Scientist
0;8;7;3;3;3;4;5;8;6;0;7;8;3;7;0;2;9;0;9;No;Software Developer
0;8;3;0;6;1;5;4;6;5;3;0;7;8;9;9;1;8;6;5;Yes;Network Administrator
7;8;7;7;0;9;1;8;4;1;7;7;2;8;8;5;5;1;1;3;Yes;Computer Systems Analyst
3;0;3;9;6;6;0;7;6;0;0;9;5;7;6;3;6;0;7;7;No;Research Scientist
7;5;9;3;5;2;4;8;8;3;4;5;5;9;7;1;0;8;1;1;Yes;Network Administrator
7;3;9;8;6;3;2;4;1;1;3;8;0;3;3;9;6;9;5;8;Yes;Software Developer
6;0;3;5;2;9;5;2;8;8;4;7;0;0;9;3;4;8;5;4;No;Cybersecurity Analyst
9;5;7;4;4;4;6;4;5;8;7;1;3;7;0;3;2;4;5;5;Yes;Blockchain Developer
7;4;7;3;9;2;0;1;9;3;7;4;8;5;2;8;3;5;4;8;No;Web Developer
6;4;3;3;8;1;3;9;6;1;8;3;6;2;6;1;0;2;1;0;Yes;Network Engineer
8;8;6;1;4;0;7;7;8;0;9;7;4;7;3;9;3;2;5;7;No;Computer Science Teacher
0;7;9;2;6;0;1;5;1;4;5;4;7;1;8;4;2;7;3;8;Yes;Cybersecurity Analyst
3;2;3;5;4;4;2;5;9;2;0;8;2;5;3;5;4;0;3;7;Yes;Back End Developer
1;3;4;6;9;3;8;9;9;6;0;4;3;0;5;3;5;3;1;4;No;Cloud Architect
1;0;5;8;2;0;3;9;6;9;2;0;4;8;8;0;2;6;3;2;No;Network Administrator
5;0;7;4;1;3;0;1;9;3;2;2;7;6;6;2;9;5;6;7;No;Business Intelligence Analyst
4;4;3;8;8;6;2;2;3;8;5;4;9;4;6;5;3;0;9;2;Yes;Data Scientist
0;8;3;1;7;3;6;1;1;9;2;2;6;1;3;3;9;5;5;0;No;UI/UX Designer
5;8;9;5;2;4;0;4;0;3;9;5;7;3;8;5;9;4;5;1;No;Computer Hardware Engineer
7;3;9;6;0;3;3;3;7;2;2;9;8;0;6;0;3;4;2;1;No;Computer Systems Manager
7;0;2;8;3;1;4;6;1;7;3;0;5;4;5;2;5;0;1;8;No;Systems Analyst
3;1;9;4;1;5;0;7;2;0;4;5;0;5;7;8;8;7;0;7;Yes;Computer Systems Manager
8;7;8;5;0;2;3;9;1;8;7;2;3;0;0;8;3;0;4;1;No;Computer Systems Manager
6;9;3;1;5;0;1;8;6;0;0;0;2;3;5;0;2;5;6;6;No;Software Tester
9;2;7;1;8;9;8;2;9;3;2;9;7;5;9;5;3;0;9;0;No;Cloud Architect
2;3;3;4;2;1;3;4;2;6;4;2;8;0;7;8;2;4;5;8;Yes;Technical Support Engineer
0;3;1;6;8;2;6;4;5;6;8;9;0;0;9;7;7;3;3;2;Yes;Software Engineer
5;7;1;2;3;6;1;0;4;7;5;7;6;7;3;5;8;7;2;7;No;Business Intelligence Analyst
5;4;9;2;9;6;5;8;2;7;5;4;0;1;6;5;4;6;6;2;No;Data Scientist
1;4;2;3;4;2;4;2;9;9;4;5;7;7;8;2;9;8;5;0;Yes;Mobile App Developer
5;9;9;2;5;4;1;5;5;3;5;2;6;1;3;3;1;4;8;6;Yes;IT Consultant
1;0;4;5;7;7;0;9;1;5;7;8;5;0;4;1;8;3;2;7;Yes;Data Scientist
7;7;0;5;5;6;1;1;5;8;3;8;2;0;9;3;2;4;0;1;Yes;Systems Analyst
7;9;8;0;7;5;1;6;5;8;3;3;5;5;9;3;7;5;3;1;No;IT Project Manager
1;8;1;7;2;8;8;8;8;3;6;8;0;2;2;1;2;0;5;8;Yes;Game Developer
4;9;1;1;7;3;9;2;7;1;3;7;6;2;1;6;7;0;5;5;No;Software Engineer
6;4;2;8;4;7;7;5;6;3;4;5;6;5;1;5;0;3;3;8;Yes;Quality Assurance Engineer
9;9;4;7;3;9;2;3;3;4;6;1;1;6;3;7;6;3;4;4;Yes;IT Project Manager
0;9;0;8;5;8;7;6;8;5;3;8;4;6;9;3;1;9;6;8;Yes;Network Administrator
3;2;5;3;2;4;2;1;4;6;0;3;1;9;3;0;5;0;9;4;Yes;Network Engineer
4;8;7;5;3;0;2;4;7;5;2;2;9;9;1;4;2;1;4;6;Yes;Mobile App Developer
8;1;6;8;0;9;0;1;1;2;6;7;5;7;7;9;8;4;7;5;Yes;Computer Systems Manager
5;8;5;3;5;3;6;6;7;8;2;5;1;3;4;9;7;8;7;0;No;Technical Support Engineer
9;7;2;9;9;5;5;8;7;2;3;5;9;0;5;2;8;9;1;2;No;Research Scientist
5;9;7;3;7;9;7;3;8;5;0;4;5;3;6;4;3;7;7;0;No;Database Administrator
5;9;2;1;9;3;9;7;0;4;2;6;7;8;9;1;7;4;5;8;Yes;Computer and Information Systems Manager
0;8;1;4;3;4;8;7;5;4;7;7;2;9;2;2;3;5;4;1;Yes;Back End Developer
8;3;2;3;3;7;9;1;7;3;3;9;6;8;7;8;1;3;8;4;Yes;Mobile App Developer
2;1;1;6;4;9;2;8;0;3;3;7;2;4;2;6;3;0;2;7;Yes;Business Intelligence Analyst
1;2;7;7;6;0;0;3;0;5;2;8;3;0;2;9;9;3;2;2;No;Machine Learning Engineer
0;2;0;1;1;6;9;7;8;6;8;8;3;6;9;5;6;6;1;0;Yes;Software Developer
3;2;1;4;5;3;8;3;7;7;9;4;8;9;1;2;8;3;9;4;Yes;Machine Learning Engineer
8;3;3;6;8;0;4;6;2;3;7;1;0;4;5;0;8;4;5;5;Yes;Cybersecurity Analyst
9;7;9;4;0;1;5;7;7;2;8;9;3;6;7;6;9;2;8;8;No;Digital Marketing Specialist
1;5;5;9;0;5;7;4;4;7;3;7;7;7;7;2;0;2;3;0;No;Artificial Intelligence Engineer
7;6;6;0;9;2;6;2;4;1;0;1;5;8;2;0;7;7;7;9;Yes;Computer Network Architect
9;7;6;8;8;3;3;0;1;2;6;4;2;4;1;0;7;6;7;2;No;Computer and Information Research Scientist
3;9;1;7;3;4;1;5;9;9;0;7;1;5;8;1;4;5;7;5;Yes;Database Administrator
5;6;9;0;3;4;6;3;7;0;4;2;1;2;1;5;2;8;8;5;Yes;Embedded Systems Engineer
9;5;7;1;1;9;5;7;9;5;9;3;9;8;9;0;6;1;5;2;Yes;Computer Systems Analyst
6;5;4;5;6;9;1;0;4;6;9;5;5;2;5;5;7;4;2;8;Yes;Systems Analyst
1;7;2;8;6;7;9;5;7;4;5;4;9;5;6;4;2;9;8;5;Yes;Technical Writer
5;6;9;8;1;8;6;9;8;4;3;3;2;7;9;9;6;5;4;5;No;Computer Hardware Engineer
9;7;7;8;3;1;7;9;1;0;8;7;2;1;2;6;8;9;1;6;Yes;Cybersecurity Analyst
2;3;4;4;3;6;8;0;2;2;5;5;4;4;5;3;4;6;8;2;Yes;Business Intelligence Analyst
4;2;2;1;5;6;3;0;0;6;7;8;7;3;4;5;0;4;7;9;Yes;Cybersecurity Analyst
8;1;7;4;7;5;3;5;3;8;8;1;5;9;4;4;8;4;3;9;No;Computer Hardware Engineer
3;6;2;3;5;8;9;3;5;1;7;0;8;6;9;0;5;9;2;4;No;Cybersecurity Analyst
9;0;2;5;3;3;0;9;2;4;0;6;0;5;4;3;3;2;2;6;Yes;Computer Systems Analyst
1;8;4;7;0;6;4;7;3;7;8;3;5;9;7;0;3;2;9;6;No;Data Scientist
6;8;0;1;1;1;2;2;2;5;6;8;3;8;8;3;7;0;0;8;No;Network Engineer
9;0;1;1;8;2;6;4;3;7;1;7;3;1;7;7;1;1;4;2;Yes;Technical Writer
2;2;6;1;0;9;2;2;1;5;3;5;0;8;9;2;6;0;9;1;No;Web Developer
6;1;1;3;7;9;7;8;5;8;4;2;2;0;2;7;3;6;9;0;No;Computer and Information Systems Manager
5;4;6;0;3;0;2;4;0;0;1;1;5;9;7;1;5;3;8;6;No;IT Project Manager
8;5;7;2;6;0;0;1;0;9;8;8;7;7;7;7;4;5;7;7;Yes;Network Engineer
9;0;8;7;5;8;3;4;4;4;3;1;9;2;8;8;0;4;6;0;No;Data Scientist
0;4;4;9;3;3;5;0;0;5;5;3;9;1;5;3;9;0;3;8;Yes;Computer Systems Analyst
8;7;5;1;9;9;9;9;7;1;1;7;3;3;4;6;6;1;0;1;Yes;Network Administrator
2;5;9;2;4;7;9;4;6;4;0;0;8;9;2;9;3;4;5;3;No;Cybersecurity Analyst
3;1;6;9;2;7;7;2;7;3;6;9;7;3;3;6;1;0;8;3;Yes;Back End Developer
2;6;2;6;4;1;3;0;5;0;3;2;3;5;1;2;9;9;7;7;Yes;Data Scientist
0;8;7;1;0;0;7;8;2;4;7;7;4;2;3;1;1;0;9;0;No;Computer and Information Systems Manager
9;7;2;0;1;9;9;6;2;7;2;1;1;0;0;7;2;9;2;3;Yes;Front End Developer
9;7;9;9;9;0;2;8;4;4;1;2;1;6;3;1;5;0;8;4;No;Data Scientist
6;7;2;4;8;1;8;1;8;6;6;9;0;8;1;7;4;1;8;2;Yes;Computer Systems Analyst
2;9;2;5;8;0;6;6;0;3;5;3;4;6;2;9;8;6;2;4;Yes;Computer Science Teacher
7;0;5;7;4;0;0;7;3;2;9;0;8;8;0;8;9;9;9;3;Yes;Software Tester
1;3;2;2;0;8;2;6;7;1;6;3;2;1;7;0;4;2;0;6;Yes;IT Sales Professional
6;7;8;7;2;5;5;1;4;6;9;2;0;2;5;1;5;0;6;5;Yes;IT Project Manager
9;3;8;3;8;0;7;7;4;0;6;7;2;5;4;0;1;2;7;3;No;Computer Systems Analyst
6;3;2;6;1;5;6;3;0;0;1;3;5;2;8;0;4;4;8;5;Yes;Systems Analyst
2;1;9;3;8;1;1;6;1;4;7;1;5;7;9;8;5;8;6;4;Yes;Network Engineer
7;7;8;4;9;3;5;6;5;0;5;1;8;1;6;3;9;5;2;0;Yes;Game Developer
3;7;3;7;0;8;4;9;3;6;8;4;9;6;5;1;9;7;7;4;Yes;Computer and Information Systems Manager
7;0;6;6;2;6;5;8;6;4;2;1;1;7;0;1;4;1;8;5;No;Computer Network Architect
9;5;9;3;2;8;4;1;0;2;8;6;5;4;7;5;5;1;2;9;Yes;DevOps Engineer
8;8;2;8;4;7;0;3;5;0;9;3;1;1;3;1;8;1;1;1;No;Computer and Information Research Scientist
8;3;6;8;0;3;6;6;9;8;1;6;8;5;0;6;6;0;2;9;Yes;Software Developer
1;9;5;7;4;8;0;2;2;5;5;8;9;9;1;6;5;3;6;9;No;Quality Assurance Engineer
1;0;6;2;3;2;7;9;1;5;0;9;1;4;9;9;4;8;2;9;No;Cloud Architect
0;0;3;0;6;1;8;6;3;9;3;2;5;0;4;1;4;0;6;7;No;Research Scientist
8;8;8;5;2;7;2;0;6;9;2;2;9;8;2;3;4;0;4;0;No;Full Stack Developer
0;6;8;7;8;9;7;0;3;2;4;4;2;2;8;8;2;7;5;2;No;Cybersecurity Analyst
3;3;1;1;4;4;2;4;7;1;0;6;4;4;0;8;9;6;7;2;Yes;Digital Marketing Specialist
2;8;4;4;2;5;9;9;4;4;8;4;8;5;7;8;3;3;6;5;No;Computer Science Teacher
3;4;4;6;0;0;3;1;2;0;5;9;0;6;5;8;2;5;5;6;Yes;Computer Systems Analyst
1;8;1;2;2;5;6;4;4;3;6;3;4;4;5;5;7;7;3;8;Yes;Computer and Information Research Scientist
9;2;5;8;0;2;0;0;1;4;9;4;9;7;6;9;9;6;7;3;No;Game Developer
5;6;5;8;7;3;3;9;0;6;4;0;2;0;6;5;2;4;6;3;No;IT Project Manager
7;0;0;0;7;2;6;8;6;9;8;2;0;3;4;3;4;4;3;5;Yes;Computer Hardware Engineer
9;2;9;0;8;2;3;2;9;7;2;0;9;0;0;8;3;5;0;9;Yes;Blockchain Developer
4;2;6;2;0;6;5;5;9;2;0;2;7;0;4;6;8;6;3;6;No;Blockchain Developer
6;4;6;7;5;5;7;9;8;4;0;6;3;6;3;4;8;3;5;5;No;Software Engineer
0;8;5;8;3;6;4;8;0;8;9;0;1;5;2;0;0;5;4;8;Yes;Cloud Architect
2;7;5;5;4;9;3;0;9;2;8;0;3;6;6;4;3;4;0;0;No;Artificial Intelligence Engineer
6;6;6;0;3;9;6;8;9;9;1;2;8;4;3;9;5;1;8;7;No;Computer Science Teacher
6;6;5;4;9;0;7;8;7;1;8;1;0;7;3;2;8;8;2;5;No;Machine Learning Engineer
3;5;3;9;3;2;7;5;2;4;8;3;5;2;8;8;8;5;1;4;Yes;Computer Hardware Engineer
2;4;2;3;7;6;0;3;1;7;9;7;0;5;4;6;0;2;5;9;No;Computer and Information Systems Manager
9;9;0;8;5;8;0;8;5;6;3;3;0;7;9;8;9;9;4;2;No;Back End Developer
7;3;5;5;7;5;6;0;0;9;1;6;8;6;2;0;9;2;9;2;No;Systems Analyst
6;7;9;8;3;8;3;3;2;3;1;6;0;4;8;9;9;6;7;6;No;Computer Network Architect
5;9;2;3;8;2;3;8;1;0;7;0;4;1;9;2;0;9;6;4;No;Software Developer
3;8;4;4;5;9;7;9;0;1;2;0;3;6;3;5;6;4;4;8;Yes;IT Sales Professional
7;0;5;1;2;5;7;3;9;6;2;5;7;5;8;6;4;3;8;7;No;Data Scientist
4;6;7;2;1;6;7;7;8;3;1;9;5;2;0;7;2;6;7;5;Yes;Blockchain Developer
8;3;4;5;0;0;9;7;8;3;2;0;9;4;0;5;0;0;5;9;Yes;Digital Marketing Specialist
6;3;4;9;4;9;5;1;6;4;5;9;3;2;1;1;0;9;3;1;Yes;IT Consultant
8;4;9;4;1;6;2;4;4;5;7;4;4;5;8;5;5;4;2;7;Yes;Mobile App Developer
7;7;8;9;3;9;4;1;9;5;4;7;9;3;8;6;9;1;1;6;No;Computer Hardware Engineer
5;8;0;3;3;0;7;5;2;8;2;3;9;1;7;5;0;4;4;2;No;Technical Support Engineer
1;0;0;0;2;7;5;5;0;9;0;7;6;3;7;9;4;9;3;6;Yes;Front End Developer
3;6;8;2;3;0;5;6;5;6;3;7;4;3;9;7;6;5;5;4;No;Machine Learning Engineer
2;2;1;1;8;2;3;0;7;1;3;1;1;2;6;7;4;6;9;5;Yes;Database Administrator
8;4;1;4;7;3;7;9;3;7;6;4;3;3;6;5;8;6;3;4;No;Computer and Information Research Scientist
0;4;6;6;3;1;8;5;8;2;7;7;5;2;6;1;7;6;4;0;No;Back End Developer
5;4;9;9;2;6;7;9;9;9;9;5;9;9;0;5;5;3;0;1;Yes;DevOps Engineer
8;1;8;1;1;0;9;5;3;3;6;6;7;2;6;8;2;1;9;9;Yes;Digital Marketing Specialist
5;0;2;2;4;0;3;6;3;3;1;9;7;6;8;9;2;6;7;7;No;IT Support Specialist
4;6;5;1;0;9;0;8;4;1;1;3;4;5;0;9;8;6;7;5;Yes;Software Developer
5;7;0;1;6;6;9;6;7;5;8;2;0;6;3;2;3;6;7;6;Yes;Network Administrator
4;8;5;9;0;6;7;2;1;5;1;6;4;4;4;2;8;2;6;5;Yes;Blockchain Developer
0;6;9;2;1;5;2;8;3;4;9;2;5;5;8;2;5;5;6;7;No;Research Scientist
7;0;8;8;5;4;1;6;9;6;3;3;6;8;3;5;6;2;0;2;Yes;Artificial Intelligence Engineer
6;0;6;9;0;9;0;4;5;6;3;0;9;5;9;0;9;6;1;1;No;Digital Marketing Specialist
8;4;6;4;0;6;3;7;1;0;4;6;2;5;3;3;5;0;1;4;Yes;Systems Analyst
6;9;4;7;8;2;8;4;9;8;3;6;8;3;6;4;3;5;7;1;No;Software Tester
7;4;3;4;2;3;8;8;3;8;7;1;6;0;9;3;7;9;1;4;No;Technical Writer
0;7;4;9;7;4;7;6;9;2;2;6;6;7;5;0;7;2;3;4;No;Software Engineer
9;9;2;3;3;8;5;7;8;8;7;2;4;6;2;4;5;0;0;5;Yes;IT Support Specialist
8;2;0;9;2;0;6;2;5;6;2;6;1;3;8;5;0;7;6;4;No;Database Administrator
4;7;8;6;1;0;5;1;8;4;6;1;4;6;0;1;7;1;3;3;No;Software Developer
2;8;8;1;6;5;5;7;4;4;8;1;2;7;5;6;6;7;1;5;Yes;IT Support Specialist
1;9;9;4;0;1;6;8;3;4;8;7;1;9;6;2;5;9;5;2;No;Artificial Intelligence Engineer
5;8;2;9;9;4;9;7;4;3;4;4;2;1;6;4;6;4;1;6;No;IT Sales Professional
0;2;4;7;6;5;7;8;9;8;9;7;1;4;1;7;1;4;8;2;Yes;Computer and Information Systems Manager
8;5;1;5;7;5;4;7;8;9;7;6;7;0;9;6;4;7;9;8;No;UI/UX Designer
9;3;9;9;3;1;7;2;2;7;0;2;8;7;7;4;9;6;4;1;Yes;Back End Developer
6;7;8;7;9;8;7;3;7;6;5;3;9;6;1;5;8;1;7;7;Yes;Network Administrator
8;6;5;5;8;1;2;3;6;8;3;9;0;3;5;5;4;6;3;5;No;Full Stack Developer
2;7;9;2;3;6;5;5;5;6;4;4;2;7;8;4;9;7;3;2;Yes;Computer Systems Manager
6;2;0;0;6;4;2;4;4;2;2;4;0;7;4;7;7;3;9;5;No;Software Engineer
0;6;2;6;0;9;9;8;2;7;0;6;8;8;4;7;9;5;7;6;Yes;Full Stack Developer
7;7;6;4;4;2;2;8;7;7;9;1;9;1;9;4;7;2;2;0;No;Digital Marketing Specialist
1;4;0;0;3;3;3;5;4;1;8;1;3;1;0;7;6;4;5;6;Yes;Software Engineer
8;6;8;7;1;8;7;6;2;4;5;0;1;0;6;0;3;9;9;6;No;Quality Assurance Engineer
7;0;1;0;2;7;1;1;2;9;5;8;5;0;7;5;1;7;5;3;Yes;Web Developer
3;3;8;5;4;3;4;2;4;4;8;5;3;9;7;6;8;8;2;9;No;Web Developer
7;1;8;8;0;4;3;5;6;6;0;6;7;0;2;0;0;3;4;0;No;Digital Marketing Specialist
1;7;0;6;9;7;6;1;4;5;6;8;0;8;1;8;1;0;9;2;No;Digital Marketing Specialist
4;9;7;7;4;3;7;7;0;3;7;0;9;2;3;6;6;9;7;1;Yes;IT Support Specialist
3;2;3;4;0;2;7;9;1;5;3;3;9;9;4;8;4;7;6;4;No;Game Developer
4;5;4;9;7;1;4;2;1;7;2;5;3;2;1;0;9;3;0;5;No;Computer Hardware Engineer
8;6;6;4;7;1;5;0;4;5;7;5;5;9;0;6;9;1;1;1;Yes;Embedded Systems Engineer
5;4;1;8;8;3;1;5;1;2;7;6;2;7;2;4;9;0;5;1;Yes;Software Engineer
0;4;5;4;9;9;2;6;6;1;8;5;7;1;7;2;1;3;7;6;No;IT Sales Professional
3;5;8;0;1;2;7;6;2;8;6;3;5;4;3;8;2;4;7;7;Yes;Web Developer
0;7;7;8;0;5;9;8;1;9;3;3;3;0;4;3;8;3;2;3;No;Network Engineer
0;1;6;4;5;1;8;4;1;5;7;5;6;9;5;5;4;5;5;3;No;Software Developer
9;6;7;0;1;6;3;9;5;4;9;9;2;8;9;0;4;5;2;0;No;IT Support Specialist
6;2;4;5;6;0;0;7;2;0;2;4;1;0;4;1;7;9;3;4;No;Computer Hardware Engineer
5;8;3;3;5;8;6;1;9;2;2;8;7;7;1;3;3;5;2;1;Yes;Digital Marketing Specialist
2;7;5;5;3;4;3;4;0;6;4;4;4;8;0;1;9;0;8;4;No;Network Administrator
8;8;6;0;4;7;8;3;9;2;8;4;6;7;2;9;2;3;0;5;Yes;Computer Network Architect
7;1;3;6;5;1;4;4;6;6;2;6;2;2;1;1;4;0;0;8;Yes;Cloud Architect
7;1;1;7;4;8;4;2;0;1;6;5;6;1;7;3;1;8;4;9;Yes;Software Tester
3;1;0;8;3;2;6;1;0;0;2;4;8;5;8;1;0;8;3;4;Yes;Systems Analyst
4;5;3;7;3;7;4;4;0;7;1;8;5;4;8;9;3;2;1;5;No;Cloud Architect
7;1;8;5;1;4;2;8;2;7;7;0;1;6;7;1;2;9;1;2;No;Cloud Architect
5;0;5;7;9;6;9;7;4;3;6;9;9;5;9;8;5;8;2;3;Yes;Network Engineer
5;8;4;6;6;4;7;9;5;8;7;6;7;3;1;4;1;6;5;9;No;Business Intelligence Analyst
9;4;3;5;2;9;2;3;3;7;4;0;6;8;3;3;3;0;7;4;No;Game Developer
7;6;6;4;4;3;8;1;2;4;1;9;5;9;2;6;0;1;8;9;Yes;Network Administrator
5;8;8;3;7;5;0;2;2;3;6;5;2;4;7;0;0;3;2;8;Yes;Systems Analyst
3;9;0;4;0;3;2;7;4;7;6;4;3;3;4;2;5;8;5;7;No;Quality Assurance Engineer
3;2;8;4;2;1;4;9;2;3;3;4;1;6;7;4;9;6;5;2;No;Database Administrator
6;9;4;3;8;9;1;1;5;1;5;4;6;6;0;1;6;4;6;6;Yes;Computer and Information Systems Manager
6;1;0;8;6;1;4;9;8;5;3;0;6;5;3;2;4;8;0;4;No;IT Project Manager
3;9;3;7;9;9;0;0;9;7;9;9;9;7;8;2;0;1;3;7;Yes;Technical Support Engineer
8;3;9;0;0;8;7;1;3;5;0;0;0;6;8;1;1;9;0;9;No;Software Engineer
2;2;9;3;9;0;4;4;2;2;0;3;3;4;0;2;8;8;4;7;No;UI/UX Designer
2;8;1;5;4;8;5;1;0;6;4;0;5;2;8;0;9;8;6;2;Yes;Cybersecurity Analyst
1;2;5;7;2;1;7;9;1;6;1;3;5;4;4;3;2;3;4;1;Yes;Web Developer
2;3;4;6;1;0;1;0;8;8;5;9;0;8;4;9;1;2;8;3;No;IT Support Specialist
6;4;7;2;7;3;1;8;4;2;6;1;0;7;9;1;0;0;5;2;Yes;Network Engineer
9;2;4;9;7;6;1;8;3;4;8;7;7;9;8;6;7;6;6;3;No;IT Consultant
6;1;3;8;0;6;5;3;3;3;2;6;8;6;1;0;0;3;0;6;Yes;Computer and Information Research Scientist
1;6;3;6;6;7;0;1;2;4;7;2;1;7;3;3;5;7;9;2;Yes;Software Tester
3;0;7;2;9;2;7;7;8;1;4;3;1;7;6;2;7;2;3;2;No;Mobile App Developer
8;1;8;1;5;0;3;0;8;9;5;7;6;8;5;5;7;6;8;6;No;IT Consultant
0;4;5;2;8;0;2;0;8;8;9;4;1;4;1;4;1;6;9;2;No;Embedded Systems Engineer
4;8;9;6;4;2;4;4;4;0;3;9;9;0;3;0;1;2;9;2;No;Cybersecurity Analyst
8;6;8;3;9;9;1;7;4;0;3;4;7;9;4;4;6;8;4;0;No;Artificial Intelligence Engineer
7;5;1;7;8;4;5;7;4;3;1;7;1;3;5;7;0;1;6;9;Yes;Mobile App Developer
8;9;2;4;2;6;1;5;3;2;5;0;9;2;3;1;2;9;4;7;No;Back End Developer
9;6;9;9;8;3;1;9;2;0;0;7;9;3;7;9;8;1;5;3;Yes;Computer Hardware Engineer
1;3;4;9;5;3;4;5;6;3;5;3;9;4;4;8;7;6;6;8;Yes;Data Scientist
8;6;4;3;9;6;1;4;5;9;9;8;2;9;7;0;0;7;9;8;Yes;Digital Marketing Specialist
4;7;7;2;4;4;6;8;0;3;8;1;8;9;0;8;9;5;8;2;Yes;DevOps Engineer
0;1;6;2;5;6;0;8;6;8;5;3;4;5;6;9;1;9;0;9;Yes;Embedded Systems Engineer
9;0;8;2;1;7;2;7;6;8;5;0;2;3;3;5;2;9;5;3;Yes;IT Project Manager
8;0;5;5;1;7;2;5;4;0;0;4;1;9;7;1;8;6;4;5;Yes;Technical Support Engineer
4;8;0;8;5;0;3;7;6;9;2;3;0;8;8;6;4;5;9;6;No;Full Stack Developer
0;7;6;4;5;9;4;5;5;0;0;8;5;9;4;2;1;6;5;4;No;Web Developer
7;3;6;3;6;2;2;6;2;3;7;1;3;9;9;3;7;0;0;0;No;Computer Programmer
1;5;7;5;6;3;5;3;2;1;2;3;8;9;7;6;9;0;6;9;No;Cybersecurity Analyst
5;3;6;9;1;4;4;2;0;7;3;1;8;4;4;5;8;6;7;9;No;Machine Learning Engineer
3;7;6;6;4;7;4;0;7;9;8;0;1;5;6;3;4;4;0;0;No;Computer Programmer
0;1;0;6;5;7;4;5;1;2;0;0;0;2;9;6;4;9;2;3;Yes;IT Project Manager
7;3;0;9;8;0;2;7;7;1;3;4;0;6;3;0;0;4;1;4;No;IT Consultant
7;3;1;9;9;3;9;2;3;8;0;7;7;6;1;9;0;3;8;8;Yes;Software Tester
9;9;3;7;3;7;2;3;5;3;7;2;3;8;6;1;1;1;5;3;No;Computer Programmer
7;9;8;7;4;3;0;9;2;3;6;8;3;3;0;7;4;4;7;4;Yes;IT Project Manager
9;6;9;8;6;3;5;0;5;2;4;4;6;5;0;0;0;2;7;2;Yes;Computer Systems Analyst
8;8;0;4;3;5;2;7;3;5;6;6;7;0;8;8;6;1;8;8;Yes;Computer and Information Research Scientist
6;3;6;1;8;6;4;7;1;7;7;2;5;6;9;9;8;8;1;6;Yes;Front End Developer
0;2;3;3;9;0;2;6;3;6;5;2;9;1;0;5;7;4;6;7;No;Technical Support Engineer
2;9;4;4;7;3;3;2;2;6;1;2;9;3;1;8;7;7;5;0;No;Technical Support Engineer
1;7;0;2;0;1;0;8;1;5;8;6;2;2;6;0;4;2;2;2;No;Network Administrator
4;9;0;1;9;1;5;7;2;3;5;9;3;3;5;0;0;4;0;5;Yes;Technical Writer
4;6;3;4;7;8;0;6;7;9;3;3;9;6;1;7;1;9;0;8;Yes;UI/UX Designer
9;4;0;7;7;0;4;1;7;8;7;5;3;7;3;4;9;3;9;2;Yes;Cybersecurity Analyst
1;3;0;2;6;7;0;3;2;7;0;4;6;6;8;2;3;9;3;8;No;Back End Developer
7;5;6;5;8;3;1;8;5;8;7;7;8;8;9;0;0;8;5;7;No;IT Project Manager
5;5;2;6;9;8;2;2;5;4;0;9;1;7;2;2;6;4;8;5;No;Technical Writer
5;6;3;7;9;6;6;1;7;1;7;0;0;8;0;5;5;1;8;9;No;Software Developer
7;4;5;6;0;2;3;5;8;9;2;0;2;1;7;3;2;1;9;5;Yes;Computer Programmer
9;0;2;4;9;7;2;3;7;3;9;2;8;3;2;3;6;7;2;5;Yes;Computer Systems Manager
0;3;4;0;0;2;7;3;1;3;4;1;0;3;8;4;7;1;6;7;Yes;Systems Analyst
7;5;9;6;9;4;1;2;0;6;1;8;8;0;8;6;0;5;9;8;Yes;Computer Programmer
5;4;0;8;3;1;0;2;9;0;1;8;3;7;3;7;4;4;1;6;Yes;Computer Hardware Engineer
5;6;5;7;1;5;5;3;9;6;3;2;0;2;9;0;4;3;4;1;Yes;Technical Writer
6;0;4;5;1;3;7;7;6;0;1;1;5;7;4;2;5;3;0;1;No;Software Engineer
3;0;8;4;4;3;2;4;9;4;5;4;0;8;4;5;6;8;2;1;Yes;Business Intelligence Analyst
7;6;0;5;5;6;5;4;4;0;2;7;9;3;6;5;2;8;3;4;No;Technical Support Engineer
8;3;9;5;8;6;1;2;1;2;1;3;1;1;0;2;2;9;6;3;Yes;Software Tester
8;5;4;8;5;4;3;5;3;4;8;1;3;9;9;9;0;8;2;0;No;Database Administrator
4;2;7;1;0;2;1;8;5;6;4;7;7;8;5;8;2;4;9;0;Yes;Network Engineer
9;7;3;1;0;5;4;7;3;8;3;0;9;6;0;7;3;7;5;0;No;Software Developer
2;9;3;5;6;6;1;6;9;2;4;4;7;9;6;2;5;7;2;3;Yes;Software Developer
3;5;8;1;3;3;2;3;8;6;5;9;1;7;1;4;8;0;8;1;Yes;Machine Learning Engineer
7;9;1;6;2;7;3;2;1;0;1;3;5;5;4;5;9;1;5;3;No;IT Consultant
0;5;7;9;5;2;9;0;9;2;0;3;2;8;7;6;9;7;8;4;Yes;Game Developer
3;1;4;1;7;7;8;5;0;1;8;7;7;9;9;3;0;0;2;7;No;Software Tester
7;1;1;6;3;5;6;6;5;6;0;2;1;0;1;7;8;8;8;5;Yes;Business Intelligence Analyst
6;4;8;7;2;0;2;2;1;3;1;0;9;8;1;6;8;6;4;7;Yes;Back End Developer
7;7;2;3;6;4;5;7;9;3;5;8;9;1;6;1;8;2;5;0;No;Full Stack Developer
2;3;1;7;8;9;8;2;3;2;6;8;6;0;0;7;2;2;1;1;Yes;Game Developer
9;8;2;3;4;7;2;0;7;3;0;5;6;9;8;3;9;8;9;2;Yes;Technical Writer
9;8;2;1;5;8;4;4;5;9;1;3;1;1;6;6;4;1;8;4;Yes;Front End Developer
3;1;3;2;0;5;4;5;1;6;8;5;9;1;8;6;1;3;4;8;No;Network Engineer
3;8;6;4;0;7;7;1;5;8;5;3;5;1;6;3;9;8;9;8;Yes;Research Scientist
2;0;0;7;0;0;6;8;6;8;7;4;6;4;1;5;3;9;6;4;Yes;Mobile App Developer
3;6;0;7;2;9;3;8;0;3;5;2;1;6;6;5;0;2;0;1;No;Game Developer
0;5;9;3;5;1;5;8;9;2;4;1;8;8;5;3;3;9;9;2;No;Computer Systems Analyst
6;5;0;4;0;5;7;6;1;6;9;6;6;7;4;8;8;1;5;3;Yes;Web Developer
5;6;3;5;3;9;4;2;6;8;8;8;0;4;5;6;8;8;7;8;Yes;Computer Hardware Engineer
1;3;6;5;1;2;3;0;5;1;4;4;2;8;6;4;9;2;5;5;No;Computer Programmer
3;0;0;3;8;9;8;9;5;4;1;1;3;2;0;9;8;0;7;5;Yes;IT Consultant
1;0;5;2;9;5;6;5;7;5;1;6;1;8;7;3;1;3;8;0;No;DevOps Engineer
7;9;1;4;3;6;1;8;4;1;6;6;6;5;1;2;6;0;8;5;Yes;Quality Assurance Engineer
2;4;2;7;4;4;9;3;1;9;1;9;9;1;3;3;4;6;1;2;Yes;Back End Developer
3;1;8;6;3;6;4;6;7;6;8;2;7;8;5;9;5;5;9;6;Yes;Back End Developer
4;7;2;7;4;8;9;2;8;0;7;9;2;3;5;3;7;9;5;4;No;Back End Developer
6;0;5;1;6;4;2;9;3;1;0;9;4;2;9;1;4;9;9;3;No;Software Developer
3;6;8;5;1;7;9;8;1;8;4;4;6;5;8;6;5;7;5;2;Yes;Network Administrator
4;8;7;2;1;0;3;0;9;3;4;7;7;9;6;7;0;5;2;6;No;Business Intelligence Analyst
3;3;5;7;4;5;1;6;2;9;3;2;1;4;7;8;1;4;8;4;No;Software Developer
9;2;5;1;7;0;2;4;2;9;7;7;6;6;0;7;9;0;3;6;Yes;Web Developer
4;7;0;4;2;7;8;5;7;2;3;5;0;4;2;1;4;0;8;9;Yes;Computer Systems Manager
3;3;7;1;9;0;6;8;2;2;4;8;8;5;0;1;3;3;6;5;Yes;UI/UX Designer
5;2;1;6;1;1;6;4;1;4;4;2;0;9;7;2;3;4;7;4;Yes;Cloud Architect
3;4;3;7;1;9;5;5;9;8;9;0;0;3;7;0;0;3;6;6;No;Software Developer
7;8;9;0;8;4;9;0;6;2;7;8;4;8;5;9;9;0;3;1;No;Business Intelligence Analyst
6;8;9;3;5;0;8;3;2;4;8;7;3;0;4;7;1;7;9;9;No;Data Scientist
7;2;6;4;8;4;5;4;9;3;7;9;7;0;9;7;2;4;3;6;No;Back End Developer
3;6;2;0;3;6;7;7;7;8;0;3;7;3;5;2;9;7;3;9;No;Full Stack Developer
4;2;1;0;4;4;8;9;4;4;4;9;8;8;9;4;5;7;1;5;No;Business Intelligence Analyst
5;4;2;9;9;0;3;5;1;9;1;9;5;5;4;8;1;9;1;9;Yes;Computer Network Architect
7;6;0;1;0;6;9;0;4;3;4;0;0;2;8;0;4;3;7;5;Yes;Computer Systems Analyst
8;7;0;4;6;9;5;4;0;2;3;1;1;4;8;7;8;8;9;2;Yes;Technical Writer
2;9;7;0;6;5;9;8;7;5;1;0;7;2;9;3;3;1;2;8;No;Software Tester
2;6;0;9;1;0;7;8;9;7;5;7;7;7;3;9;3;6;7;1;Yes;UI/UX Designer
9;9;6;1;0;6;9;4;6;7;5;8;4;0;1;1;7;6;7;4;No;Computer Hardware Engineer
0;0;7;1;8;9;4;7;2;5;2;0;3;9;0;4;0;8;2;4;Yes;UI/UX Designer
0;2;8;3;8;1;6;3;4;7;9;5;1;4;7;1;7;1;2;4;No;Quality Assurance Engineer
3;1;3;8;7;1;9;7;4;4;5;4;9;7;9;5;5;6;0;2;Yes;Computer Systems Manager
1;3;2;6;2;7;0;1;0;4;1;3;6;1;6;7;1;7;3;0;Yes;Research Scientist
0;8;5;9;2;8;9;9;7;5;9;5;4;4;2;2;5;5;3;4;Yes;Back End Developer
0;3;1;1;5;9;5;6;2;9;6;3;3;2;6;7;2;8;2;6;Yes;Computer Science Teacher
1;4;0;8;2;8;8;2;0;5;8;7;8;6;9;0;6;2;2;5;Yes;Cybersecurity Analyst
7;5;0;6;8;1;8;3;0;0;2;8;8;8;4;9;3;4;9;8;Yes;Computer Systems Manager
0;5;4;0;9;0;2;3;7;1;3;0;0;8;9;6;1;1;4;4;Yes;Software Developer
4;0;4;3;9;9;7;0;3;7;0;5;1;2;3;0;5;0;3;2;Yes;Research Scientist
2;1;9;3;2;6;2;9;5;5;5;5;1;9;5;6;9;5;9;4;Yes;Business Intelligence Analyst
1;2;7;8;4;7;2;5;1;0;7;5;1;6;2;2;6;6;4;5;No;Computer Network Architect
8;9;8;6;3;7;3;4;7;0;6;7;0;5;0;4;8;1;0;4;No;Research Scientist
5;1;7;6;6;0;6;6;7;4;5;0;0;6;8;0;4;4;7;2;Yes;IT Project Manager
7;5;0;1;5;4;5;5;5;2;1;5;6;6;8;1;7;9;9;5;Yes;DevOps Engineer
3;6;2;1;3;3;9;2;0;9;9;9;3;4;6;2;1;3;7;2;Yes;Systems Analyst
3;2;9;8;9;2;6;2;8;8;2;6;8;6;7;0;9;2;4;0;No;Quality Assurance Engineer
5;1;1;5;0;5;1;4;9;1;1;6;3;5;1;3;7;6;9;8;No;Computer Science Teacher
9;2;8;7;6;8;2;4;4;7;1;9;3;9;4;2;8;1;1;3;Yes;Back End Developer
9;9;7;2;5;6;2;0;3;6;2;6;9;7;7;0;9;2;7;8;No;Quality Assurance Engineer
1;8;8;5;3;9;3;2;6;8;0;4;7;6;2;6;3;5;6;3;Yes;Web Developer
9;6;5;9;1;9;0;6;8;5;9;2;9;6;9;5;4;1;8;4;Yes;Computer Network Architect
3;4;6;0;2;1;1;1;5;4;4;8;1;9;3;2;8;8;8;2;Yes;Back End Developer
3;5;6;8;3;2;7;3;6;8;3;0;8;8;1;9;7;7;4;1;No;Mobile App Developer
9;0;0;0;4;2;7;8;0;4;4;7;9;5;0;1;5;9;7;0;Yes;Quality Assurance Engineer
9;8;7;4;4;0;3;3;2;7;6;8;9;4;5;1;7;2;5;3;Yes;Software Tester
4;8;3;7;7;3;2;1;9;7;5;0;6;3;7;4;4;4;9;1;Yes;IT Support Specialist
2;1;3;5;0;7;2;8;4;0;4;8;5;2;1;0;5;8;2;9;Yes;Software Tester
9;5;9;6;6;4;7;2;5;7;8;1;5;6;6;6;2;0;3;2;No;Computer and Information Research Scientist
0;4;6;5;9;1;6;3;8;1;1;6;8;1;7;2;8;7;6;2;No;Technical Support Engineer
4;7;4;5;4;5;9;5;2;9;9;1;2;3;1;6;1;4;5;6;Yes;IT Consultant
2;0;6;5;1;9;9;5;8;7;8;7;0;8;7;4;0;2;6;2;No;Game Developer
0;3;7;0;5;4;7;5;2;9;5;9;1;8;6;7;6;9;9;1;Yes;Embedded Systems Engineer
9;7;3;5;1;5;1;2;3;6;1;5;4;5;7;6;5;5;5;0;Yes;UI/UX Designer
5;8;2;5;1;5;7;0;4;7;3;0;1;3;7;4;8;9;8;0;No;Game Developer
5;9;5;0;4;3;3;2;8;8;9;3;6;1;9;9;9;6;6;4;No;Machine Learning Engineer
8;9;9;7;9;8;6;5;3;6;8;2;5;5;1;9;7;4;9;6;Yes;Software Developer
4;3;6;3;7;7;7;7;2;5;0;3;8;7;8;6;1;5;1;5;Yes;Artificial Intelligence Engineer
5;0;1;1;6;2;9;7;3;2;2;4;7;0;4;5;6;3;6;3;No;Data Scientist
5;3;4;7;1;5;6;5;1;5;6;9;4;5;1;2;7;4;8;5;No;Machine Learning Engineer
1;9;7;0;1;9;8;6;4;8;1;7;8;8;2;3;9;9;7;5;No;Embedded Systems Engineer
7;6;9;0;5;5;3;0;6;1;2;2;6;4;3;3;1;0;3;7;No;Back End Developer
9;6;6;9;1;3;1;4;4;2;3;2;3;0;6;7;1;4;7;0;Yes;Web Developer
3;8;8;7;2;4;6;3;6;8;0;2;4;3;9;9;9;2;6;6;Yes;IT Sales Professional
6;9;8;4;9;7;0;3;7;5;7;6;1;8;1;8;3;6;9;0;No;Business Intelligence Analyst
3;8;8;9;5;1;0;9;6;2;6;3;5;9;7;8;9;7;3;3;No;Computer Network Architect
9;7;9;4;1;2;8;3;3;0;8;5;3;3;6;6;3;5;2;6;No;Business Intelligence Analyst
4;4;0;8;7;3;3;6;8;6;4;4;0;8;8;9;6;2;2;7;Yes;Game Developer
3;7;5;8;7;4;6;2;6;9;1;3;6;3;2;6;4;6;5;8;Yes;Quality Assurance Engineer
4;2;0;4;8;5;3;6;2;1;0;9;8;0;3;6;2;2;3;3;Yes;Digital Marketing Specialist
4;9;4;0;3;8;3;6;3;0;9;5;2;4;7;8;8;5;0;1;No;Cloud Architect
3;8;9;4;9;5;6;8;8;4;0;7;3;2;7;0;5;6;4;5;No;IT Sales Professional
1;1;9;7;0;7;5;0;0;9;9;3;2;5;3;1;2;2;9;6;Yes;Computer Network Architect
0;3;5;4;5;7;5;2;3;4;0;5;7;3;6;5;5;3;5;2;No;Software Developer
7;3;6;2;7;9;3;5;7;9;7;7;8;6;2;1;0;3;9;7;No;Computer Hardware Engineer
4;9;7;3;1;8;9;2;0;1;6;9;0;8;4;8;6;2;1;6;No;Computer and Information Research Scientist
8;6;8;3;3;6;6;3;5;9;1;6;2;4;3;4;6;0;2;3;No;Software Developer
7;4;2;9;9;2;6;2;1;1;8;7;4;4;0;5;6;8;5;1;No;Technical Support Engineer
1;1;6;6;1;5;6;4;1;1;7;8;1;9;1;4;7;9;9;8;Yes;Technical Support Engineer
5;4;3;9;7;9;3;3;3;2;9;4;0;0;6;8;8;3;8;2;Yes;Technical Support Engineer
1;1;7;0;6;6;1;2;2;5;7;5;2;4;9;1;6;1;4;1;Yes;Systems Analyst
2;8;9;5;8;9;1;7;5;5;6;1;3;1;9;5;5;9;5;8;No;Software Developer
5;8;4;3;5;6;9;8;3;2;3;5;6;0;1;3;8;7;0;1;No;Machine Learning Engineer
4;9;0;9;7;3;9;1;9;1;8;0;8;6;5;8;5;9;5;1;No;Technical Support Engineer
5;7;7;0;2;8;6;7;9;0;0;6;1;8;1;7;7;7;2;5;No;Cybersecurity Analyst
5;2;7;5;4;3;3;5;6;1;0;4;7;2;5;8;5;9;8;6;Yes;Software Developer
7;8;2;4;7;3;9;2;4;9;9;3;4;2;3;2;1;7;3;8;No;IT Consultant
3;0;1;3;4;3;5;1;1;0;6;0;7;9;9;7;6;2;5;5;No;Data Scientist
7;9;6;5;7;7;4;7;5;8;1;2;0;5;3;7;9;8;6;4;Yes;Research Scientist
4;1;0;7;0;2;0;0;0;1;9;9;7;2;9;6;7;6;8;9;No;Computer and Information Research Scientist
4;5;0;3;5;0;4;4;4;1;0;7;1;2;3;3;4;7;8;9;Yes;Cybersecurity Analyst
0;7;3;5;9;2;8;5;7;1;9;3;6;4;1;1;3;1;5;9;No;UI/UX Designer
4;2;8;2;6;6;2;1;3;4;5;5;9;8;2;1;0;2;4;1;Yes;Business Intelligence Analyst
6;2;7;4;7;0;8;1;3;4;0;6;9;0;8;1;7;2;1;5;Yes;Computer Science Teacher
4;6;0;0;1;8;4;2;5;3;6;0;9;7;7;7;8;3;3;3;Yes;Systems Analyst
5;5;2;3;4;5;1;9;8;9;7;8;4;1;1;9;4;2;1;9;No;Cloud Architect
3;7;9;0;6;5;3;6;9;6;8;3;3;3;0;9;1;5;5;3;No;Back End Developer
6;2;9;3;0;1;4;5;4;7;7;0;5;6;2;7;5;7;4;3;Yes;Software Developer
2;0;1;0;2;0;0;1;6;2;8;8;7;1;9;6;3;1;2;8;No;Back End Developer
4;9;0;4;0;2;0;1;1;2;5;5;7;8;9;1;7;6;4;6;No;Computer Systems Analyst
9;9;2;7;5;5;7;7;0;4;1;0;8;3;9;5;1;0;8;5;Yes;Computer and Information Systems Manager
6;6;6;3;2;1;6;5;3;2;6;2;8;6;3;8;7;5;9;0;Yes;IT Project Manager
3;4;9;9;1;7;2;5;0;2;8;7;1;7;2;7;8;6;2;6;Yes;Network Administrator
5;5;3;8;8;9;9;9;3;0;5;2;2;6;9;2;1;9;2;0;Yes;DevOps Engineer
6;6;8;7;8;0;2;9;2;3;6;9;4;1;3;9;8;4;6;5;Yes;Computer Programmer
7;3;7;1;1;0;9;3;5;0;7;7;2;6;7;0;9;8;8;1;Yes;Blockchain Developer
9;8;4;4;2;2;3;0;6;4;2;0;4;2;9;7;0;7;2;1;No;Research Scientist
9;8;4;7;0;4;2;6;8;0;0;6;9;3;2;0;1;2;6;4;Yes;Computer and Information Systems Manager
1;3;3;1;9;7;7;0;7;8;2;8;7;7;7;3;4;5;3;3;No;Software Engineer
7;8;1;3;8;7;4;0;8;0;4;3;7;6;6;6;5;0;3;4;Yes;Database Administrator
2;6;8;2;4;4;0;3;3;8;2;5;1;8;3;7;1;2;4;1;No;Computer and Information Research Scientist
9;8;0;8;6;6;1;0;5;0;5;8;7;6;7;4;4;8;5;6;Yes;IT Consultant
7;9;6;2;5;5;8;5;2;7;6;5;7;3;0;8;5;1;1;0;Yes;IT Consultant
5;0;0;2;3;1;2;1;1;9;5;9;2;1;6;7;6;1;8;5;Yes;Back End Developer
2;2;2;4;8;7;1;7;3;6;5;2;0;7;5;1;0;8;7;5;No;IT Sales Professional
2;3;9;4;5;2;9;9;9;0;6;1;1;0;2;4;7;1;6;2;No;IT Support Specialist
0;7;5;8;1;3;7;8;6;8;1;2;0;2;6;2;5;1;1;4;No;Systems Analyst
1;2;1;8;1;7;0;8;3;3;9;1;8;4;7;7;6;7;0;3;Yes;DevOps Engineer
6;9;2;4;9;6;2;2;6;5;4;0;1;3;5;8;3;4;4;2;No;Technical Writer
8;0;4;1;6;5;5;3;3;2;4;1;5;8;3;3;6;6;7;9;No;Systems Analyst
5;2;7;1;4;3;3;3;3;0;6;2;1;6;3;7;5;1;0;9;No;Machine Learning Engineer
6;9;5;3;4;1;4;8;3;9;8;7;3;5;3;7;2;5;2;8;Yes;Technical Support Engineer
1;4;7;8;1;0;4;4;1;4;5;2;9;8;4;6;9;1;6;5;No;Digital Marketing Specialist
9;4;4;7;1;2;8;9;6;8;8;1;3;2;5;8;1;8;5;4;No;Back End Developer
7;6;4;3;3;3;4;1;0;1;5;4;8;2;1;0;2;0;7;5;No;Quality Assurance Engineer
3;2;0;7;6;0;8;6;7;1;4;5;9;8;1;3;5;3;3;2;Yes;Front End Developer
6;7;5;2;0;9;1;7;2;6;7;1;8;1;2;2;2;6;5;4;Yes;Artificial Intelligence Engineer
3;7;7;4;6;8;5;9;4;3;3;5;0;5;7;0;4;5;5;9;Yes;Network Engineer
2;1;7;2;9;9;3;6;0;1;4;6;5;5;8;3;9;0;0;5;No;Software Developer
2;6;6;1;7;4;3;4;4;0;2;0;8;1;5;0;8;3;8;5;Yes;Computer Systems Manager
7;3;0;1;1;8;2;6;8;1;8;4;8;5;8;6;2;1;3;1;Yes;Technical Writer
3;6;9;4;2;8;8;5;5;8;5;8;2;3;6;9;4;8;2;9;No;Systems Analyst
2;1;5;6;9;1;9;4;2;3;2;1;1;8;3;6;2;0;2;4;Yes;Software Tester
8;2;6;4;9;9;8;0;0;4;9;9;9;3;5;1;0;3;3;3;Yes;Embedded Systems Engineer
5;6;6;5;8;8;2;2;6;0;0;1;9;9;4;9;1;4;5;8;Yes;Database Administrator
8;3;4;3;2;7;5;8;4;0;6;2;3;6;7;0;2;7;1;6;No;Software Engineer
2;0;5;3;6;1;2;4;8;4;8;4;1;3;1;3;3;7;5;8;Yes;Computer and Information Systems Manager
6;8;8;6;5;3;1;2;5;4;8;2;8;2;3;9;2;2;4;6;No;Machine Learning Engineer
1;2;1;6;5;7;8;1;2;7;3;5;5;1;2;0;0;8;0;2;No;Full Stack Developer
8;7;2;9;0;7;7;7;5;9;2;4;2;0;2;3;4;3;6;5;Yes;Data Scientist
7;0;4;7;2;4;4;0;0;0;8;2;8;6;8;4;5;6;5;1;No;IT Support Specialist
7;3;7;7;4;9;8;9;0;0;2;6;0;1;5;4;1;9;4;4;Yes;Data Scientist
8;2;0;1;7;4;7;6;0;0;8;6;8;6;2;9;5;4;8;4;No;Computer Hardware Engineer
3;5;8;2;0;5;3;8;1;5;6;0;3;6;2;4;3;7;6;1;Yes;UI/UX Designer
0;9;1;4;9;4;8;1;6;3;7;1;2;0;0;9;0;1;5;7;Yes;Computer Science Teacher
8;1;6;8;9;3;8;0;3;9;8;2;6;9;9;3;7;3;9;3;No;Cloud Architect
0;7;3;7;6;3;6;1;5;3;1;4;9;5;9;5;4;2;5;7;No;DevOps Engineer
1;1;3;4;7;5;0;0;0;7;9;5;1;3;9;6;6;1;6;5;No;IT Sales Professional
0;4;3;4;2;9;3;5;4;9;5;9;8;5;9;9;2;7;9;3;No;Systems Analyst
3;4;3;5;8;3;6;2;6;4;2;3;3;2;3;2;0;6;6;1;Yes;Embedded Systems Engineer
0;6;3;3;2;9;3;6;1;1;4;8;3;0;3;3;6;0;6;3;Yes;Back End Developer
7;8;6;6;4;5;7;8;2;4;1;6;6;8;2;3;5;2;2;2;No;Full Stack Developer
7;1;4;3;1;3;7;9;4;4;7;4;0;9;5;3;5;5;7;9;Yes;Technical Support Engineer
0;8;9;5;1;3;2;3;9;4;8;8;4;5;5;5;7;7;0;9;No;IT Project Manager
2;6;8;9;9;6;8;6;3;1;3;2;8;7;1;8;6;4;4;8;No;Technical Writer
4;1;0;4;6;4;8;1;7;4;4;9;9;3;2;5;5;8;3;2;Yes;Artificial Intelligence Engineer
6;1;3;4;3;9;7;2;0;7;4;2;8;7;9;0;5;0;4;5;No;Network Administrator
8;0;6;5;5;0;9;5;5;2;4;0;9;9;4;6;6;0;0;3;Yes;IT Sales Professional
5;3;1;8;2;3;2;4;7;0;6;8;0;4;9;3;3;1;4;0;Yes;UI/UX Designer
1;0;2;8;7;3;0;8;9;9;1;5;4;1;7;1;7;7;1;6;Yes;IT Consultant
6;7;0;4;0;6;1;3;9;5;6;5;9;0;1;5;3;8;1;0;No;Cybersecurity Analyst
1;6;4;6;0;3;8;5;9;8;6;0;7;3;1;5;4;8;4;3;Yes;Network Administrator
9;8;6;4;2;9;8;1;4;1;0;1;4;6;0;8;8;6;1;3;No;Full Stack Developer
3;9;9;3;2;5;7;3;5;9;0;5;9;3;3;5;0;6;0;0;No;Cybersecurity Analyst
3;5;6;7;4;7;2;2;7;9;8;9;0;3;4;9;3;6;8;7;Yes;Research Scientist
8;7;2;3;0;0;1;4;3;8;7;3;4;9;5;9;6;6;8;9;Yes;Database Administrator
1;4;2;6;5;7;7;4;8;5;3;9;4;6;4;5;0;4;9;7;No;Computer Network Architect
6;0;2;5;2;4;6;5;7;7;3;2;3;1;2;9;2;9;7;5;No;UI/UX Designer
1;9;3;8;6;5;6;9;0;7;0;2;7;5;6;4;6;9;2;7;Yes;Full Stack Developer
8;2;2;0;1;5;7;9;0;3;5;5;2;9;9;1;3;9;0;0;No;Systems Analyst
1;5;2;3;4;3;9;0;6;1;6;4;1;7;6;5;3;3;6;8;No;Front End Developer
0;6;3;6;3;8;5;4;5;1;6;5;0;6;6;9;2;0;5;3;No;Systems Analyst
2;2;6;4;7;8;9;2;2;3;8;7;8;5;9;3;4;4;6;1;No;Computer Systems Analyst
0;5;2;3;7;4;1;4;3;1;0;0;6;3;5;9;3;9;5;5;Yes;Mobile App Developer
6;2;9;4;0;7;0;5;5;1;6;0;1;8;4;5;2;1;3;4;Yes;Mobile App Developer
4;6;1;5;4;2;8;6;1;7;6;1;0;6;8;8;0;4;7;3;No;IT Consultant
7;6;6;9;4;9;7;2;9;1;3;8;3;0;6;6;3;5;1;4;Yes;DevOps Engineer
6;8;5;8;6;0;6;3;6;6;5;2;3;7;1;8;8;1;3;7;Yes;Computer Science Teacher
4;8;2;4;5;9;3;0;3;0;1;2;3;8;6;5;0;4;0;5;Yes;Cloud Architect
4;4;5;2;9;4;3;8;4;9;5;6;9;7;5;4;5;9;0;2;No;Software Developer
2;8;9;3;0;6;9;9;0;6;5;9;4;2;5;8;2;0;8;1;Yes;Database Administrator
3;7;5;3;7;6;6;3;2;3;6;1;2;2;6;2;4;8;0;1;No;Computer Hardware Engineer
2;6;3;4;1;4;1;8;5;9;7;8;6;0;2;3;5;6;1;1;No;Business Intelligence Analyst
1;5;1;1;9;6;5;8;8;1;9;8;2;7;8;0;4;6;4;7;No;Digital Marketing Specialist
1;9;6;2;3;3;6;8;8;8;8;6;6;6;7;0;2;8;0;8;Yes;Technical Writer
8;7;7;2;3;5;1;3;6;6;9;8;9;4;6;2;4;8;8;3;Yes;Computer Systems Manager
4;8;8;1;1;9;0;5;1;5;6;0;3;0;3;8;9;0;3;2;No;Software Tester
0;6;7;3;1;6;2;9;6;2;9;3;2;8;0;9;9;8;9;2;No;Front End Developer
8;1;3;6;9;0;6;7;3;5;8;8;9;7;0;4;9;7;3;1;No;IT Consultant
4;6;2;2;5;7;7;8;7;8;4;3;0;8;8;3;4;1;7;0;No;IT Support Specialist
6;2;2;8;8;0;9;7;4;5;6;1;5;1;4;3;4;9;9;2;Yes;Systems Analyst
4;4;3;7;7;8;9;1;2;0;2;1;5;4;6;2;8;3;9;4;Yes;Digital Marketing Specialist
9;9;3;4;2;3;4;0;7;2;9;8;7;2;3;1;5;1;6;5;No;Front End Developer
4;1;9;0;3;4;4;9;8;5;1;1;9;5;8;5;9;5;1;5;No;Technical Support Engineer
8;4;0;8;9;1;5;3;9;8;2;8;8;1;3;4;7;2;9;0;No;Research Scientist
7;5;7;7;2;9;9;3;3;4;7;2;0;0;6;5;0;9;7;8;No;Computer and Information Systems Manager
9;7;7;7;6;9;8;3;7;4;6;2;1;0;2;5;5;3;8;9;No;DevOps Engineer
6;3;1;6;7;5;6;0;9;4;5;9;9;2;5;7;0;0;0;1;No;Blockchain Developer
1;6;5;9;8;3;3;3;0;0;8;1;1;5;2;3;7;2;7;7;Yes;Technical Support Engineer
5;6;2;0;7;0;1;1;2;7;3;1;3;4;5;9;4;2;2;3;Yes;Digital Marketing Specialist
1;4;0;9;5;6;4;4;2;7;2;6;2;4;5;1;0;6;4;4;No;Business Intelligence Analyst
3;5;4;4;1;8;0;0;6;9;3;1;1;3;0;1;8;0;3;6;No;Network Engineer
1;6;4;0;5;1;7;7;0;0;3;5;3;1;3;6;2;8;6;7;Yes;Computer and Information Research Scientist
6;3;6;4;4;7;2;9;3;5;1;1;4;7;2;8;0;1;9;1;Yes;Technical Writer
9;2;6;3;9;3;9;4;4;8;7;9;9;0;4;9;2;0;9;8;No;UI/UX Designer
4;9;0;7;8;7;2;2;0;5;1;3;6;9;4;1;8;0;0;2;No;Technical Support Engineer
5;1;8;1;3;6;0;1;5;9;5;5;1;0;8;6;1;0;1;4;No;Computer Systems Analyst
2;7;4;2;1;3;9;2;4;1;3;0;2;8;1;2;7;6;0;1;No;Front End Developer
1;8;6;6;4;1;5;6;9;3;5;6;0;7;7;4;3;8;0;3;Yes;Network Administrator
9;7;5;0;8;3;9;9;3;0;0;0;3;3;1;9;3;0;0;0;Yes;Computer Science Teacher
8;4;4;1;5;0;2;5;3;6;2;7;3;1;6;3;8;7;1;8;Yes;Software Engineer
3;0;5;6;4;1;0;6;2;7;1;7;5;9;2;7;8;1;9;3;Yes;Game Developer
3;8;2;9;9;9;7;5;4;1;5;5;2;2;9;4;9;2;0;7;Yes;Front End Developer
2;6;0;0;5;1;0;0;4;3;2;4;3;4;9;2;1;3;4;8;Yes;UI/UX Designer
8;9;6;4;7;7;6;9;7;1;4;5;8;5;2;4;2;0;5;4;No;Software Engineer
3;1;7;4;5;4;4;4;2;6;1;2;0;1;8;3;1;1;2;5;No;Technical Writer
8;7;8;7;9;2;1;9;0;8;4;2;5;6;2;4;4;9;3;2;Yes;Computer and Information Systems Manager
2;4;5;3;4;3;6;0;2;6;1;8;4;4;1;4;2;7;1;3;No;Web Developer
3;7;2;3;6;2;1;3;6;9;8;6;8;2;2;9;5;1;2;5;No;Computer Programmer
2;7;3;8;6;1;7;4;6;3;4;5;8;8;9;0;5;9;0;8;Yes;Web Developer
5;9;6;3;0;6;1;0;3;9;4;9;4;1;8;5;6;2;4;8;No;Front End Developer
2;0;0;0;5;0;1;8;2;5;7;6;5;4;0;0;3;3;6;2;Yes;Cybersecurity Analyst
9;1;1;9;6;9;5;5;4;7;2;1;5;1;3;3;3;4;8;0;Yes;Computer Systems Manager
9;9;5;8;9;6;1;5;4;5;9;6;0;6;2;9;7;0;0;5;Yes;Computer Science Teacher
9;6;3;1;6;7;9;9;2;3;8;8;3;6;0;2;9;4;5;3;Yes;IT Project Manager
8;8;6;3;7;3;7;5;4;6;6;6;4;6;4;6;8;2;8;4;No;Blockchain Developer
9;8;6;5;9;8;9;1;1;8;8;8;8;9;3;7;6;8;6;0;Yes;Computer and Information Systems Manager
8;8;0;5;8;4;3;6;4;8;3;8;6;8;2;8;4;4;9;5;Yes;Software Tester
9;3;8;5;5;3;3;5;0;8;8;8;0;3;4;8;9;3;4;4;Yes;Computer Systems Manager
0;1;4;9;0;3;4;7;9;3;2;7;8;4;2;0;8;3;2;8;No;Software Tester
2;4;3;0;2;3;8;1;1;5;8;9;2;6;9;6;8;9;4;5;Yes;Quality Assurance Engineer
9;7;6;9;8;9;5;1;5;9;6;1;6;0;1;6;3;7;8;9;Yes;Game Developer
8;4;9;6;5;7;8;1;7;2;7;9;3;5;1;3;4;4;1;8;Yes;Research Scientist
5;5;2;4;5;7;0;6;9;8;5;3;9;5;9;2;2;9;1;4;Yes;IT Consultant
6;5;6;6;1;6;9;5;5;5;2;6;0;5;2;2;0;7;6;7;No;Web Developer
6;9;5;2;1;6;1;9;1;3;1;6;1;2;2;3;1;7;0;6;No;Machine Learning Engineer
8;0;4;1;3;4;7;9;3;7;5;8;0;2;9;4;8;4;2;7;Yes;IT Sales Professional
0;8;4;5;1;3;0;6;6;5;2;5;6;3;4;6;6;9;4;3;No;Network Administrator
1;6;2;6;8;1;3;8;3;6;0;9;0;6;7;1;1;3;4;2;No;UI/UX Designer
6;0;2;5;1;6;0;2;7;8;0;4;9;5;4;4;1;8;7;2;No;Cybersecurity Analyst
7;0;4;9;9;7;9;2;7;0;6;0;2;4;1;6;6;9;8;0;No;Software Tester
6;6;8;9;8;2;5;1;0;1;9;5;1;7;9;6;2;7;4;4;Yes;Computer Systems Analyst
7;5;4;3;3;5;4;6;6;3;5;6;6;1;1;7;8;4;4;7;No;Software Tester
8;1;4;3;1;5;7;0;0;0;2;2;2;5;1;3;1;3;1;1;Yes;Front End Developer
7;4;8;4;0;3;3;3;2;6;2;9;5;1;1;8;5;6;2;3;Yes;Computer Systems Analyst
2;7;5;0;7;1;3;3;6;0;7;5;6;2;4;4;8;2;7;2;No;Computer Science Teacher
4;1;1;3;4;4;0;3;7;1;8;9;6;1;1;2;3;6;4;2;No;Business Intelligence Analyst
8;6;7;8;2;0;2;7;5;4;5;4;0;5;9;2;8;5;8;8;No;Business Intelligence Analyst
2;4;4;2;6;6;1;5;6;7;3;7;7;5;7;0;3;3;1;7;Yes;Systems Analyst
7;8;4;5;9;4;6;7;4;4;8;1;1;4;1;2;8;2;0;3;Yes;IT Consultant
9;0;1;9;9;2;2;7;6;3;0;7;0;9;3;9;8;7;8;0;Yes;Computer Science Teacher
0;0;3;7;8;6;7;3;6;4;0;2;5;5;1;7;0;2;1;1;Yes;Web Developer
7;3;8;4;3;5;2;3;5;8;9;8;4;8;3;6;8;0;1;6;Yes;Artificial Intelligence Engineer
5;6;1;0;3;1;3;2;4;6;6;7;9;2;4;7;8;9;1;0;No;Quality Assurance Engineer
8;6;0;4;7;6;9;6;5;3;7;5;5;8;4;3;6;5;7;4;No;Software Tester
7;4;0;2;0;1;5;6;3;4;7;4;2;1;5;7;8;4;9;6;No;Blockchain Developer
2;5;3;4;4;0;5;0;5;2;5;3;9;0;3;0;4;4;6;8;No;Data Scientist
3;2;3;7;7;2;2;4;7;1;0;5;8;5;5;9;1;7;9;2;No;Computer Network Architect
7;9;7;9;2;3;5;4;4;3;5;9;6;9;4;4;6;3;9;2;Yes;Network Administrator
8;7;3;0;9;1;7;6;9;2;4;1;8;7;0;2;9;6;6;2;No;Systems Analyst
5;7;5;8;6;2;6;3;6;9;8;6;0;9;0;9;1;5;0;5;Yes;Systems Analyst
3;6;2;0;0;2;3;6;0;2;6;4;9;1;4;3;3;9;9;8;No;DevOps Engineer
4;0;1;1;3;5;0;5;5;3;4;8;4;3;6;6;0;5;4;8;No;Artificial Intelligence Engineer
3;3;9;4;7;8;5;3;3;3;5;8;1;6;6;0;4;2;2;7;Yes;Computer and Information Systems Manager
8;5;7;7;8;6;6;6;3;6;0;8;3;3;8;1;3;0;3;7;Yes;Blockchain Developer
3;9;9;6;5;5;7;7;1;9;8;6;2;1;8;6;1;8;9;3;Yes;Systems Analyst
6;5;7;0;9;6;6;2;7;7;1;7;2;5;4;6;5;0;4;8;Yes;Computer and Information Systems Manager
8;5;6;0;0;3;9;4;5;4;1;1;6;3;1;5;3;4;7;3;Yes;Blockchain Developer
7;3;4;6;4;5;0;4;8;8;8;3;7;4;1;8;0;4;0;2;Yes;Cybersecurity Analyst
4;0;0;7;7;0;3;1;1;1;7;6;4;1;6;5;7;7;7;8;No;Technical Writer
0;1;2;6;8;2;0;9;3;7;2;2;3;2;7;0;5;8;2;6;Yes;Front End Developer
2;3;6;4;1;6;5;2;1;3;5;6;6;6;3;9;8;1;6;6;Yes;Cybersecurity Analyst
7;5;1;1;8;9;5;1;3;6;6;0;6;8;9;2;0;8;8;0;No;Computer and Information Research Scientist
9;7;7;4;8;5;3;0;2;5;7;5;5;7;5;1;0;0;1;0;No;Computer Programmer
1;9;1;3;4;9;4;6;8;3;4;4;9;9;9;6;5;8;0;6;No;Computer Hardware Engineer
4;0;0;8;8;9;2;8;1;9;1;8;2;7;9;8;4;3;6;2;No;Business Intelligence Analyst
7;7;8;8;7;7;4;4;4;8;5;9;7;2;3;7;9;8;3;4;Yes;Quality Assurance Engineer
3;8;3;9;9;4;4;4;0;7;3;3;8;9;9;7;1;3;7;4;No;Software Engineer
6;5;6;9;6;6;8;8;8;4;6;7;0;2;9;3;9;9;3;8;No;Web Developer
7;9;5;0;8;0;0;9;5;3;4;8;5;6;0;2;8;6;9;8;Yes;Embedded Systems Engineer
8;2;5;1;3;7;0;9;0;1;9;0;0;8;8;4;3;8;9;2;Yes;Web Developer
2;9;7;8;3;9;7;3;8;6;3;3;4;5;5;1;4;6;0;5;No;Software Engineer
4;3;4;4;3;3;5;6;6;6;0;0;2;0;3;4;8;1;4;6;Yes;Systems Analyst
8;1;9;2;7;4;8;9;2;9;8;2;5;2;9;0;9;5;2;6;Yes;Computer and Information Systems Manager
5;3;0;0;4;9;1;1;3;8;5;4;3;2;0;9;3;8;8;1;No;UI/UX Designer
6;4;5;4;1;6;0;6;5;4;4;3;9;7;2;5;0;9;5;3;No;Quality Assurance Engineer
1;5;9;4;9;6;6;8;7;7;4;2;5;7;3;1;4;7;3;1;No;IT Consultant
2;5;7;8;8;7;3;1;0;3;5;5;2;6;5;3;1;2;0;2;No;Machine Learning Engineer
8;8;2;5;0;3;8;2;8;3;0;0;6;5;0;4;8;2;1;0;No;Software Developer
3;3;3;3;8;5;0;4;9;7;7;5;7;7;5;9;7;1;9;7;No;Database Administrator
5;8;4;5;6;7;6;4;9;6;9;7;5;7;6;8;7;7;1;6;Yes;Web Developer
8;7;9;2;5;5;9;0;5;0;4;6;3;4;0;4;3;9;9;8;No;Computer Hardware Engineer
5;2;8;4;2;3;1;0;2;4;2;8;1;3;2;0;2;3;6;9;Yes;Web Developer
4;7;3;0;0;2;2;4;3;2;4;9;5;1;9;1;1;1;7;0;No;DevOps Engineer
2;9;8;5;5;0;7;7;1;4;7;0;2;5;4;4;1;8;4;6;No;Software Developer
5;1;3;8;6;0;7;8;4;9;9;5;2;3;0;8;4;7;5;3;Yes;Database Administrator
8;2;7;1;9;6;2;5;4;8;5;0;3;3;7;4;5;9;7;8;Yes;IT Project Manager
0;4;4;3;8;7;8;1;4;4;5;5;6;8;7;2;7;3;6;1;Yes;Business Intelligence Analyst
5;2;3;1;6;0;4;2;6;2;5;2;5;0;9;5;1;3;1;3;Yes;Cybersecurity Analyst
0;4;0;2;4;3;4;2;8;3;2;1;5;1;6;7;8;6;1;9;No;DevOps Engineer
7;4;2;1;8;8;2;4;6;0;6;6;1;6;1;5;4;2;3;2;No;Computer Science Teacher
8;0;0;7;5;0;9;3;1;3;5;3;7;1;7;1;9;0;5;8;Yes;Network Administrator
8;6;0;9;1;4;7;6;7;9;5;1;9;9;1;5;9;0;7;0;Yes;Computer Hardware Engineer
9;8;6;7;2;2;2;0;3;6;3;3;3;0;2;2;9;3;2;9;Yes;Network Administrator
2;5;2;2;4;6;4;8;5;1;1;3;4;3;9;7;6;9;1;3;No;DevOps Engineer
0;2;0;9;4;2;8;4;7;3;1;4;3;0;1;5;2;3;5;5;Yes;Technical Writer
7;4;9;6;5;2;9;3;2;3;4;7;5;1;9;1;6;9;3;3;No;Computer Programmer
6;7;6;9;4;9;5;5;8;5;9;1;5;6;4;7;2;0;2;5;Yes;Game Developer
7;2;2;2;3;6;6;2;4;7;5;6;9;2;6;8;8;2;6;9;No;Technical Support Engineer
3;6;0;7;5;9;8;0;7;2;1;4;9;3;0;5;4;5;3;0;No;Back End Developer
3;0;5;6;1;8;1;3;2;4;7;2;4;8;3;7;9;6;3;1;No;Business Intelligence Analyst
0;5;9;7;2;8;9;3;5;8;1;9;4;5;8;3;1;2;3;5;Yes;Computer Programmer
3;3;5;5;2;8;1;9;1;1;9;2;5;7;8;4;4;1;5;0;No;Network Engineer
6;1;1;2;6;4;5;2;2;8;2;7;3;3;3;9;5;0;3;5;Yes;IT Project Manager
8;5;5;0;2;3;8;8;7;8;5;1;1;9;3;5;3;0;9;2;Yes;Software Tester
9;3;9;8;6;1;3;9;2;8;7;2;6;4;4;3;2;5;0;7;Yes;Technical Support Engineer
1;8;7;5;4;8;6;6;9;3;5;0;2;3;1;4;0;5;4;8;Yes;Cloud Architect
6;2;2;6;4;8;4;6;2;2;0;6;1;8;5;7;2;5;0;0;Yes;Artificial Intelligence Engineer
2;7;7;3;1;2;7;9;0;7;4;0;4;5;4;5;6;8;9;0;Yes;Cloud Architect
2;5;3;1;2;2;3;8;7;3;2;0;9;6;2;0;2;2;6;6;Yes;Technical Support Engineer
0;7;7;2;0;0;3;3;8;5;5;2;5;1;4;8;6;9;8;9;Yes;Business Intelligence Analyst
2;2;0;7;5;3;9;7;8;4;8;8;6;3;3;4;6;7;9;0;Yes;Game Developer
0;8;3;3;3;1;6;3;8;1;1;8;7;3;4;0;5;7;0;0;No;Cloud Architect
6;8;3;9;2;3;8;7;2;5;6;9;1;1;8;0;6;0;5;8;No;Network Engineer
3;2;0;1;9;3;7;9;6;9;0;3;3;5;8;3;5;5;6;6;Yes;Cybersecurity Analyst
2;8;0;2;4;2;5;2;3;8;1;2;0;0;0;7;9;2;7;5;No;Front End Developer
6;9;4;5;9;6;8;1;5;5;8;8;7;8;7;3;2;0;0;3;Yes;Computer and Information Systems Manager
0;8;2;0;9;0;6;6;0;3;4;2;8;6;6;1;1;9;1;9;Yes;Systems Analyst
2;4;3;3;5;1;1;0;1;1;8;4;1;0;7;7;7;8;5;0;Yes;DevOps Engineer
3;1;9;9;6;2;8;0;1;3;2;8;7;6;2;3;3;6;4;7;Yes;Back End Developer
7;3;8;8;4;1;4;0;0;2;6;5;4;6;9;6;1;1;7;5;Yes;Computer and Information Systems Manager
7;9;9;5;8;4;9;9;4;0;6;3;0;7;5;8;3;8;2;4;No;Cybersecurity Analyst
6;8;4;2;1;2;7;8;0;3;9;1;6;6;8;7;9;7;8;0;No;Full Stack Developer
7;8;5;6;8;3;3;7;8;7;7;3;5;5;1;8;5;8;9;7;No;Computer Programmer
7;1;7;6;2;0;0;2;1;0;0;1;8;4;5;5;5;7;9;5;Yes;Data Scientist
6;7;3;9;6;4;8;5;8;8;7;6;4;1;3;0;8;7;1;1;Yes;Digital Marketing Specialist
3;1;5;9;0;8;3;5;1;8;9;7;5;8;1;6;0;1;6;0;Yes;IT Project Manager
7;0;7;2;5;1;4;9;6;1;6;8;6;8;8;5;1;0;9;5;No;Cybersecurity Analyst
8;1;1;2;6;1;7;2;9;4;3;4;0;0;5;3;6;5;1;8;No;DevOps Engineer
3;1;4;2;0;6;7;2;8;0;7;9;2;2;9;1;1;9;8;3;No;Data Scientist
7;7;7;8;9;4;0;6;3;5;2;9;4;4;8;3;7;9;1;7;No;Database Administrator
1;6;6;3;5;1;1;8;9;8;7;9;5;5;4;2;4;3;2;2;Yes;Cloud Architect
7;4;7;8;5;3;8;5;6;9;8;2;0;5;6;4;1;6;3;6;No;Front End Developer
6;2;9;7;2;4;6;6;3;3;2;0;4;1;8;9;8;5;1;5;Yes;Technical Writer
7;4;3;7;1;9;3;4;5;7;3;1;5;0;4;1;3;4;1;2;Yes;Research Scientist
1;5;1;8;5;7;8;3;7;4;4;4;4;1;0;7;5;4;0;7;No;Software Tester
8;8;3;9;1;5;4;8;6;2;6;7;4;9;7;1;8;5;9;8;No;Computer and Information Systems Manager
6;8;6;0;7;0;6;1;4;2;9;8;3;6;7;6;9;3;7;0;No;Computer and Information Research Scientist
6;8;8;7;6;6;9;9;5;9;6;5;5;7;1;3;4;2;2;0;No;Computer Hardware Engineer
8;9;0;4;8;1;7;5;3;8;5;4;1;9;9;0;8;5;0;2;No;Back End Developer
0;7;5;2;1;0;9;0;6;0;0;3;4;3;0;3;9;1;6;4;Yes;Digital Marketing Specialist
4;1;8;0;0;2;3;4;0;5;9;3;9;4;9;6;5;1;3;0;Yes;Game Developer
4;2;1;1;3;3;9;1;5;1;1;6;1;3;6;7;8;5;0;3;Yes;Computer Hardware Engineer
9;5;6;1;9;8;1;2;4;3;4;7;7;8;1;8;0;1;5;9;Yes;Software Tester
7;6;1;3;0;5;7;1;0;3;7;0;1;4;7;9;8;6;6;7;No;Technical Writer
6;2;2;5;5;2;3;9;6;8;6;3;8;1;2;9;7;4;8;3;No;Cybersecurity Analyst
8;7;9;5;7;9;6;3;6;7;9;0;0;7;7;5;9;9;4;2;No;Computer Network Architect
3;0;3;6;2;7;8;4;4;4;9;4;2;4;9;0;8;4;6;6;No;IT Sales Professional
8;9;4;7;7;4;7;2;4;5;8;6;4;3;4;2;3;1;9;7;No;Cloud Architect
4;1;4;8;8;4;8;0;5;5;4;4;3;4;4;3;1;2;9;2;No;Computer Systems Manager
6;7;8;5;8;9;7;5;6;9;3;7;2;2;3;9;1;0;1;5;Yes;Embedded Systems Engineer
2;9;4;0;6;8;5;6;7;2;4;0;1;3;6;7;9;3;2;3;No;Data Scientist
0;4;8;5;1;3;5;5;2;7;9;1;2;5;9;8;1;3;4;8;Yes;Cybersecurity Analyst
7;9;9;8;8;6;4;1;4;7;9;5;4;5;4;3;8;0;3;7;Yes;Network Engineer
5;0;0;3;4;4;7;6;3;2;5;6;0;6;6;8;2;2;2;8;No;IT Sales Professional
6;3;3;5;4;4;1;0;2;2;2;4;9;7;6;9;8;3;6;3;Yes;Technical Writer
4;6;3;0;7;3;2;6;1;4;9;6;4;6;8;0;3;9;5;6;No;Computer Programmer
2;9;2;6;7;4;8;5;8;3;7;8;0;0;7;3;5;3;1;3;No;Software Tester
3;7;3;4;3;6;3;0;5;0;9;4;2;0;9;3;7;0;0;8;Yes;Database Administrator
6;1;1;0;5;0;0;9;7;7;2;2;8;6;0;6;6;7;8;3;Yes;IT Project Manager
3;3;3;3;7;8;2;3;3;0;9;0;1;0;7;6;8;9;3;4;Yes;Software Tester
0;5;1;7;0;3;0;4;7;8;3;1;8;2;1;0;4;4;3;9;Yes;Business Intelligence Analyst
6;3;5;7;7;9;3;2;8;0;1;3;0;2;0;9;1;3;6;8;Yes;Network Administrator
1;2;5;8;9;9;9;0;0;4;5;4;9;1;1;9;1;9;0;6;No;Computer Systems Analyst
7;5;6;5;2;1;2;1;0;8;0;7;6;5;7;3;8;5;7;5;Yes;Computer Network Architect
1;4;2;4;4;3;2;6;4;3;4;0;0;8;3;7;4;6;9;5;No;Blockchain Developer
8;2;4;5;3;3;8;3;2;7;3;9;1;7;1;7;1;5;8;8;Yes;Computer Network Architect
6;6;5;3;2;9;1;4;0;4;6;3;8;0;7;7;9;9;1;9;No;Game Developer
1;4;8;4;8;6;2;4;6;5;2;3;6;8;0;3;2;7;2;4;No;Software Engineer
5;5;8;5;3;6;8;0;2;8;1;7;9;6;9;1;7;7;2;0;No;Quality Assurance Engineer
5;7;2;5;7;8;3;9;3;5;7;6;6;6;3;5;4;4;1;3;No;IT Sales Professional
7;2;2;6;8;1;1;2;9;8;9;5;6;6;3;5;4;4;2;6;No;Blockchain Developer
5;3;8;0;7;0;5;5;1;7;9;8;8;5;9;4;5;5;3;3;No;Digital Marketing Specialist
3;1;3;3;1;0;9;1;3;9;2;8;8;9;5;4;9;8;4;8;No;Mobile App Developer
2;1;7;9;4;8;3;8;9;1;8;8;7;8;7;9;3;7;1;7;Yes;Network Engineer
1;4;0;4;8;9;1;3;4;1;7;7;7;0;6;7;1;5;8;7;Yes;Computer Programmer
7;4;1;1;9;3;3;6;3;6;0;9;8;6;6;8;2;9;2;4;Yes;Computer and Information Research Scientist
0;9;6;3;1;4;6;8;7;1;3;7;9;9;8;0;9;3;3;6;No;Software Tester
4;9;2;0;0;2;1;7;3;5;5;9;9;2;6;9;2;8;4;5;No;Network Administrator
7;5;9;4;7;2;3;9;9;0;6;0;5;6;9;9;1;1;4;1;No;Digital Marketing Specialist
8;3;3;4;2;5;7;9;0;5;2;0;5;8;1;7;6;5;5;2;Yes;Mobile App Developer
7;9;3;4;2;5;1;2;0;4;7;5;6;7;8;2;8;8;2;4;No;Computer and Information Systems Manager
7;6;3;0;3;9;5;9;5;1;9;7;1;6;8;7;1;0;5;3;No;Research Scientist
1;8;0;7;2;3;0;5;6;5;5;1;0;9;7;3;5;3;4;8;No;Mobile App Developer
6;2;6;1;9;9;2;5;7;4;1;8;2;5;9;7;3;0;0;4;No;Back End Developer
3;4;1;2;9;4;6;2;4;6;9;7;6;1;5;5;6;2;9;7;No;Computer Network Architect
3;0;4;5;3;4;1;6;6;7;2;1;1;9;1;5;7;6;0;7;Yes;DevOps Engineer
4;5;5;4;2;5;9;9;1;5;7;9;9;7;9;8;2;4;5;5;Yes;Computer and Information Systems Manager
8;0;5;5;3;1;6;6;3;8;1;6;2;3;9;7;1;8;1;6;Yes;Front End Developer
1;0;9;4;4;1;6;8;1;4;6;0;0;2;8;4;2;0;1;6;Yes;Mobile App Developer
3;0;9;8;9;3;0;3;9;6;2;1;7;9;6;0;5;2;0;7;No;Digital Marketing Specialist
4;8;5;0;5;8;3;2;9;3;3;6;7;3;5;3;9;3;4;1;Yes;Front End Developer
9;8;4;7;6;9;7;6;7;1;2;1;5;4;9;4;1;4;1;2;Yes;IT Support Specialist
8;2;0;7;4;8;5;2;3;7;9;1;4;9;0;9;7;7;2;7;No;IT Support Specialist
8;1;5;7;6;6;1;5;9;7;0;8;7;3;9;0;3;0;4;3;No;IT Sales Professional
6;7;1;2;5;3;8;2;8;5;2;6;9;0;6;2;8;6;9;9;Yes;Software Engineer
6;3;7;1;9;1;5;7;5;5;4;5;3;3;2;3;8;1;1;1;Yes;Mobile App Developer
6;7;2;1;0;0;3;0;6;2;2;8;6;7;5;4;4;7;8;4;No;Game Developer
7;9;8;6;3;0;2;6;9;0;2;5;6;2;8;0;9;3;1;8;Yes;Computer Programmer
1;1;4;9;6;7;5;4;7;8;8;5;9;9;1;2;7;3;7;4;Yes;DevOps Engineer
2;5;4;2;8;6;3;5;4;3;0;1;2;9;0;6;2;5;2;5;Yes;Digital Marketing Specialist
9;3;2;2;5;5;3;6;2;7;4;6;0;9;5;7;0;3;0;5;No;Network Administrator
7;3;0;9;5;7;2;8;9;7;4;3;4;1;9;7;6;3;5;8;No;IT Project Manager
0;3;2;4;4;2;3;6;2;1;3;7;2;1;0;9;6;9;2;9;No;Network Engineer
7;6;9;0;8;2;1;5;0;3;4;1;5;0;2;0;1;4;0;0;No;Web Developer
0;0;2;1;3;0;7;2;3;2;2;8;0;5;0;2;4;3;7;5;Yes;Systems Analyst
7;0;7;8;4;9;4;1;9;3;1;1;0;8;2;5;1;4;7;9;Yes;Computer Programmer
4;2;5;5;6;3;7;1;8;8;9;5;4;9;7;4;1;4;4;3;No;Computer Network Architect
9;2;5;9;8;3;8;6;4;2;1;8;6;4;6;4;8;3;7;5;Yes;Cloud Architect
3;1;3;0;9;7;1;1;9;5;4;3;6;2;9;4;1;1;3;0;No;Database Administrator
0;0;1;4;4;6;8;5;2;5;8;5;5;6;4;4;6;0;1;2;No;IT Project Manager
3;2;5;2;8;9;3;2;9;4;9;9;9;0;4;1;8;5;2;3;No;IT Support Specialist
3;0;1;7;9;6;7;7;6;9;2;6;9;3;6;4;1;7;2;1;No;Game Developer
9;2;9;3;8;6;6;5;6;8;2;5;7;5;6;3;0;9;0;9;No;IT Sales Professional
8;1;0;5;2;2;3;4;9;3;1;6;1;3;3;3;5;7;2;0;Yes;Network Engineer
6;3;0;4;3;2;1;0;1;0;1;9;8;6;3;8;4;2;5;1;No;Full Stack Developer
6;4;6;3;8;5;3;6;7;7;0;0;0;6;0;8;9;3;0;3;No;IT Consultant
1;6;9;2;9;7;7;8;1;1;6;0;0;5;5;8;1;6;7;5;Yes;Computer Network Architect
7;4;0;2;4;6;0;0;5;5;0;0;6;8;1;7;5;2;3;8;No;Cybersecurity Analyst
9;2;9;2;2;1;5;1;8;2;3;4;9;6;4;2;6;7;8;4;Yes;Technical Writer
8;6;6;7;9;0;5;8;7;5;1;8;5;6;2;7;0;4;4;1;Yes;Data Scientist
1;7;5;3;7;0;8;0;5;6;7;8;2;7;5;5;8;0;8;4;Yes;DevOps Engineer
9;9;7;1;8;7;0;4;1;7;6;3;5;8;7;5;8;2;4;5;No;Computer Hardware Engineer
1;0;5;7;7;3;8;9;0;4;7;3;4;7;3;3;8;7;1;4;No;Computer and Information Systems Manager
6;8;2;7;4;6;8;8;0;5;6;7;8;7;0;3;3;2;3;7;Yes;Technical Support Engineer
7;4;1;4;2;4;1;3;6;9;9;4;2;5;9;2;2;6;4;0;Yes;IT Project Manager
6;4;3;4;3;8;1;4;4;0;3;6;9;3;4;6;2;8;2;4;No;IT Support Specialist
3;3;6;1;4;0;5;5;9;9;4;6;4;8;6;2;4;3;2;9;No;Web Developer
0;3;0;4;7;5;5;5;4;3;8;5;8;1;9;7;5;4;5;1;No;Mobile App Developer
1;1;5;3;8;0;6;6;3;3;0;4;5;8;2;7;4;8;2;4;Yes;Game Developer
1;6;8;3;2;5;0;9;4;9;4;4;8;7;8;7;5;3;6;5;No;Cloud Architect
3;4;5;4;6;7;8;9;6;7;7;1;6;2;6;1;4;6;1;8;No;DevOps Engineer
9;6;1;0;9;2;5;8;4;5;5;3;6;1;3;4;1;1;9;8;Yes;Computer Science Teacher
7;4;7;6;7;6;6;2;3;7;9;7;5;3;5;3;0;6;3;6;No;Digital Marketing Specialist
9;6;5;9;7;2;5;7;0;7;2;0;9;6;7;7;6;7;2;9;Yes;Artificial Intelligence Engineer
5;7;0;3;7;1;3;6;8;3;6;8;3;3;5;3;5;6;0;8;No;Computer Systems Manager
8;6;4;3;2;5;5;5;6;0;1;6;3;5;8;6;3;8;4;5;Yes;Embedded Systems Engineer
3;6;1;8;5;5;3;0;8;9;7;4;9;7;7;1;5;1;5;4;No;Software Engineer
9;8;8;3;0;2;1;3;9;4;5;6;2;3;6;3;7;6;8;3;No;Front End Developer
9;4;4;8;8;1;5;0;1;7;2;6;8;9;6;4;9;6;7;1;Yes;Computer Hardware Engineer
1;7;0;5;2;2;2;0;7;7;4;4;0;9;5;3;0;7;8;6;No;Technical Support Engineer
0;4;4;5;9;4;7;2;2;5;9;8;6;9;9;7;0;8;2;5;No;Web Developer
0;1;2;1;3;5;3;0;0;4;6;7;8;0;6;0;4;3;3;6;Yes;Game Developer
4;9;3;3;8;4;8;9;1;0;3;9;6;0;1;7;8;2;2;9;No;IT Support Specialist
1;7;3;8;6;6;0;2;3;4;3;5;5;1;5;7;9;1;9;2;Yes;Full Stack Developer
7;2;5;3;4;6;3;8;0;2;1;8;1;0;5;2;2;3;7;0;Yes;Front End Developer
5;3;7;7;5;7;0;7;2;6;6;0;5;5;5;0;2;9;6;0;No;Software Developer
1;1;6;7;4;2;4;4;2;9;9;5;4;8;9;8;6;1;6;2;No;Cybersecurity Analyst
1;3;8;2;1;8;9;8;3;6;1;8;9;5;2;0;8;2;8;9;Yes;Blockchain Developer
5;0;7;2;8;0;7;3;9;1;8;9;2;7;5;5;9;1;4;3;No;Technical Support Engineer
2;6;0;9;7;4;0;3;6;6;5;0;9;8;8;9;8;7;5;6;No;UI/UX Designer
7;6;8;0;7;9;9;4;4;1;9;0;8;9;5;2;2;9;8;9;Yes;Network Administrator
0;9;3;8;2;1;4;4;7;1;1;7;0;7;3;8;5;4;1;1;No;Software Engineer
2;8;3;5;3;8;7;9;0;8;0;9;4;9;2;6;0;4;9;8;No;DevOps Engineer
5;7;4;7;8;0;6;2;1;9;7;2;0;6;4;3;2;9;8;9;No;Network Engineer
0;4;2;1;9;8;1;5;4;5;5;7;4;8;4;8;5;0;3;9;Yes;Quality Assurance Engineer
6;9;1;2;8;9;1;6;2;8;4;3;8;8;2;3;4;0;1;9;Yes;Digital Marketing Specialist
2;0;8;3;0;2;7;9;8;0;6;5;3;9;4;1;2;8;5;2;Yes;Computer Programmer
8;7;2;1;5;3;3;7;5;4;5;0;3;1;8;3;9;7;8;3;No;Computer and Information Research Scientist
3;8;8;9;4;1;7;0;0;0;7;6;1;5;1;4;8;1;0;7;No;IT Consultant
2;8;7;8;7;7;5;0;8;8;0;9;7;2;2;4;9;0;3;0;Yes;Data Scientist
3;4;9;0;1;8;8;4;3;9;0;4;5;8;5;1;9;0;9;1;Yes;Game Developer
1;5;6;9;9;6;9;6;6;6;7;0;6;2;7;7;0;3;1;6;Yes;Front End Developer
8;3;6;4;1;2;5;8;4;7;3;6;0;3;6;8;8;9;9;0;Yes;IT Sales Professional
8;3;0;9;6;9;4;4;2;6;7;4;0;2;9;0;3;2;4;6;Yes;Systems Analyst
0;0;7;0;3;9;0;2;8;4;1;9;5;0;8;6;9;5;3;0;Yes;Computer Network Architect
9;7;8;6;6;8;7;4;3;3;0;5;9;4;3;5;0;8;9;1;Yes;Embedded Systems Engineer
6;8;9;7;6;5;8;6;4;8;0;9;0;9;0;0;9;8;2;2;Yes;IT Consultant
5;6;4;4;0;1;7;2;9;9;9;8;2;1;0;8;3;2;4;4;No;Computer Network Architect
8;5;0;7;5;3;8;1;9;4;3;1;0;1;9;8;1;2;0;4;Yes;Systems Analyst
3;3;2;9;9;3;9;4;7;9;0;9;6;4;4;2;5;8;4;7;No;Digital Marketing Specialist
7;5;3;0;2;4;2;0;9;2;5;7;6;2;5;6;4;8;6;0;Yes;Software Tester
6;5;4;2;9;2;8;8;5;2;6;4;0;7;7;6;0;9;8;2;Yes;Network Engineer
4;2;0;0;4;1;3;9;7;7;4;9;3;0;9;6;1;7;6;5;Yes;Full Stack Developer
7;8;7;0;5;8;9;6;8;0;5;8;0;8;1;5;6;1;3;5;No;Full Stack Developer
5;3;4;0;9;3;4;4;6;8;6;9;6;1;3;5;1;4;5;1;No;Computer Science Teacher
7;8;1;3;4;3;4;6;6;5;2;6;3;6;6;4;7;3;4;5;Yes;Computer Hardware Engineer
6;4;0;0;5;6;2;7;4;2;6;5;5;3;9;3;6;5;5;9;Yes;Software Tester
6;2;6;3;3;8;7;3;2;2;4;7;4;1;1;5;3;2;5;8;Yes;Research Scientist
2;4;4;9;2;0;8;4;6;3;9;9;2;6;2;4;5;7;0;3;Yes;Front End Developer
3;2;0;0;1;6;6;9;9;5;1;1;0;9;9;4;1;1;7;3;No;Business Intelligence Analyst
0;6;3;3;7;5;3;2;4;3;8;1;9;5;3;6;0;6;7;2;No;Systems Analyst
6;4;4;1;7;7;3;5;9;3;1;7;6;4;2;9;2;1;7;0;Yes;Embedded Systems Engineer
5;4;3;6;7;9;4;9;1;0;0;5;1;4;5;6;9;1;9;3;Yes;DevOps Engineer
2;1;7;5;0;0;6;1;6;1;8;0;7;3;7;7;0;1;6;2;Yes;Artificial Intelligence Engineer
2;3;6;9;9;4;9;5;8;1;9;2;6;8;2;9;2;6;9;8;No;Computer Systems Analyst
4;7;5;7;7;0;9;2;3;3;0;1;0;4;6;9;3;6;0;4;No;Software Developer
8;0;7;9;6;6;8;7;6;1;9;2;5;3;4;8;3;2;2;8;No;Full Stack Developer
0;5;4;2;4;5;2;1;6;1;2;5;1;8;0;1;2;4;1;9;Yes;Machine Learning Engineer
6;2;4;4;5;3;8;0;6;8;4;6;0;2;1;7;1;8;1;5;No;Software Developer
7;4;0;1;0;5;2;6;3;3;7;2;8;9;6;7;0;3;5;1;No;Software Tester
8;0;8;8;2;4;3;4;9;8;7;1;1;9;2;1;2;2;3;4;Yes;Database Administrator
9;8;1;3;2;9;3;9;9;3;5;0;7;7;0;6;9;9;8;0;No;IT Sales Professional
0;3;8;9;4;4;3;9;6;7;2;8;1;4;5;6;7;2;6;6;Yes;Research Scientist
3;8;9;7;4;5;1;3;6;1;4;0;6;1;5;8;4;0;8;3;No;Computer Systems Manager
0;7;8;5;2;2;7;9;7;1;6;7;5;6;9;2;0;5;7;6;No;UI/UX Designer
1;2;4;2;3;9;5;8;5;7;4;7;3;7;9;6;9;8;2;4;No;IT Consultant
1;2;5;4;0;9;9;1;9;6;0;2;7;7;8;0;7;2;0;2;No;DevOps Engineer
4;9;8;2;4;7;5;2;1;0;7;4;7;2;5;6;2;2;5;5;No;Database Administrator
6;6;8;1;7;8;8;4;8;2;4;3;5;6;6;6;7;9;4;5;No;Data Scientist
3;0;5;2;5;4;8;5;2;9;3;3;0;5;7;6;5;1;5;3;Yes;Blockchain Developer
2;1;5;7;7;0;5;2;8;4;4;1;6;2;0;8;6;2;5;1;Yes;Artificial Intelligence Engineer
8;2;3;4;5;9;7;2;0;8;9;9;9;1;8;4;6;5;0;3;Yes;Full Stack Developer
6;2;9;7;8;0;1;6;9;4;6;0;0;0;9;7;5;1;1;0;No;UI/UX Designer
5;9;2;0;1;8;2;7;6;7;1;0;2;0;0;0;1;2;8;4;No;Embedded Systems Engineer
9;0;6;0;6;4;4;1;8;7;7;3;4;4;0;1;6;2;4;1;Yes;Web Developer
8;5;7;8;6;5;0;5;4;6;9;8;1;4;4;2;9;9;8;1;No;Front End Developer
7;2;0;8;0;3;0;3;2;2;9;2;3;8;6;5;9;0;1;2;Yes;IT Sales Professional
0;8;4;1;7;1;0;9;2;0;1;5;4;7;8;1;7;2;8;5;Yes;Game Developer
9;4;5;3;7;6;4;3;7;1;4;5;4;1;6;7;7;1;8;8;Yes;Mobile App Developer
4;3;9;2;7;1;7;3;1;0;9;2;2;1;1;3;7;7;6;6;No;UI/UX Designer
8;2;8;6;0;7;9;2;7;2;7;7;7;1;9;4;6;8;6;7;Yes;UI/UX Designer
9;0;0;1;9;6;0;5;7;4;2;0;7;9;7;0;4;3;9;4;Yes;UI/UX Designer
0;1;7;7;6;0;8;3;3;6;6;8;2;5;2;3;7;1;0;3;Yes;Embedded Systems Engineer
1;3;0;8;2;7;4;2;9;5;3;4;6;9;3;3;7;8;2;5;Yes;IT Support Specialist
6;2;6;8;7;0;8;7;7;0;2;3;0;9;8;1;5;7;0;6;No;Business Intelligence Analyst
9;2;3;8;6;2;2;3;4;8;5;3;9;2;4;0;8;5;9;1;No;Computer Systems Manager
6;1;6;1;2;7;9;3;6;8;9;6;4;4;9;6;6;7;4;5;Yes;Computer and Information Systems Manager
9;9;9;6;6;5;3;7;3;3;1;6;2;2;1;0;3;6;8;3;Yes;Systems Analyst
0;0;9;6;2;4;5;7;3;3;9;2;0;4;0;3;1;5;8;3;No;Blockchain Developer
1;5;7;0;4;2;2;8;1;1;8;8;0;3;0;7;9;6;1;2;Yes;UI/UX Designer
6;9;2;1;4;1;6;9;8;4;0;7;9;6;8;8;8;8;7;1;Yes;Back End Developer
6;6;8;2;3;2;7;8;4;0;0;4;9;4;8;8;9;0;5;6;No;Technical Writer
1;9;0;4;7;4;7;6;4;4;3;8;0;9;3;2;6;8;1;6;Yes;Data Scientist
3;5;1;9;9;5;8;7;6;2;6;7;6;9;8;6;4;3;2;6;Yes;Software Developer
5;7;3;2;7;2;2;8;9;5;3;2;0;4;5;1;9;6;4;7;No;UI/UX Designer
8;0;8;4;8;7;0;4;8;5;3;9;5;6;8;2;8;7;0;5;Yes;Web Developer
4;4;0;8;0;3;4;0;7;1;5;4;9;9;7;2;0;6;2;5;Yes;Research Scientist
3;5;7;2;5;3;8;3;4;4;1;7;9;9;2;8;0;7;9;3;Yes;Artificial Intelligence Engineer
8;6;6;9;9;4;5;8;3;5;8;6;7;8;7;3;1;2;0;9;Yes;Artificial Intelligence Engineer
5;1;1;2;2;8;7;5;7;8;6;2;9;6;4;0;2;4;0;2;No;Game Developer
6;3;0;4;8;3;7;5;0;2;2;9;7;9;9;2;8;4;0;2;Yes;Software Developer
1;3;7;8;4;3;4;6;8;2;0;0;0;7;3;3;0;4;0;5;No;Computer and Information Systems Manager
4;5;2;7;1;8;3;3;8;1;0;8;8;8;6;8;6;6;3;0;No;UI/UX Designer
1;7;9;3;1;4;9;3;5;1;6;1;9;4;4;7;0;4;5;0;Yes;Database Administrator
8;1;1;6;5;7;4;6;6;9;6;8;3;8;8;1;4;5;4;5;Yes;Web Developer
1;7;6;4;5;1;5;3;7;0;4;5;1;2;8;8;0;0;7;3;Yes;Game Developer
5;1;2;8;9;2;9;2;2;0;5;2;7;9;6;7;4;0;7;7;No;Cybersecurity Analyst
2;7;3;5;5;0;0;5;0;9;3;1;4;0;7;3;5;7;2;9;No;Digital Marketing Specialist
1;9;2;2;5;2;9;4;4;1;0;6;4;5;6;9;9;1;2;0;No;Technical Support Engineer
6;5;3;4;2;9;6;5;7;6;2;3;8;6;0;6;0;0;1;6;No;IT Consultant
5;9;7;9;3;9;2;0;3;0;6;8;4;1;7;9;0;1;0;4;Yes;Cybersecurity Analyst
6;7;9;7;4;7;9;6;5;0;8;4;7;7;7;9;9;1;2;9;No;Quality Assurance Engineer
0;2;1;4;1;5;6;6;6;6;1;4;5;3;8;8;7;2;4;1;No;Technical Support Engineer
0;4;1;2;4;5;7;1;0;6;2;5;4;2;6;3;8;1;8;4;Yes;IT Support Specialist
2;9;8;1;0;0;8;0;3;7;0;9;9;5;3;1;2;6;9;6;No;Computer Network Architect
0;4;3;6;4;9;9;0;0;7;9;6;1;9;3;4;9;0;5;1;No;Digital Marketing Specialist
0;8;5;3;8;8;5;3;1;4;9;7;6;7;4;8;3;5;2;5;Yes;IT Sales Professional
8;0;7;0;6;4;5;0;5;5;9;0;2;2;4;9;9;1;5;8;No;Quality Assurance Engineer
8;7;8;9;2;5;2;2;4;7;1;9;7;3;8;6;5;7;1;3;Yes;Quality Assurance Engineer
8;0;6;7;4;9;6;7;1;8;9;7;7;8;5;3;1;5;1;5;Yes;Technical Support Engineer
5;8;9;5;4;6;1;1;8;4;3;6;6;7;8;2;5;2;5;9;Yes;Web Developer
0;1;0;9;8;0;0;8;2;8;5;6;9;5;5;6;2;0;5;8;No;Software Tester
0;0;3;6;7;1;7;6;8;4;7;4;7;0;5;6;7;7;5;6;No;Software Developer
7;3;8;6;1;9;6;8;3;1;2;6;5;7;5;9;6;5;8;5;No;Research Scientist
9;5;8;0;9;6;5;3;2;4;0;9;9;7;2;9;8;3;6;5;No;Software Developer
7;1;6;0;9;1;2;1;9;5;2;4;3;8;1;8;6;6;9;8;Yes;Database Administrator
4;1;9;7;9;8;6;3;6;7;5;2;3;8;4;3;3;9;1;6;Yes;Software Developer
3;9;2;5;9;7;9;4;7;1;3;0;2;1;9;7;1;5;8;3;Yes;Quality Assurance Engineer
2;7;6;0;7;2;7;8;8;0;7;7;3;0;1;7;0;8;9;1;Yes;IT Support Specialist
5;1;1;5;0;5;6;6;3;1;8;9;1;0;1;3;3;9;6;6;No;Computer and Information Systems Manager
5;8;1;3;3;4;3;2;2;1;2;0;7;1;0;1;0;3;7;9;Yes;Quality Assurance Engineer
9;1;2;0;6;5;6;2;2;5;9;6;9;1;5;8;2;7;9;9;No;IT Support Specialist
8;0;2;8;2;7;0;1;2;9;7;4;5;9;2;9;7;1;6;5;No;Game Developer
4;4;2;7;5;3;2;1;7;2;2;9;1;6;4;8;1;9;7;7;Yes;Technical Support Engineer
1;8;0;7;5;9;8;8;1;4;4;0;3;4;9;7;9;8;3;7;No;Computer Network Architect
8;2;9;7;0;9;6;5;8;5;2;1;6;8;6;3;6;8;4;3;Yes;Embedded Systems Engineer
8;2;2;6;0;8;8;2;8;7;0;6;4;2;0;2;7;9;0;7;No;Computer Network Architect
8;8;1;8;5;5;9;8;5;8;0;4;6;0;7;6;6;8;4;2;No;Web Developer
0;8;1;4;3;1;6;3;4;7;3;3;4;6;2;0;2;6;7;0;No;Back End Developer
4;7;5;5;4;6;9;9;5;5;0;1;9;3;3;4;0;8;1;2;No;IT Project Manager
7;5;7;6;1;1;6;0;2;6;8;7;4;7;8;0;4;7;2;7;No;Cybersecurity Analyst
5;9;1;0;5;1;1;2;6;5;0;8;8;1;1;4;0;2;8;9;No;Quality Assurance Engineer
0;8;0;1;9;5;8;0;4;2;6;5;0;0;7;0;3;2;5;9;No;Computer Network Architect
9;2;8;6;1;4;2;3;5;3;8;3;0;9;3;2;2;5;9;1;Yes;Front End Developer
8;0;5;2;0;2;4;4;9;4;0;7;8;7;3;9;2;0;0;5;No;IT Project Manager
8;2;5;7;0;8;1;8;1;4;4;5;9;2;1;8;4;2;1;1;No;IT Support Specialist
3;3;0;9;6;1;9;6;2;9;6;2;5;4;5;6;8;8;2;6;Yes;IT Consultant
0;7;8;4;4;7;2;3;9;2;8;4;7;6;3;7;9;3;3;7;No;Computer Systems Manager
9;1;5;6;0;0;9;3;8;4;0;4;9;1;9;0;8;9;2;8;No;IT Support Specialist
7;0;5;4;2;0;3;7;0;7;9;8;3;0;0;9;9;9;3;3;No;Computer and Information Systems Manager
2;2;1;7;0;2;1;5;3;0;6;5;0;7;3;1;8;9;1;7;Yes;Data Scientist
4;3;4;0;2;9;9;8;6;2;5;5;4;1;4;2;2;2;1;1;Yes;Business Intelligence Analyst
3;5;9;9;7;0;7;6;5;2;3;9;0;4;1;4;1;9;5;4;No;Data Scientist
1;8;2;2;9;0;2;8;4;3;6;9;8;8;2;6;6;9;7;3;No;Computer Science Teacher
9;6;9;6;5;9;0;5;9;0;0;6;4;4;9;9;2;8;5;7;No;Computer Science Teacher
0;3;0;8;8;7;2;9;0;0;0;5;7;0;9;0;5;7;1;4;No;Computer Network Architect
6;0;4;6;4;4;4;1;9;5;3;7;3;9;3;4;7;6;2;1;No;Computer Hardware Engineer
3;8;7;7;1;2;1;9;5;2;4;4;2;4;1;8;4;0;3;9;No;Computer Network Architect
4;8;4;7;9;5;1;9;2;3;1;5;9;1;9;2;5;4;6;3;Yes;Computer Science Teacher
3;9;1;2;2;1;0;7;1;9;3;5;1;9;1;1;3;9;4;0;Yes;Computer and Information Systems Manager
2;3;3;2;0;1;7;3;0;9;3;4;2;4;6;2;7;9;3;0;Yes;Computer and Information Systems Manager
0;7;5;7;4;9;6;4;7;3;3;2;1;0;5;0;8;0;8;5;Yes;Mobile App Developer
3;6;0;2;5;2;6;8;1;1;3;4;7;1;1;4;0;9;5;3;Yes;Quality Assurance Engineer
5;9;2;4;4;7;5;8;7;4;5;8;6;5;5;6;4;4;4;3;No;Computer Hardware Engineer
4;7;2;9;4;6;5;0;2;3;4;5;5;8;1;9;6;8;0;2;No;Game Developer
4;6;9;5;2;6;1;2;1;9;5;8;2;4;2;9;0;7;8;5;No;Software Engineer
0;8;5;8;1;4;7;0;4;5;1;5;1;9;3;9;7;7;1;9;Yes;Cybersecurity Analyst
8;9;8;6;0;4;8;3;6;4;3;9;5;8;1;7;2;3;9;0;Yes;Computer Programmer
8;6;0;4;8;3;3;1;0;3;4;9;6;8;1;2;5;2;2;8;No;Blockchain Developer
2;4;0;6;8;6;2;1;0;9;8;4;0;9;2;3;9;4;3;5;No;DevOps Engineer
2;4;8;2;0;2;4;6;2;2;9;1;8;2;9;0;2;0;8;7;No;Cybersecurity Analyst
0;8;7;2;6;7;4;6;3;4;1;9;3;5;4;1;0;6;2;4;Yes;Blockchain Developer
2;1;5;6;7;8;8;1;9;1;0;5;7;3;1;9;7;4;1;6;No;Network Administrator
3;4;3;6;6;8;7;7;9;7;1;2;5;6;7;5;1;7;7;1;Yes;Computer Systems Manager
0;2;8;8;6;1;3;2;6;2;0;5;9;4;3;2;0;8;5;9;Yes;Network Administrator
6;5;9;0;2;9;8;8;3;0;1;5;1;3;5;5;5;2;5;9;No;Software Developer
0;0;1;0;4;1;0;1;6;6;3;7;1;5;5;9;4;1;8;6;No;Embedded Systems Engineer
5;2;0;3;6;5;3;6;3;2;9;9;8;7;6;8;1;8;3;5;Yes;Digital Marketing Specialist
6;2;0;2;2;9;3;5;3;0;9;0;7;2;4;2;7;8;8;3;Yes;Quality Assurance Engineer
7;4;9;4;8;4;5;6;7;6;4;3;8;9;9;5;5;3;7;3;No;Computer and Information Systems Manager
3;8;7;9;8;7;5;9;6;9;8;4;8;0;2;6;6;9;2;3;No;IT Consultant
1;1;3;8;4;7;6;1;3;2;8;6;9;1;7;3;4;5;2;6;No;UI/UX Designer
5;0;0;4;3;1;7;0;3;3;2;3;5;5;1;4;5;5;9;8;Yes;Network Administrator
0;9;6;8;5;4;8;2;6;9;5;3;2;1;0;5;2;4;1;7;Yes;Computer Hardware Engineer
0;4;6;4;6;2;7;1;9;2;2;3;4;6;8;9;1;7;3;4;Yes;IT Sales Professional
9;3;7;8;0;9;4;8;3;5;6;2;5;0;4;8;3;4;1;6;Yes;Software Engineer
3;4;8;0;3;4;9;5;0;4;7;6;9;1;1;2;0;6;1;9;No;Network Engineer
7;5;7;6;9;8;0;4;8;2;7;2;1;4;1;2;8;5;0;5;No;Computer Science Teacher
2;5;1;5;1;2;9;8;3;2;8;4;1;6;3;4;2;7;8;3;No;Digital Marketing Specialist
2;3;2;3;8;3;6;1;0;8;7;8;3;3;5;1;0;7;8;2;No;DevOps Engineer
4;7;4;8;3;4;1;6;1;2;8;5;3;3;1;9;0;8;3;3;Yes;Back End Developer
0;4;4;9;0;1;4;1;1;7;3;8;6;4;0;0;4;2;1;2;No;Computer and Information Research Scientist
5;4;7;2;7;5;4;9;5;6;7;1;8;9;2;5;7;0;7;4;Yes;Technical Support Engineer
0;9;5;6;7;1;4;2;7;3;0;8;4;5;2;6;3;9;1;0;Yes;Research Scientist
1;3;3;9;4;2;5;3;3;2;2;9;6;4;4;3;5;6;8;4;No;Software Tester
2;2;7;6;9;6;6;5;5;5;6;5;5;3;6;9;6;2;3;1;Yes;Computer Science Teacher
7;1;6;6;1;7;3;8;5;4;2;7;2;8;1;5;6;7;4;2;Yes;IT Support Specialist
3;9;2;2;9;0;6;4;0;9;8;4;7;3;8;5;4;6;4;8;No;Computer Network Architect
6;0;3;6;7;1;3;1;8;6;5;3;4;9;5;3;6;4;5;6;Yes;Full Stack Developer
9;0;8;5;6;3;5;1;6;0;4;3;5;3;6;5;9;5;5;9;Yes;Systems Analyst
7;6;1;9;3;2;2;5;2;6;1;6;2;5;5;1;1;1;1;7;No;Software Engineer
3;6;2;2;3;0;1;4;7;9;6;1;9;0;0;2;4;1;7;9;No;IT Support Specialist
3;0;9;2;9;0;6;9;3;5;3;8;8;9;3;1;9;5;9;9;No;Technical Support Engineer
6;2;6;2;0;7;5;8;6;8;3;1;5;4;0;4;3;5;2;8;No;Quality Assurance Engineer
2;8;6;0;7;3;9;4;2;9;6;2;3;1;1;8;0;8;4;3;Yes;Computer Hardware Engineer
2;5;2;8;4;9;0;7;7;6;6;1;3;4;1;2;7;1;2;9;Yes;IT Project Manager
7;4;8;1;6;1;1;4;4;1;7;2;7;9;7;9;0;5;0;3;Yes;Computer and Information Systems Manager
5;2;2;2;3;6;2;1;8;3;1;5;8;9;1;6;3;6;3;5;No;Network Administrator
3;0;3;4;2;2;8;4;5;0;6;0;2;8;9;8;8;9;9;7;No;UI/UX Designer
4;2;8;2;4;1;2;1;8;7;7;5;7;4;2;8;8;5;4;4;Yes;Network Engineer
7;5;0;8;4;9;5;3;8;8;9;5;1;6;5;9;9;6;9;7;No;Digital Marketing Specialist
0;4;7;2;0;4;4;3;7;5;5;7;6;7;0;0;9;5;6;1;No;Computer Systems Manager
4;2;2;4;3;7;7;5;8;7;2;8;9;8;0;6;2;3;4;1;Yes;Computer Systems Manager
8;9;4;4;4;3;8;5;2;5;6;8;7;5;1;3;7;3;5;7;Yes;Computer Network Architect
8;1;9;2;9;0;6;8;9;3;8;5;6;4;8;6;8;5;9;1;Yes;Computer Hardware Engineer
2;7;8;5;3;4;2;8;7;9;0;0;1;5;4;0;6;1;5;0;Yes;Software Tester
4;0;6;0;6;2;0;1;6;0;3;1;8;7;1;4;2;1;8;3;No;Cloud Architect
6;9;3;0;6;0;6;4;3;2;5;3;4;3;5;6;7;0;5;4;Yes;Front End Developer
0;3;9;6;0;7;8;0;3;4;2;6;4;2;8;6;6;4;7;8;Yes;Back End Developer
9;5;1;1;1;1;7;3;5;0;2;8;4;3;0;2;4;0;3;0;No;Business Intelligence Analyst
7;3;0;3;7;7;0;3;1;2;9;0;5;8;6;2;9;1;1;6;No;Systems Analyst
6;2;5;2;3;7;2;3;1;4;6;3;7;0;1;4;7;7;7;9;No;Cybersecurity Analyst
9;7;9;5;1;6;6;9;8;0;1;7;6;0;1;6;9;3;6;2;No;Cybersecurity Analyst
5;6;2;7;8;0;0;4;8;8;2;8;8;6;4;4;6;1;2;5;No;Computer Science Teacher
0;8;4;5;6;7;4;1;6;1;3;7;4;0;7;4;2;0;3;4;No;Software Tester
4;7;9;9;2;6;5;2;2;0;4;6;9;4;5;5;8;2;5;2;No;Computer Programmer
2;5;9;6;8;5;8;9;7;7;8;0;3;1;8;5;6;1;0;5;Yes;Data Scientist
2;9;7;0;0;1;5;7;7;9;1;4;7;4;1;5;8;7;2;2;Yes;Technical Support Engineer
0;9;4;3;1;8;8;9;1;7;6;6;8;5;5;9;0;5;0;8;No;Software Developer
9;6;1;8;2;6;5;7;8;5;1;3;6;9;5;5;3;0;9;9;Yes;Computer and Information Systems Manager
4;4;1;8;5;7;4;7;5;7;3;8;1;1;5;8;8;3;1;9;No;Technical Writer
2;3;3;2;7;1;2;0;7;6;3;0;0;9;7;7;0;7;3;5;No;IT Support Specialist
1;3;1;4;6;6;4;1;9;8;3;5;6;3;7;0;6;9;1;0;No;Cloud Architect
1;4;9;1;6;8;6;4;0;3;7;8;2;7;7;1;8;4;2;4;No;IT Support Specialist
3;5;9;3;8;2;7;5;1;1;3;8;1;1;9;9;3;7;2;3;No;Machine Learning Engineer
5;7;7;5;4;8;5;0;9;7;8;4;8;8;0;6;9;2;7;2;No;Database Administrator
6;8;0;4;1;6;5;5;0;6;6;2;4;5;1;6;5;4;2;8;Yes;Software Tester
3;7;4;1;0;3;6;9;8;8;5;7;1;6;1;3;9;2;1;5;Yes;Data Scientist
2;3;0;9;0;7;3;6;4;6;4;8;5;8;6;7;0;3;8;4;No;IT Consultant
3;1;3;1;5;3;1;3;0;0;3;7;5;7;0;1;2;5;5;3;Yes;Mobile App Developer
8;7;4;7;1;3;1;4;1;6;2;3;3;3;3;6;2;8;8;4;No;Computer Systems Manager
4;9;3;9;9;4;1;8;9;4;6;8;0;5;3;3;8;0;8;0;No;IT Support Specialist
8;0;5;6;2;3;2;5;1;6;1;1;1;2;5;5;6;3;5;7;Yes;Cloud Architect
1;1;3;6;7;8;4;7;7;5;3;1;3;7;7;4;4;1;5;9;No;Business Intelligence Analyst
8;0;0;6;4;2;3;8;4;8;8;9;7;1;3;6;6;3;5;0;Yes;Research Scientist
4;0;2;5;9;5;0;4;1;3;3;9;6;8;0;1;8;5;4;8;Yes;Cloud Architect
4;8;5;9;6;5;1;0;3;5;3;2;4;9;6;9;8;8;9;3;Yes;Data Scientist
4;1;5;6;9;0;8;5;3;2;4;2;9;5;3;6;3;2;2;9;Yes;Business Intelligence Analyst
8;8;9;5;3;0;8;6;2;3;9;8;8;0;0;4;3;1;1;3;No;Web Developer
1;4;7;5;5;6;3;3;9;2;2;4;8;7;8;0;5;1;3;3;No;Research Scientist
4;0;6;7;7;7;4;3;2;6;3;9;7;2;5;4;3;6;3;7;Yes;UI/UX Designer
1;1;7;0;7;0;1;3;5;1;2;4;0;9;1;9;4;8;8;3;Yes;Cybersecurity Analyst
6;5;7;2;3;9;6;3;6;1;5;3;8;4;3;5;1;5;4;9;Yes;Database Administrator
5;4;3;3;0;9;2;3;1;7;0;3;2;1;9;8;4;2;0;2;No;Front End Developer
9;0;1;2;2;2;4;8;4;1;1;4;8;6;6;2;8;7;9;7;Yes;Network Engineer
2;3;5;3;9;6;3;9;0;5;7;0;8;3;6;7;8;0;1;8;No;Software Engineer
6;1;3;9;9;0;0;3;3;8;2;3;1;8;1;6;5;6;9;4;No;Blockchain Developer
1;1;4;5;9;6;4;3;1;6;9;9;2;6;5;1;6;4;7;0;Yes;Blockchain Developer
4;7;4;6;7;1;7;5;2;9;2;0;0;1;4;8;7;7;9;9;No;IT Sales Professional
3;8;2;3;5;9;7;4;3;2;1;0;1;4;5;8;5;8;0;5;No;Back End Developer
2;3;6;5;3;2;0;0;3;1;0;6;7;9;0;3;4;3;9;6;Yes;Computer Systems Analyst
7;0;3;4;3;2;4;0;8;6;4;5;3;0;2;0;8;6;2;5;Yes;Software Developer
9;2;7;1;2;6;8;8;3;5;9;3;7;5;3;4;0;7;5;7;No;Full Stack Developer
1;2;1;0;8;2;7;7;7;1;4;5;7;4;7;3;4;8;4;5;Yes;Network Engineer
2;7;8;1;8;5;4;4;0;3;9;1;3;4;4;4;1;8;3;6;No;Full Stack Developer
1;0;0;2;4;5;0;2;9;2;5;7;5;9;9;6;7;2;2;0;No;Technical Writer
8;9;6;0;0;4;4;4;9;8;4;3;2;3;6;5;9;6;6;4;No;Software Engineer
1;4;8;1;0;1;0;7;0;2;1;6;5;7;8;1;8;0;8;4;No;Computer Science Teacher
3;2;7;2;1;2;3;0;2;1;3;6;3;7;1;1;1;4;1;2;Yes;Computer Science Teacher
6;7;8;7;3;1;2;9;5;0;2;3;4;0;8;0;1;0;5;5;Yes;Quality Assurance Engineer
6;1;8;5;6;7;6;7;7;0;2;2;3;7;9;2;7;9;3;2;No;Back End Developer
1;6;1;9;1;8;9;5;3;8;7;5;9;9;4;8;7;8;4;8;No;Data Scientist
8;8;8;2;4;3;4;6;2;1;3;9;5;0;2;8;8;3;6;9;No;IT Support Specialist
0;3;4;4;7;3;3;1;1;9;1;2;7;3;9;5;6;5;1;6;Yes;Back End Developer
5;2;7;0;6;4;9;0;8;6;3;5;4;6;8;7;3;1;0;6;No;Artificial Intelligence Engineer
3;5;9;3;0;8;0;5;3;8;2;1;2;7;9;0;6;6;8;6;No;IT Support Specialist
7;4;3;3;9;5;5;3;9;1;9;0;7;1;0;1;2;3;3;6;No;Systems Analyst
7;5;6;3;9;5;9;1;8;5;2;3;2;7;5;5;9;6;6;4;Yes;Web Developer
6;9;1;1;0;7;8;7;5;5;2;2;4;1;0;5;8;2;7;6;No;Computer Science Teacher
7;5;7;1;1;4;0;4;4;3;9;2;0;9;7;4;1;2;9;6;No;DevOps Engineer
4;9;0;0;7;5;5;8;7;2;2;7;2;9;7;8;5;1;5;5;No;Quality Assurance Engineer
6;0;1;8;3;1;8;5;0;1;9;6;0;7;0;4;6;0;7;9;No;DevOps Engineer
0;1;4;8;8;4;2;3;7;2;8;1;4;3;3;8;1;4;1;4;No;Computer and Information Systems Manager
1;1;1;5;5;5;1;1;4;3;5;0;1;1;3;4;9;7;3;1;Yes;DevOps Engineer
8;9;4;1;1;4;1;4;2;2;9;3;3;1;9;0;4;9;1;6;Yes;Cloud Architect
5;7;6;9;0;7;7;8;5;3;3;4;1;7;1;7;0;0;2;4;Yes;Back End Developer
9;8;5;4;3;4;2;7;6;5;5;5;5;8;2;5;5;2;9;8;Yes;Machine Learning Engineer
2;8;8;5;6;0;9;6;3;7;0;1;1;0;5;5;0;8;8;1;Yes;Research Scientist
2;3;1;5;6;2;4;4;9;4;2;4;3;3;1;7;5;7;2;4;Yes;IT Sales Professional
9;0;5;5;7;4;1;6;4;5;8;6;4;7;0;0;7;4;6;9;Yes;Cybersecurity Analyst
6;1;7;9;2;2;4;6;0;9;0;0;8;4;3;0;4;3;6;8;Yes;Computer Network Architect
7;6;9;8;9;3;0;2;3;3;9;0;6;9;2;0;6;6;2;1;Yes;Digital Marketing Specialist
4;8;6;4;2;6;6;9;4;9;3;6;8;4;4;2;6;6;5;8;No;Research Scientist
3;2;8;0;4;1;1;5;5;6;7;6;4;9;8;2;0;6;6;8;No;Computer Programmer
7;9;4;3;3;5;4;0;6;5;8;1;8;6;9;1;0;0;9;6;Yes;Systems Analyst
8;8;8;5;8;3;3;0;1;5;2;2;1;4;7;8;0;0;6;5;Yes;UI/UX Designer
2;4;3;6;2;8;0;0;8;8;2;4;9;2;3;6;2;8;2;5;Yes;UI/UX Designer
7;4;2;9;6;6;0;2;6;3;9;3;6;3;8;0;3;1;7;8;No;Mobile App Developer
3;3;5;9;2;8;6;2;3;0;3;7;6;1;4;5;1;2;1;7;No;Computer Systems Manager
3;0;0;5;2;3;1;9;6;2;4;8;8;0;9;6;9;5;8;4;No;Cybersecurity Analyst
0;7;6;7;6;3;2;8;0;5;7;0;6;5;3;9;5;2;0;0;No;Cloud Architect
2;5;5;5;6;4;7;0;1;3;9;2;7;6;2;8;0;9;7;1;No;Computer Programmer
8;0;3;6;3;0;5;4;9;6;5;3;3;7;9;4;4;5;1;7;Yes;Embedded Systems Engineer
2;7;0;3;4;4;6;6;6;3;9;7;9;7;2;4;8;5;8;6;Yes;Cybersecurity Analyst
6;2;0;1;7;7;6;9;6;6;8;3;3;1;4;5;8;6;0;7;Yes;Software Developer
1;9;8;9;3;1;9;5;6;6;2;7;2;5;4;9;1;7;6;5;No;Back End Developer
8;3;6;5;9;4;8;0;8;4;3;9;0;1;6;1;4;8;8;3;Yes;Digital Marketing Specialist
7;7;1;9;2;8;2;1;3;5;6;8;0;3;4;2;0;9;7;2;No;Research Scientist
1;5;1;3;8;3;0;0;7;1;0;5;3;5;3;4;4;8;8;1;Yes;Machine Learning Engineer
2;4;0;3;7;9;7;3;8;9;1;3;8;7;3;7;8;4;2;6;No;Database Administrator
1;9;7;6;8;0;1;1;4;3;6;9;6;7;7;0;6;6;6;3;No;Artificial Intelligence Engineer
4;5;2;0;8;2;2;2;6;2;3;5;1;4;6;2;5;3;5;3;Yes;Computer Programmer
3;1;2;7;1;0;4;8;1;7;6;6;3;2;9;6;1;3;0;9;Yes;Artificial Intelligence Engineer
3;4;6;0;9;8;3;4;0;4;6;3;2;1;0;5;5;1;5;6;Yes;Quality Assurance Engineer
3;2;7;9;2;2;6;0;2;7;7;4;3;4;0;0;5;3;2;9;No;Network Engineer
0;2;8;8;1;2;1;5;7;0;1;8;9;4;3;9;1;6;7;9;No;Software Engineer
3;2;1;3;3;7;8;8;4;0;7;8;0;1;6;2;5;3;0;0;Yes;Network Administrator
0;6;2;8;3;6;6;6;6;3;9;3;7;0;6;8;4;3;8;0;Yes;Technical Support Engineer
5;6;4;1;2;2;3;8;9;3;7;0;6;2;6;5;1;1;6;7;No;Software Tester
7;9;3;5;2;2;0;3;3;6;0;3;8;7;0;0;2;9;6;4;No;Computer Network Architect
6;7;3;3;1;6;5;6;1;2;9;8;6;4;9;5;5;1;6;8;Yes;Computer Programmer
0;3;6;9;1;9;5;5;4;7;2;1;1;3;1;8;6;3;4;3;Yes;Front End Developer
7;5;5;9;5;2;2;7;1;4;5;8;7;2;0;2;2;0;2;7;No;Network Engineer
3;3;9;0;9;2;4;3;8;4;8;3;5;0;0;4;5;4;0;5;Yes;Systems Analyst
8;1;3;2;7;5;6;1;0;6;1;7;4;9;3;2;0;7;6;2;No;Network Administrator
6;7;6;4;1;4;5;7;0;3;9;1;8;7;2;1;8;6;7;6;Yes;DevOps Engineer
2;3;4;6;2;2;2;3;5;3;8;2;3;7;7;3;7;3;9;7;No;Machine Learning Engineer
2;8;0;7;7;3;3;8;6;5;3;2;7;9;7;9;9;1;9;4;No;Digital Marketing Specialist
3;0;2;1;5;4;7;3;1;5;2;4;8;6;2;7;4;6;7;5;Yes;Computer Hardware Engineer
9;2;0;4;6;6;2;7;0;6;1;8;3;4;3;3;6;3;5;2;Yes;Computer and Information Systems Manager
6;1;7;9;9;0;8;3;1;6;5;0;1;6;4;1;9;6;5;3;Yes;Computer and Information Systems Manager
5;4;9;1;9;0;4;8;8;7;2;9;2;6;1;7;3;7;3;5;Yes;Computer Systems Manager
1;8;6;3;0;2;8;4;1;8;1;5;2;1;9;3;6;7;2;0;Yes;Computer Network Architect
1;8;2;8;7;3;1;4;0;1;6;2;6;4;6;2;7;2;7;0;No;Research Scientist
8;9;5;3;0;8;2;3;3;6;4;2;7;1;2;1;3;4;1;8;No;Computer Systems Manager
6;1;7;7;7;3;3;7;7;3;7;2;3;0;3;0;3;8;1;7;Yes;Computer Systems Analyst
3;3;4;2;2;3;9;2;6;7;9;4;9;5;6;2;1;4;8;0;Yes;Digital Marketing Specialist
2;0;6;9;9;0;6;1;6;6;8;5;5;1;1;2;7;3;2;6;No;IT Sales Professional
6;7;7;6;4;0;2;0;1;5;9;4;0;2;4;1;2;5;2;7;Yes;Database Administrator
5;7;2;8;9;4;9;6;5;3;3;5;9;3;1;0;4;4;7;4;Yes;Research Scientist
6;9;3;0;8;6;7;3;7;7;2;5;4;9;1;6;0;4;4;3;No;Systems Analyst
4;1;9;3;3;7;2;7;4;6;9;6;0;5;3;9;6;2;6;7;Yes;IT Sales Professional
0;0;5;5;7;8;1;0;4;2;0;2;2;6;5;8;1;3;6;6;No;Systems Analyst
7;6;1;0;3;9;9;2;0;3;9;7;6;8;0;8;3;5;2;7;No;IT Project Manager
8;9;0;9;9;6;1;6;3;0;1;0;1;0;5;3;2;7;1;7;Yes;Computer Science Teacher
8;7;2;5;2;1;7;3;6;5;7;7;3;1;5;0;0;0;7;9;Yes;Quality Assurance Engineer
3;2;4;7;1;4;9;7;5;3;1;0;2;1;4;0;0;7;1;2;No;Front End Developer
7;1;3;6;8;2;0;8;1;1;1;0;7;2;7;7;0;8;8;3;No;Research Scientist
4;3;5;7;5;1;9;7;6;3;8;0;6;6;8;7;7;6;0;0;No;Web Developer
4;4;4;9;6;1;5;2;1;4;2;1;1;6;3;4;0;3;9;7;No;Network Engineer
9;2;8;2;6;6;4;6;2;8;2;7;2;2;6;5;0;5;8;2;Yes;Computer Network Architect
7;8;9;6;2;4;0;4;2;5;2;6;1;6;7;2;1;8;2;1;Yes;Network Administrator
6;5;1;6;7;2;9;7;7;1;4;3;4;5;4;7;4;7;8;2;No;DevOps Engineer
7;0;2;3;0;4;7;5;0;7;1;7;4;4;3;8;7;5;5;2;No;IT Consultant
7;9;2;6;4;0;6;6;0;0;6;4;1;3;2;0;1;2;0;6;No;Computer Hardware Engineer
8;5;5;1;9;6;9;1;5;2;9;9;5;6;4;2;9;5;7;0;Yes;Technical Writer
0;4;5;8;4;0;6;2;1;1;8;5;4;0;9;5;5;4;9;0;No;Web Developer
4;1;5;1;1;5;2;4;6;1;5;6;6;3;7;2;1;6;9;6;No;Web Developer
5;5;8;5;0;5;1;9;5;0;3;6;2;1;1;0;5;1;8;8;No;Computer Network Architect
5;0;2;9;4;2;4;3;5;1;7;1;2;2;3;4;3;5;7;2;Yes;DevOps Engineer
1;3;9;7;0;8;7;5;9;8;4;8;1;7;2;6;6;2;2;4;No;Quality Assurance Engineer
6;5;2;5;2;0;3;7;0;3;9;3;1;8;6;0;9;6;6;7;Yes;IT Project Manager
2;9;0;1;8;0;6;3;2;4;7;2;4;7;9;5;9;1;8;5;No;Full Stack Developer
4;6;2;9;8;6;0;3;5;4;6;2;4;3;5;9;1;7;7;4;No;Mobile App Developer
5;2;3;0;3;8;8;6;4;6;5;7;3;0;5;8;9;7;1;7;No;Front End Developer
1;7;0;1;0;7;1;7;4;1;6;7;0;4;5;2;2;4;7;1;Yes;Machine Learning Engineer
0;1;4;2;5;7;1;9;2;7;0;3;8;9;6;8;6;4;7;9;No;Database Administrator
8;1;2;0;1;3;4;3;8;2;3;9;9;7;9;9;4;7;4;4;Yes;Software Engineer
9;4;8;4;8;4;3;3;4;8;4;3;8;8;6;4;5;8;0;8;Yes;Artificial Intelligence Engineer
7;9;8;0;8;3;4;0;8;9;3;5;5;4;4;3;2;9;0;6;Yes;Computer Network Architect
3;2;5;9;7;1;0;7;1;9;6;1;4;7;7;8;2;5;6;6;No;Artificial Intelligence Engineer
7;1;4;4;4;6;6;6;3;3;9;3;9;9;4;1;7;2;0;6;Yes;Systems Analyst
6;2;6;7;6;2;1;0;9;0;8;3;4;4;7;1;7;0;3;7;Yes;Machine Learning Engineer
1;4;2;8;8;1;6;2;7;7;6;9;9;7;5;9;3;5;0;3;No;Computer Systems Analyst
5;3;2;3;9;2;3;3;4;6;0;7;6;7;3;0;5;9;2;7;No;Game Developer
6;2;2;3;7;8;1;5;5;9;2;4;9;4;9;1;0;2;8;3;No;Software Engineer
1;7;6;0;3;0;2;8;9;2;3;4;6;6;7;2;6;4;9;7;No;Mobile App Developer
4;1;7;1;8;0;3;1;8;0;2;5;4;0;6;8;5;1;2;0;No;Digital Marketing Specialist
7;5;4;6;5;6;0;9;0;0;5;4;1;0;3;7;3;7;3;6;No;Computer and Information Research Scientist
4;7;2;9;5;4;1;2;6;4;9;9;8;5;4;5;9;5;9;2;Yes;Game Developer
2;1;9;1;9;4;5;9;0;7;8;7;4;6;9;0;9;0;9;9;No;Computer Network Architect
4;2;2;6;7;9;0;5;7;7;7;2;2;6;5;1;1;6;9;8;Yes;UI/UX Designer
9;4;2;6;8;8;4;9;9;2;2;8;0;6;2;8;3;2;0;1;No;Mobile App Developer
7;4;8;5;2;1;4;3;5;5;1;1;7;0;2;8;2;1;0;8;No;Machine Learning Engineer
4;8;6;6;2;8;1;7;4;5;8;8;5;3;8;7;0;5;5;4;No;Full Stack Developer
5;8;4;0;4;7;3;7;8;2;3;3;8;3;3;2;6;8;2;5;No;UI/UX Designer
8;8;7;9;7;1;6;6;3;5;9;3;7;3;7;4;3;0;7;9;Yes;Cloud Architect
7;2;2;1;9;1;5;9;2;2;8;5;3;8;7;9;3;9;6;5;Yes;IT Project Manager
6;0;8;9;5;0;4;8;9;7;6;1;0;0;8;4;2;3;9;1;Yes;Cybersecurity Analyst
0;1;6;0;4;8;2;5;6;8;1;3;3;8;9;8;1;6;4;1;No;Mobile App Developer
8;5;6;6;1;8;1;0;7;8;8;2;2;2;0;9;4;6;3;8;No;Systems Analyst
7;1;2;1;1;0;8;6;1;7;8;2;9;5;9;9;6;0;5;7;Yes;UI/UX Designer
3;6;2;9;1;1;7;4;9;4;5;9;8;7;1;7;1;0;1;6;Yes;Computer Programmer
6;2;3;9;7;4;0;5;4;5;9;7;6;1;9;3;6;4;0;5;Yes;Business Intelligence Analyst
7;4;8;1;5;0;7;3;9;7;1;8;3;4;2;3;7;7;0;0;Yes;IT Consultant
1;4;3;0;7;0;1;7;1;0;6;7;1;9;7;9;2;0;0;7;Yes;Technical Support Engineer
4;1;9;0;0;6;9;9;1;4;2;7;8;2;4;3;6;5;4;6;No;Business Intelligence Analyst
3;2;1;0;7;6;9;9;6;8;3;4;3;2;9;3;6;8;7;6;Yes;Computer Hardware Engineer
3;8;2;6;4;2;4;0;2;2;4;5;6;9;9;8;8;6;5;5;Yes;IT Consultant
5;5;1;2;0;3;0;1;5;4;5;8;0;7;2;8;8;1;4;8;Yes;UI/UX Designer
4;0;6;7;1;8;6;1;1;6;8;1;5;2;0;2;5;1;2;0;Yes;Software Tester
7;3;7;6;0;7;3;8;8;8;9;2;8;9;8;2;5;5;7;5;No;Software Engineer
1;5;6;0;8;8;8;7;2;0;7;8;3;1;5;0;7;6;5;9;No;Network Engineer
4;0;8;8;1;8;6;9;2;6;6;5;1;2;8;1;9;0;7;1;No;Cloud Architect
7;3;0;0;6;5;0;0;4;2;6;8;3;9;7;4;4;2;7;2;No;Systems Analyst
0;1;8;0;8;7;8;6;2;3;7;5;0;5;6;2;3;7;6;3;Yes;Web Developer
4;3;9;1;8;7;4;6;3;7;6;6;7;3;3;2;6;8;4;4;No;Computer Network Architect
1;8;3;8;8;0;6;1;2;6;1;1;8;0;4;9;9;7;3;2;Yes;Artificial Intelligence Engineer
3;6;4;0;1;7;2;7;7;1;1;2;0;5;0;1;3;4;0;4;Yes;Computer Systems Manager
3;8;2;6;9;2;9;3;2;6;0;4;6;5;7;3;1;5;3;0;Yes;Web Developer
8;0;1;6;5;9;8;6;9;3;6;0;0;0;9;7;2;6;4;7;Yes;Game Developer
5;6;1;4;1;4;5;3;3;2;6;3;9;2;2;5;4;8;9;4;Yes;DevOps Engineer
0;9;0;5;5;6;6;2;4;0;8;4;3;3;6;9;7;3;1;4;Yes;Network Administrator
4;4;7;8;4;1;5;4;7;5;9;6;4;9;9;8;4;9;2;9;No;Cloud Architect
3;4;5;6;2;9;9;2;7;9;1;8;3;2;1;4;3;8;4;7;Yes;Computer Hardware Engineer
5;3;5;7;6;0;8;5;0;9;6;7;8;9;1;2;7;5;5;1;No;Game Developer
2;4;7;3;7;6;2;9;7;7;6;4;8;6;8;7;2;1;1;2;No;Software Engineer
6;5;3;6;7;7;4;1;1;7;2;6;7;4;6;4;0;1;8;0;Yes;Computer Hardware Engineer
4;4;9;6;6;5;7;7;5;2;0;8;5;5;3;8;6;3;0;7;Yes;Quality Assurance Engineer
0;6;3;1;6;0;8;4;9;6;7;4;6;8;7;2;1;5;9;2;Yes;Quality Assurance Engineer
7;6;3;1;9;6;7;0;9;4;4;6;1;3;0;9;3;2;2;5;No;IT Sales Professional
4;8;3;4;9;1;5;0;5;6;6;7;4;6;1;1;1;3;5;9;No;Game Developer
5;0;2;6;6;2;9;4;3;4;9;7;0;5;8;8;4;7;4;8;Yes;Full Stack Developer
1;3;7;0;9;6;4;6;5;2;2;7;8;0;0;9;9;1;3;8;No;Data Scientist
1;8;3;8;7;0;0;2;3;8;5;0;7;5;7;4;5;6;4;4;No;Machine Learning Engineer
5;0;2;1;6;7;3;1;9;7;9;6;0;2;3;7;3;1;9;0;Yes;IT Sales Professional
5;0;3;4;5;0;6;6;7;4;1;1;9;9;7;4;7;9;6;9;No;Software Tester
4;6;3;7;4;3;2;1;5;8;4;8;2;4;0;7;7;6;8;4;Yes;Research Scientist
9;4;8;3;2;9;6;0;5;9;2;3;5;6;2;5;2;2;4;2;Yes;Artificial Intelligence Engineer
0;5;2;8;0;7;0;2;7;4;8;2;4;3;2;0;4;8;0;7;Yes;Network Engineer
5;6;3;0;3;5;6;0;2;6;1;0;9;5;4;0;2;5;7;6;Yes;Artificial Intelligence Engineer
4;0;9;7;2;2;5;9;4;5;2;4;1;0;3;9;2;7;6;8;No;Cybersecurity Analyst
1;2;7;8;0;6;6;5;3;0;3;9;0;1;6;0;3;2;0;4;Yes;Web Developer
3;0;6;1;9;7;5;7;1;5;7;9;9;7;3;7;0;0;2;1;Yes;Back End Developer
5;6;8;5;1;7;0;9;3;2;3;2;7;6;9;4;7;5;7;5;Yes;IT Project Manager
3;7;3;7;8;6;4;5;9;6;3;4;5;8;0;7;3;9;6;2;Yes;Computer Network Architect
2;0;2;5;0;4;0;1;6;8;0;8;0;5;3;2;8;7;7;6;Yes;Machine Learning Engineer
3;0;3;3;3;2;0;2;5;9;6;0;0;0;3;0;4;1;5;5;No;Data Scientist
5;2;5;0;5;7;5;6;1;2;1;4;2;6;8;4;3;1;5;9;Yes;Software Tester
2;9;8;5;2;6;7;9;6;1;2;8;9;0;7;4;4;8;0;4;No;IT Project Manager
0;7;3;9;9;4;9;5;8;3;7;9;7;6;2;8;8;5;1;0;Yes;Data Scientist
6;7;1;2;6;9;5;8;7;7;8;1;3;8;3;5;6;5;2;8;Yes;Computer Programmer
0;7;9;8;0;7;7;9;6;4;5;3;6;7;0;5;2;2;5;2;Yes;Embedded Systems Engineer
9;3;4;9;0;9;8;7;6;0;8;5;3;9;2;2;2;8;4;8;No;Software Tester
2;3;9;2;3;8;8;5;6;0;5;7;7;1;2;7;1;6;1;6;No;Full Stack Developer
5;6;2;7;8;1;8;5;1;1;4;5;5;7;1;7;2;5;1;4;No;Game Developer
3;2;8;8;1;7;1;0;8;3;3;4;6;2;5;7;6;6;4;2;Yes;Web Developer
5;0;3;1;3;5;9;9;9;3;9;8;4;1;9;6;1;4;8;9;No;Computer Programmer
8;2;5;2;9;0;7;8;7;5;8;9;1;0;3;9;8;9;8;1;Yes;IT Consultant
1;3;6;3;6;1;4;8;0;8;5;6;8;8;3;3;4;3;7;3;Yes;Technical Writer
6;9;9;7;8;6;8;7;1;0;0;5;8;4;5;8;8;1;0;1;Yes;Computer Systems Manager
7;8;2;8;1;7;5;4;4;1;6;3;7;8;8;1;6;5;8;2;No;Front End Developer
3;6;4;6;1;6;6;3;0;7;2;3;6;9;3;4;9;7;9;2;No;Computer Systems Analyst
3;9;5;3;8;9;3;7;2;4;6;8;7;1;8;3;4;6;1;9;No;Network Engineer
4;4;4;6;0;2;8;9;7;5;6;7;8;6;7;0;7;9;8;1;No;Mobile App Developer
9;8;0;8;2;4;4;5;6;0;9;2;2;6;0;5;2;9;8;3;Yes;IT Project Manager
8;5;2;3;7;7;7;2;2;2;4;9;6;8;2;0;0;9;7;6;No;Web Developer
9;9;3;4;3;0;7;0;9;1;9;5;6;2;1;7;4;9;2;1;No;Data Scientist
0;4;2;3;3;5;6;5;7;5;5;9;4;7;2;0;7;3;0;1;No;IT Consultant
0;9;7;8;2;3;3;8;4;6;4;3;7;7;7;5;4;9;6;9;Yes;Software Developer
6;8;1;1;1;0;4;9;4;7;5;0;0;1;5;3;8;5;8;9;Yes;Technical Writer
7;0;5;2;1;6;5;3;3;6;2;3;3;1;5;0;8;4;0;3;Yes;Back End Developer
7;9;9;1;8;9;6;4;7;1;4;2;0;6;5;6;5;9;0;7;No;Artificial Intelligence Engineer
3;3;5;2;1;0;5;9;8;3;8;6;7;9;1;2;2;9;2;3;Yes;Embedded Systems Engineer
7;0;1;3;0;7;1;3;5;4;8;2;5;0;4;0;6;0;3;1;Yes;Computer Programmer
0;9;9;3;2;6;8;6;6;9;4;0;9;4;2;8;1;9;2;0;No;Software Engineer
0;8;1;6;7;7;7;0;7;7;5;4;7;8;4;7;4;9;6;3;Yes;Systems Analyst
1;3;4;5;3;7;0;0;0;2;9;9;1;7;2;5;5;9;5;5;No;IT Support Specialist
1;0;9;7;5;6;1;5;3;5;3;4;6;2;7;8;2;5;1;1;No;Machine Learning Engineer
5;0;2;8;1;6;3;2;5;3;2;0;0;9;8;5;0;8;3;0;Yes;Software Developer
7;6;9;2;7;6;1;9;7;7;7;0;2;5;3;6;6;6;9;8;Yes;Computer Systems Manager
8;4;9;3;1;7;9;0;7;7;4;4;9;7;5;3;8;3;7;9;No;IT Consultant
2;3;4;1;6;4;2;8;7;8;1;2;9;3;0;8;6;4;3;2;No;DevOps Engineer
5;3;0;0;8;1;3;4;1;2;3;2;4;3;8;6;0;3;8;1;No;IT Project Manager
6;5;2;0;5;4;3;0;7;0;5;3;6;5;0;1;7;4;8;2;No;IT Support Specialist
9;5;6;1;7;7;9;2;9;7;5;5;3;7;6;5;3;5;7;2;No;Network Engineer
7;1;6;7;3;4;3;7;3;8;0;9;4;1;9;3;5;8;4;9;Yes;Research Scientist
6;0;2;1;1;7;7;4;3;9;5;1;4;0;6;9;6;9;1;9;Yes;UI/UX Designer
4;7;9;3;2;5;6;8;4;0;1;6;7;3;1;4;8;6;6;3;No;Digital Marketing Specialist
2;6;9;5;9;9;0;7;6;6;7;7;9;9;1;4;4;8;1;8;No;Computer and Information Research Scientist
4;6;4;0;3;8;0;8;6;0;6;3;4;6;2;0;3;6;0;1;No;Back End Developer
1;6;7;5;6;5;6;6;4;1;5;3;1;1;6;2;9;9;5;9;No;Computer Systems Manager
0;5;4;7;9;1;4;5;5;5;9;9;9;2;6;7;8;0;0;0;No;UI/UX Designer
7;9;2;9;0;1;8;9;1;4;2;0;3;0;5;4;4;7;7;6;Yes;Computer Programmer
8;6;2;4;1;0;0;9;0;6;5;6;8;8;5;6;1;4;3;5;No;UI/UX Designer
7;4;1;0;0;7;9;1;2;3;8;5;6;2;4;1;3;7;1;9;No;Systems Analyst
1;7;0;9;7;8;2;5;9;2;4;7;9;0;8;7;6;5;6;8;Yes;Artificial Intelligence Engineer
7;4;2;1;5;9;5;3;2;5;0;1;3;7;4;1;3;8;6;0;No;Cloud Architect
8;4;5;8;5;4;7;2;0;4;4;4;6;2;4;7;9;4;1;4;No;Computer Systems Analyst
4;0;9;3;6;8;8;5;3;3;5;9;5;9;4;2;3;6;7;6;No;Computer Network Architect
7;0;8;6;6;4;1;3;3;5;1;0;5;7;2;9;8;1;9;5;Yes;Digital Marketing Specialist
3;2;4;0;5;6;3;6;3;2;0;4;3;0;6;7;5;2;0;5;No;Computer and Information Research Scientist
1;2;5;2;0;8;6;2;7;7;6;1;9;6;9;7;3;5;0;6;No;Front End Developer
0;6;5;3;7;9;6;0;7;6;7;1;6;6;4;8;7;3;4;5;No;Embedded Systems Engineer
2;8;0;0;9;8;6;3;8;8;0;3;1;6;0;3;0;8;5;8;Yes;Data Scientist
8;3;3;9;0;3;8;4;7;5;0;5;5;2;4;6;3;7;6;4;No;Business Intelligence Analyst
0;7;5;7;9;7;0;9;7;3;5;7;8;2;4;8;3;1;9;0;Yes;Data Scientist
2;1;0;1;8;7;7;6;3;2;3;6;7;7;3;4;5;7;2;4;No;Blockchain Developer
1;5;6;6;6;8;7;5;1;2;7;3;3;8;7;9;6;9;4;0;No;Computer and Information Research Scientist
3;6;9;7;6;6;2;5;1;1;2;9;5;6;1;0;5;7;4;9;No;Business Intelligence Analyst
2;3;9;8;9;3;9;3;0;6;7;7;4;9;8;3;8;2;5;2;Yes;Blockchain Developer
2;9;7;5;9;7;9;5;6;5;0;8;5;0;9;6;1;3;9;2;Yes;Technical Support Engineer
5;1;0;9;4;9;9;7;9;4;6;0;0;8;5;6;5;0;9;7;No;Quality Assurance Engineer
6;9;9;9;8;5;0;0;2;0;0;8;6;2;6;5;6;3;3;7;No;Software Tester
7;1;7;9;5;9;9;9;0;1;0;2;3;8;4;7;8;5;8;3;Yes;Technical Writer
8;6;4;0;1;3;7;8;3;3;3;1;4;1;9;4;7;4;8;5;No;Computer Network Architect
1;0;9;5;9;0;7;7;6;9;5;4;2;3;5;9;0;3;6;7;Yes;IT Sales Professional
1;7;3;4;9;2;4;4;1;4;2;1;1;2;4;7;4;9;3;3;No;IT Consultant
6;3;4;1;3;6;4;2;5;7;8;6;4;1;7;3;5;8;8;3;Yes;Back End Developer
4;3;0;0;9;3;6;8;3;6;3;1;4;4;2;2;9;5;3;2;Yes;Quality Assurance Engineer
5;0;9;4;9;2;6;1;2;9;3;2;3;8;5;7;4;0;8;6;Yes;UI/UX Designer
2;1;1;7;4;4;2;0;1;5;1;2;0;3;2;0;0;3;1;3;No;UI/UX Designer
2;9;4;0;9;6;7;9;8;3;1;9;7;3;2;8;6;6;1;2;Yes;Cybersecurity Analyst
4;8;5;5;8;4;2;4;2;3;5;8;9;5;6;4;8;0;7;1;No;Software Tester
4;1;6;0;0;4;6;7;1;8;1;2;1;5;3;6;8;9;6;2;Yes;Web Developer
2;7;1;1;5;1;7;3;0;5;3;5;3;3;6;7;1;8;8;8;No;Computer Systems Manager
9;9;1;2;7;4;1;9;8;1;7;8;3;6;9;9;5;4;9;2;No;Systems Analyst
7;7;1;5;2;4;0;6;4;6;0;7;7;0;3;4;4;6;7;0;No;Software Engineer
4;7;1;0;8;3;7;9;3;1;5;7;7;1;2;8;0;1;5;6;Yes;Computer Systems Analyst
7;2;8;7;6;1;9;2;6;3;8;6;6;9;8;2;5;3;2;0;Yes;Artificial Intelligence Engineer
8;3;1;4;3;3;5;5;8;1;7;6;6;5;7;7;1;9;4;6;Yes;Front End Developer
5;4;6;0;3;5;5;9;2;4;6;9;9;1;2;4;4;2;5;5;Yes;Machine Learning Engineer
0;2;0;0;5;4;3;4;5;6;8;3;8;9;0;1;4;6;2;9;No;Digital Marketing Specialist
6;2;7;0;6;0;9;8;8;4;9;0;6;7;8;1;8;3;4;8;Yes;IT Sales Professional
2;6;4;5;7;8;6;4;2;2;4;9;2;7;3;5;7;6;5;8;Yes;Cloud Architect
2;0;7;0;8;4;5;0;1;5;9;4;8;7;9;7;6;9;5;8;Yes;Database Administrator
7;0;3;2;9;0;1;0;7;6;3;1;4;6;6;2;0;3;7;4;No;UI/UX Designer
7;3;6;1;2;4;1;6;9;3;0;5;6;0;9;2;6;5;4;2;Yes;Front End Developer
1;0;8;2;8;0;0;6;5;2;1;0;9;0;1;7;0;8;9;5;No;Cloud Architect
9;5;2;7;2;1;0;0;3;1;1;1;1;1;6;5;9;8;3;9;Yes;Technical Support Engineer
5;3;8;2;9;7;2;5;2;8;0;4;8;6;0;2;7;6;8;6;Yes;Front End Developer
5;4;1;6;3;2;6;2;2;6;5;4;0;0;7;4;4;8;9;2;Yes;IT Sales Professional
8;1;8;4;3;8;4;3;8;1;9;8;6;9;5;5;4;3;4;1;Yes;DevOps Engineer
6;8;6;9;0;8;2;9;3;5;0;5;9;3;0;1;0;1;8;1;Yes;Data Scientist
4;9;2;2;1;7;2;2;7;9;1;6;5;4;8;6;5;4;2;2;No;Computer and Information Systems Manager
4;5;3;0;9;3;9;0;6;3;9;0;2;4;0;5;4;2;5;3;Yes;Blockchain Developer
8;2;0;1;3;3;9;7;6;3;7;1;0;1;7;6;8;9;4;3;No;IT Support Specialist
4;2;5;9;7;9;4;7;9;0;0;5;9;3;4;3;6;9;5;7;No;Network Administrator
4;2;7;1;1;2;2;1;4;3;5;9;4;0;2;3;1;9;3;1;No;Cybersecurity Analyst
9;0;8;1;3;1;8;6;4;1;7;5;4;3;3;5;1;2;3;6;Yes;Research Scientist
8;0;0;7;0;0;6;5;2;7;5;7;3;7;1;5;9;1;9;0;No;Business Intelligence Analyst
2;7;1;6;8;9;8;3;6;3;3;3;6;1;5;9;6;2;9;6;No;Systems Analyst
8;2;9;7;5;0;5;8;0;9;1;3;0;5;4;6;9;7;2;6;No;Computer Programmer
5;5;3;0;3;3;3;8;4;0;6;4;5;4;0;9;8;7;9;8;Yes;Blockchain Developer
8;6;0;8;9;9;0;8;0;1;3;5;1;5;6;4;4;7;3;9;Yes;Digital Marketing Specialist
2;3;5;5;1;8;1;1;3;7;8;8;2;3;8;4;0;6;3;0;No;Game Developer
7;3;1;7;2;3;8;9;4;0;8;0;0;2;7;1;1;7;0;2;Yes;Blockchain Developer
4;7;7;5;0;5;9;4;6;3;6;1;0;1;7;1;1;9;2;4;No;Database Administrator
0;8;6;2;7;7;0;9;1;5;5;5;5;2;2;2;3;3;9;7;No;Web Developer
6;9;5;1;1;3;6;5;5;6;3;8;6;1;3;5;5;8;3;6;No;Computer Programmer
5;2;4;1;0;6;5;6;1;9;1;4;6;1;5;6;5;5;1;3;Yes;IT Project Manager
8;2;7;6;9;0;8;3;2;5;3;7;4;1;8;2;2;7;9;5;No;Technical Writer
7;8;8;9;9;5;9;0;7;3;3;5;5;5;5;0;9;1;0;5;Yes;Computer Science Teacher
3;4;1;3;2;7;7;6;8;9;2;6;1;8;2;4;6;9;2;4;No;Machine Learning Engineer
8;9;6;8;7;0;0;9;9;8;2;8;6;3;2;9;9;4;8;9;No;Technical Support Engineer
3;7;4;9;7;5;1;7;8;3;8;0;7;6;6;6;1;1;9;7;No;Cybersecurity Analyst
3;4;6;7;9;2;4;6;3;0;6;6;7;7;3;7;5;2;3;7;No;UI/UX Designer
0;8;4;3;8;0;3;4;6;0;4;3;2;9;0;6;1;2;8;8;Yes;DevOps Engineer
4;4;9;6;1;2;3;8;9;5;3;9;6;5;8;7;6;8;7;9;No;Computer Science Teacher
6;0;4;7;3;8;9;5;3;3;2;7;3;1;8;3;3;9;0;8;No;Quality Assurance Engineer
3;7;6;4;6;4;5;5;8;0;8;5;5;9;5;8;5;9;3;7;No;IT Consultant
3;7;8;0;0;8;2;6;0;4;5;7;3;4;8;1;6;9;5;8;Yes;UI/UX Designer
9;4;9;9;2;0;0;8;1;4;3;6;1;8;5;8;5;5;9;3;Yes;Technical Writer
6;5;5;6;0;5;5;1;2;7;7;3;7;4;2;9;3;6;5;2;Yes;Network Administrator
7;6;1;8;8;7;7;2;0;5;0;3;3;0;1;8;4;6;4;1;No;IT Consultant
5;3;9;2;7;7;4;7;5;8;4;5;8;9;8;0;1;8;0;6;No;Web Developer
5;5;0;0;9;3;6;9;0;4;2;2;1;6;6;6;5;6;1;2;Yes;Technical Writer
7;0;5;9;9;4;9;2;2;0;6;1;4;7;4;7;6;0;9;2;No;Cloud Architect
4;9;1;2;0;6;8;2;2;2;5;3;6;7;9;2;4;8;8;7;No;Computer Network Architect
0;9;8;8;3;3;4;5;0;7;4;7;5;6;8;3;8;5;7;2;No;Data Scientist
8;6;7;7;0;5;6;4;8;0;0;5;9;3;0;9;1;8;9;3;No;Blockchain Developer
0;6;3;5;8;6;0;4;4;6;0;1;8;0;3;0;3;6;8;9;Yes;Computer Systems Manager
1;8;8;7;3;9;4;8;9;0;7;3;9;0;4;7;2;5;1;8;No;Digital Marketing Specialist
0;8;7;4;5;9;2;5;1;3;1;6;5;7;2;3;5;3;9;7;Yes;IT Consultant
5;0;9;9;8;6;3;5;9;7;1;0;8;3;2;3;7;9;8;0;No;Database Administrator
0;9;5;5;1;1;9;4;5;6;4;2;3;4;6;9;9;5;3;9;Yes;Database Administrator
2;1;4;7;6;0;9;6;5;6;2;6;7;3;8;1;5;0;3;9;No;Software Engineer
7;3;8;4;5;0;2;8;1;5;5;1;6;0;3;4;0;1;2;7;No;Quality Assurance Engineer
2;2;6;8;4;9;5;4;2;5;6;2;4;7;9;6;8;4;7;5;No;UI/UX Designer
3;8;3;6;9;8;5;7;0;4;0;5;6;9;6;2;4;8;3;1;No;Game Developer
9;9;9;5;3;2;1;6;0;2;1;2;1;1;5;1;1;9;7;5;Yes;Web Developer
5;0;1;1;7;1;8;4;8;8;4;1;8;7;9;4;5;1;1;9;Yes;IT Support Specialist
3;1;6;8;7;1;3;6;0;7;7;2;6;2;0;1;1;7;0;5;Yes;Full Stack Developer
2;8;1;1;2;2;7;7;3;4;1;0;7;4;2;5;4;0;5;9;Yes;Computer and Information Research Scientist
6;0;6;7;7;9;4;5;7;6;2;4;4;7;1;3;8;2;5;2;Yes;IT Project Manager
6;6;6;1;4;7;6;2;5;1;7;2;8;8;2;3;1;4;7;1;No;Mobile App Developer
9;0;2;5;9;6;8;6;8;6;2;0;3;8;4;2;4;6;1;4;No;Front End Developer
0;0;0;8;7;0;7;4;2;3;5;2;1;7;1;0;6;3;8;9;Yes;UI/UX Designer
2;2;9;0;5;2;3;9;4;1;7;4;2;9;4;0;4;5;1;5;No;Computer Programmer
4;2;4;9;8;5;8;6;2;8;7;1;7;7;0;3;4;4;2;2;No;Computer and Information Systems Manager
0;3;1;9;4;4;4;1;5;5;7;9;9;5;9;6;3;0;3;9;No;Business Intelligence Analyst
1;9;0;4;3;8;3;8;1;0;9;0;0;1;6;8;6;1;1;5;Yes;Software Developer
8;6;2;3;3;6;3;4;5;0;8;9;5;7;0;9;4;9;5;7;Yes;Business Intelligence Analyst
8;0;5;3;0;7;4;6;8;6;5;8;5;8;5;4;1;8;8;7;No;IT Project Manager
4;2;3;7;4;8;6;7;4;0;3;3;8;0;0;2;7;9;8;0;Yes;Artificial Intelligence Engineer
2;9;4;3;4;9;3;4;5;5;7;5;5;8;5;6;2;6;3;7;No;Business Intelligence Analyst
8;0;2;6;3;9;0;1;8;4;9;4;0;9;0;9;1;0;0;4;No;Computer Network Architect
2;2;7;3;0;7;4;1;2;5;2;1;0;3;4;4;8;1;8;3;No;Computer Hardware Engineer
1;0;5;1;7;5;5;3;8;6;1;8;9;2;0;8;0;9;5;6;No;Computer Science Teacher
7;5;0;1;1;8;8;6;4;0;0;9;9;4;0;3;0;2;3;8;No;Full Stack Developer
8;8;0;5;8;3;5;6;4;8;0;1;8;0;9;7;7;7;0;2;Yes;Technical Support Engineer
7;7;5;8;9;2;9;6;7;3;9;5;7;9;5;8;3;8;6;1;Yes;Technical Writer
7;4;0;1;3;5;8;2;2;2;4;2;6;8;9;5;2;8;1;8;No;UI/UX Designer
7;3;3;4;9;8;1;3;0;5;1;9;8;2;2;8;5;9;2;9;No;Research Scientist
3;0;8;8;0;9;2;5;0;1;4;4;0;2;2;2;4;0;1;1;Yes;Network Engineer
8;8;7;5;4;9;2;7;8;4;6;2;0;2;0;5;3;8;3;6;Yes;Business Intelligence Analyst
7;3;7;8;2;4;2;8;7;7;5;6;8;1;8;8;0;3;4;6;No;Data Scientist
1;7;4;3;5;6;5;0;8;1;0;3;6;5;3;0;8;1;6;9;Yes;Computer Science Teacher
7;8;7;9;1;9;7;5;5;2;6;2;3;4;7;0;4;0;3;1;Yes;Technical Support Engineer
3;8;0;5;3;5;8;4;0;1;6;7;3;8;2;1;1;0;2;3;No;Software Tester
2;4;8;1;9;1;8;3;8;7;2;9;6;2;6;3;0;7;4;2;No;IT Sales Professional
6;1;5;1;1;8;1;5;9;8;8;6;7;5;0;0;3;1;1;1;Yes;Computer Programmer
2;9;5;9;1;5;2;4;9;2;7;5;9;5;3;1;6;0;5;5;Yes;Systems Analyst
9;6;4;6;9;8;4;5;7;3;9;9;8;5;5;9;5;7;6;7;Yes;Quality Assurance Engineer
3;7;6;0;0;9;3;2;7;1;9;4;4;0;8;2;6;3;7;9;No;Computer Network Architect
4;8;6;2;3;4;8;0;4;7;5;5;2;8;2;2;6;6;3;2;No;Network Engineer
9;3;0;5;6;5;9;5;7;1;1;4;4;6;2;5;4;3;9;8;Yes;Full Stack Developer
8;3;9;1;2;0;0;1;0;5;5;7;1;7;0;3;5;7;1;3;Yes;UI/UX Designer
2;5;4;2;9;7;1;5;7;0;3;5;7;7;8;6;5;0;2;9;No;Full Stack Developer
3;6;7;1;1;8;4;8;0;5;0;8;8;5;4;7;5;7;5;0;No;Software Developer
3;3;3;8;1;1;9;4;4;1;0;4;5;1;5;1;5;6;8;8;Yes;IT Project Manager
3;6;2;8;4;3;0;9;1;8;8;7;1;9;9;8;2;1;1;1;Yes;Digital Marketing Specialist
2;5;8;6;5;8;4;7;3;6;1;2;3;2;1;1;4;1;1;0;Yes;Machine Learning Engineer
2;2;4;4;9;9;2;2;6;1;5;3;3;9;3;5;4;3;0;2;Yes;Research Scientist
1;4;2;2;3;0;7;6;5;9;8;7;4;3;2;3;6;7;1;0;Yes;Artificial Intelligence Engineer
7;5;4;3;9;7;2;1;0;9;9;5;9;0;2;3;6;5;7;9;Yes;Embedded Systems Engineer
4;4;9;0;6;2;2;0;9;8;2;5;3;1;3;3;4;0;0;0;No;Computer and Information Research Scientist
8;9;3;9;0;6;9;7;4;0;2;6;0;5;6;2;7;6;3;8;Yes;IT Consultant
1;1;3;4;6;5;3;8;8;8;4;4;8;7;9;4;1;6;9;4;No;Web Developer
5;2;4;4;1;8;9;2;7;9;5;3;4;8;5;2;9;9;2;4;No;Computer Systems Manager
0;4;4;4;9;1;6;2;2;4;7;2;0;7;0;2;7;9;5;4;Yes;Digital Marketing Specialist
1;0;9;3;7;7;8;6;2;2;9;0;0;4;5;8;8;3;7;9;Yes;IT Project Manager
1;3;6;4;1;4;6;0;8;5;5;0;5;8;9;5;8;2;5;3;Yes;Computer Systems Analyst
9;4;7;9;2;6;4;7;0;7;7;9;1;3;4;5;5;7;7;3;Yes;Artificial Intelligence Engineer
2;8;3;5;2;6;2;3;0;1;0;4;6;4;0;8;0;6;4;8;No;Embedded Systems Engineer
2;3;0;9;5;4;6;9;9;7;0;5;8;3;9;3;6;5;0;2;Yes;Systems Analyst
6;7;6;4;7;5;1;2;8;0;9;3;4;0;1;4;8;5;2;9;Yes;Machine Learning Engineer
2;1;9;7;1;2;8;3;8;1;8;2;4;1;8;7;7;1;4;6;Yes;IT Consultant
3;2;1;0;7;2;3;1;0;1;5;0;5;2;4;1;9;7;6;9;Yes;Back End Developer
1;3;2;2;7;8;4;0;9;3;0;8;9;6;5;4;2;8;0;3;Yes;Computer Systems Analyst
0;3;7;8;5;3;5;8;6;5;1;9;0;0;4;6;6;6;1;7;Yes;Cloud Architect
8;0;8;9;2;0;3;2;3;7;2;5;5;3;4;2;0;6;1;2;Yes;Software Engineer
2;6;7;8;6;6;7;5;3;4;6;7;3;8;2;5;5;3;2;7;No;Computer Network Architect
6;5;5;1;7;3;0;5;4;3;8;2;8;3;2;4;1;0;6;2;No;Computer Science Teacher
8;4;6;4;2;7;7;2;9;8;7;9;5;1;0;2;7;1;8;0;No;Full Stack Developer
7;3;9;7;4;0;0;1;8;4;0;7;3;8;6;9;9;0;6;4;No;Technical Support Engineer
0;3;6;8;1;2;2;8;7;9;0;7;5;0;9;9;6;5;2;2;No;Computer Network Architect
3;3;9;3;1;9;5;4;5;1;2;8;7;8;4;2;9;1;8;9;No;Cybersecurity Analyst
2;6;0;5;0;6;8;3;8;2;0;4;5;5;8;9;4;5;8;8;No;Full Stack Developer
1;9;7;0;0;5;6;3;6;7;4;5;5;2;2;7;9;0;4;2;Yes;DevOps Engineer
5;4;5;5;5;2;8;4;2;9;7;4;3;6;4;6;3;1;6;0;Yes;IT Project Manager
1;0;4;9;6;4;2;9;8;3;0;9;9;4;0;4;9;9;1;4;No;Back End Developer
3;9;7;6;7;6;5;5;3;2;2;9;0;1;9;7;2;7;1;5;No;Computer and Information Research Scientist
3;9;1;6;0;3;8;9;2;1;7;9;6;6;0;6;7;8;1;0;No;Web Developer
0;3;8;1;5;6;3;1;8;5;0;0;3;8;1;0;3;5;9;8;No;IT Consultant
7;4;6;5;1;6;1;4;2;6;1;2;1;6;4;1;2;9;2;1;No;Game Developer
6;7;5;5;1;2;1;4;7;4;2;1;7;6;3;5;0;3;1;3;No;Computer Systems Analyst
7;1;8;5;4;8;8;5;7;2;5;6;7;8;7;8;8;8;4;5;No;Data Scientist
0;9;3;4;2;0;8;2;5;8;3;9;6;4;5;3;1;9;7;0;No;Game Developer
5;4;3;7;4;3;7;3;3;7;5;5;9;4;1;6;3;6;6;6;Yes;Full Stack Developer
5;5;2;7;5;9;6;1;6;7;8;7;5;9;2;0;1;6;6;2;No;DevOps Engineer
6;2;3;5;0;3;0;1;6;6;4;7;0;2;6;7;3;8;1;8;Yes;Network Engineer
3;3;6;1;3;0;5;0;2;9;9;7;9;8;8;0;3;4;8;5;No;Business Intelligence Analyst
3;8;8;8;3;8;7;4;6;9;5;3;7;0;2;0;2;8;4;5;No;Computer Science Teacher
7;4;8;1;9;4;6;1;3;5;9;9;7;1;4;1;4;6;0;8;No;Computer Hardware Engineer
6;7;6;3;2;4;4;9;7;9;2;1;9;2;8;0;8;0;0;5;Yes;Embedded Systems Engineer
3;8;9;0;6;8;4;9;2;7;0;9;9;2;3;6;9;1;4;8;Yes;Computer Systems Analyst
1;6;8;0;5;5;0;6;6;6;6;2;5;7;4;0;2;0;2;6;No;Machine Learning Engineer
0;9;5;5;8;5;0;3;1;4;2;6;2;3;5;6;0;3;4;5;Yes;Game Developer
5;7;2;3;0;0;9;6;2;6;4;7;0;5;8;3;0;9;0;5;No;Network Engineer
1;5;3;2;7;2;7;4;2;1;0;5;4;8;3;8;5;6;9;9;Yes;Computer Systems Manager
2;4;2;6;1;7;8;5;4;0;0;5;5;0;2;8;8;1;1;3;Yes;Cybersecurity Analyst
0;9;7;9;8;0;4;2;2;6;3;8;5;8;4;4;9;3;8;5;No;Computer Hardware Engineer
6;0;6;5;9;2;6;2;3;4;1;9;3;0;9;5;6;5;8;6;Yes;Computer Science Teacher
1;9;6;2;8;0;9;5;8;3;1;6;2;4;2;8;6;4;2;3;Yes;Database Administrator
6;7;9;9;2;1;7;1;5;2;6;9;2;9;4;6;2;3;1;5;No;Computer and Information Research Scientist
2;2;6;2;0;8;4;3;3;5;3;2;1;1;8;9;3;6;0;2;Yes;Computer Network Architect
3;7;9;7;5;6;8;7;9;6;8;2;4;9;0;5;8;3;4;8;No;Cybersecurity Analyst
1;9;2;2;3;7;1;2;3;7;0;5;3;9;5;1;6;8;9;6;No;IT Support Specialist
0;8;8;7;0;5;0;7;1;0;1;4;7;8;0;5;3;8;5;7;No;Systems Analyst
6;5;0;5;8;3;2;3;6;3;7;0;9;7;6;5;2;7;6;6;No;Computer and Information Research Scientist
7;2;3;0;6;4;3;5;2;9;9;7;2;3;6;4;1;1;3;4;Yes;Technical Writer
8;4;4;8;2;0;6;2;6;9;4;2;8;6;0;8;2;1;2;3;Yes;Front End Developer
5;5;5;1;4;3;4;6;8;7;1;2;4;6;5;5;5;5;8;5;No;Business Intelligence Analyst
3;4;4;4;1;5;6;4;3;0;2;0;5;5;3;0;7;7;7;6;Yes;Research Scientist
1;5;9;8;5;8;8;1;3;8;8;7;5;2;1;4;7;0;9;7;Yes;Database Administrator
6;9;7;8;9;0;0;7;5;0;9;3;2;0;2;7;2;6;5;6;Yes;Machine Learning Engineer
0;1;5;7;7;2;2;2;8;4;8;2;1;2;0;0;4;8;8;3;Yes;Full Stack Developer
5;4;6;7;5;3;4;9;4;3;4;9;9;6;0;7;5;6;6;3;Yes;DevOps Engineer
6;9;4;4;8;4;5;2;0;1;3;9;9;1;4;7;1;7;0;2;Yes;Cloud Architect
0;3;6;5;1;1;6;7;2;5;3;0;6;5;8;1;4;5;6;1;No;Computer Systems Manager
1;8;5;0;7;5;4;9;2;9;7;0;2;5;2;3;6;9;2;2;No;Embedded Systems Engineer
6;6;9;3;0;5;5;7;5;8;4;2;0;9;8;7;4;5;6;9;No;Blockchain Developer
7;4;8;3;1;7;2;5;0;0;6;1;9;9;2;6;4;5;3;5;No;Technical Writer
9;5;1;5;8;1;9;8;7;1;1;1;5;7;0;2;2;3;4;9;No;Artificial Intelligence Engineer
1;8;3;4;3;6;6;8;7;9;7;9;4;1;5;0;7;0;3;1;Yes;Cybersecurity Analyst
1;5;8;8;3;9;2;3;7;9;6;3;1;8;8;5;9;4;7;4;No;Game Developer
2;9;6;0;2;0;6;4;1;0;3;6;9;1;1;7;1;2;8;1;Yes;Embedded Systems Engineer
7;8;5;6;7;8;5;5;8;1;5;6;1;3;2;9;6;9;5;6;Yes;Full Stack Developer
6;0;9;3;3;1;2;0;1;6;5;4;2;2;9;4;4;2;9;4;Yes;UI/UX Designer
8;8;2;6;6;3;1;0;5;8;5;1;7;0;3;5;2;4;0;8;Yes;Game Developer
5;8;1;4;1;1;5;8;9;5;5;0;2;8;7;5;3;3;1;9;No;Front End Developer
0;9;5;8;3;5;7;3;1;2;9;7;4;0;2;8;8;3;8;6;No;Computer Systems Analyst
5;2;6;0;9;3;2;3;7;6;7;8;5;8;4;4;1;0;4;4;No;Technical Support Engineer
8;2;7;4;1;4;9;9;9;7;6;5;5;5;5;4;8;3;3;4;No;Machine Learning Engineer
8;2;9;0;6;5;0;6;6;2;9;9;9;9;6;3;6;0;4;1;No;Software Tester
8;4;5;3;2;5;9;5;8;7;7;4;5;2;7;4;9;4;9;1;No;Computer and Information Research Scientist
0;8;8;0;5;2;0;3;8;4;4;9;5;5;3;3;1;2;6;5;No;Computer Programmer
6;3;9;1;7;0;4;8;0;2;6;0;9;2;8;7;3;1;6;0;No;Computer and Information Research Scientist
3;8;6;2;0;2;6;4;5;0;2;1;7;6;2;1;4;1;5;9;Yes;Computer Hardware Engineer
7;2;2;7;7;5;9;6;3;0;1;4;0;9;4;4;0;2;2;0;No;Artificial Intelligence Engineer
6;1;1;5;1;1;8;5;5;1;0;7;8;4;8;5;6;1;1;9;No;Front End Developer
7;5;0;1;0;0;5;3;3;4;9;7;1;8;0;1;3;5;9;5;Yes;Database Administrator
1;8;0;1;1;9;4;7;4;8;1;7;7;8;6;2;6;9;5;9;No;Back End Developer
6;1;0;2;4;4;7;5;8;3;0;2;7;6;3;5;1;5;3;1;Yes;Software Developer
9;6;0;2;5;3;9;2;2;1;4;5;6;5;6;8;6;7;8;1;Yes;Blockchain Developer
9;4;1;2;8;4;3;8;5;8;5;2;7;6;7;7;7;0;9;1;Yes;DevOps Engineer
1;2;8;1;1;7;9;6;3;3;5;3;2;3;6;9;3;1;1;3;No;DevOps Engineer
1;7;7;8;4;5;4;8;4;6;7;1;4;1;1;1;3;2;9;3;No;Game Developer
2;8;0;6;3;3;4;7;8;7;1;2;0;9;4;8;7;3;7;6;Yes;Systems Analyst
8;1;7;5;2;3;1;8;3;6;0;4;0;6;2;6;3;7;3;8;Yes;UI/UX Designer
8;1;7;9;6;7;6;9;8;4;8;8;2;7;6;3;4;2;7;2;Yes;Technical Writer
0;1;2;2;6;2;0;1;4;5;6;0;1;2;2;1;1;2;5;6;No;Web Developer
6;2;2;0;5;8;6;5;5;6;9;7;6;7;2;7;3;8;1;1;No;IT Sales Professional
0;8;1;8;0;4;0;3;3;8;5;0;7;2;1;2;6;9;4;2;Yes;Blockchain Developer
5;6;2;1;8;4;4;8;9;2;1;5;0;1;3;7;5;6;0;3;Yes;Database Administrator
1;9;8;0;4;1;5;1;5;7;8;7;4;3;1;1;8;6;3;7;Yes;Digital Marketing Specialist
0;9;1;8;2;8;5;5;7;5;7;9;1;0;1;6;4;0;3;7;Yes;UI/UX Designer
9;7;3;6;0;2;7;8;4;3;8;9;4;3;3;7;4;2;3;1;No;Data Scientist
5;0;7;7;5;5;0;6;8;3;9;1;5;4;5;3;2;4;0;1;Yes;Database Administrator
8;2;3;3;5;1;4;2;5;9;5;9;8;5;8;5;9;4;5;1;No;IT Sales Professional
1;9;3;3;6;2;2;4;5;3;6;0;7;3;7;7;2;0;2;4;No;Systems Analyst
6;2;2;6;2;1;3;7;6;2;3;6;8;6;3;2;2;3;0;2;No;Business Intelligence Analyst
9;8;9;1;9;5;6;4;5;3;8;8;1;4;9;1;1;7;5;9;No;IT Consultant
9;6;9;6;6;1;9;9;5;9;1;6;8;8;6;1;2;2;0;4;No;Computer Hardware Engineer
6;5;9;8;8;7;2;5;2;8;6;3;7;1;8;9;0;1;7;2;Yes;Software Engineer
0;2;4;8;1;9;7;3;1;8;2;9;4;1;3;5;4;6;9;5;Yes;Computer Science Teacher
1;6;9;4;1;3;6;1;9;1;5;0;3;5;2;1;3;7;3;1;Yes;Research Scientist
6;6;5;2;8;3;0;6;3;0;5;9;6;3;9;7;0;1;1;9;Yes;IT Project Manager
2;4;1;7;1;5;0;8;4;1;0;5;7;2;5;0;1;1;6;8;Yes;Cybersecurity Analyst
0;1;3;6;5;3;1;2;1;7;0;6;6;8;7;5;9;9;5;7;Yes;Computer and Information Systems Manager
5;7;5;1;1;4;9;6;6;3;0;1;4;6;0;0;0;9;7;1;No;Computer Science Teacher
9;7;6;8;0;8;1;9;8;4;7;2;2;4;9;9;8;9;2;7;Yes;Software Developer
6;6;9;4;4;4;4;9;8;6;0;2;1;7;2;4;2;7;6;5;No;Computer Network Architect
6;6;8;8;9;9;0;9;0;9;7;8;2;8;4;3;5;5;2;7;No;Computer and Information Research Scientist
3;5;0;5;2;4;1;1;6;8;1;9;0;6;3;7;9;5;6;1;Yes;Artificial Intelligence Engineer
0;5;3;9;9;7;6;5;0;7;6;0;4;7;1;4;9;5;2;1;No;IT Sales Professional
9;0;0;4;9;0;7;6;4;8;1;7;9;6;0;9;2;3;7;8;Yes;UI/UX Designer
0;6;7;6;6;8;6;3;9;8;4;6;3;5;9;3;5;0;4;8;Yes;DevOps Engineer
8;9;1;3;9;6;7;9;7;3;2;0;8;4;5;1;4;1;5;9;Yes;Web Developer
6;4;8;3;6;1;6;2;7;2;9;7;1;6;6;4;8;8;5;3;Yes;Systems Analyst
2;3;3;5;5;0;8;8;4;8;8;2;5;8;1;7;5;8;0;3;No;Cybersecurity Analyst
2;7;7;5;7;7;9;0;9;6;8;1;3;3;7;5;3;6;4;9;No;Computer Hardware Engineer
9;8;3;3;3;1;3;1;6;6;4;2;0;3;8;0;2;7;6;5;Yes;DevOps Engineer
6;1;2;7;3;3;0;1;2;7;4;5;4;3;5;5;8;6;7;6;No;Software Developer
5;8;0;2;5;0;8;8;7;2;2;9;5;8;0;3;7;0;8;5;No;Embedded Systems Engineer
1;0;8;8;0;6;7;5;1;0;3;7;5;7;6;4;5;0;6;4;No;Technical Support Engineer
1;6;5;8;7;8;5;8;1;8;2;6;3;6;2;6;2;1;4;3;Yes;UI/UX Designer
5;6;7;4;2;3;5;2;1;3;6;4;8;8;1;5;4;1;5;1;Yes;Digital Marketing Specialist
9;3;0;7;8;8;5;6;5;5;6;5;9;1;7;0;6;0;9;9;No;Computer Systems Manager
0;3;4;4;8;1;7;3;8;6;0;9;9;8;9;8;3;0;1;6;Yes;DevOps Engineer
1;7;8;4;6;4;5;8;5;3;6;6;5;4;1;0;9;9;3;6;Yes;IT Support Specialist
2;7;1;9;5;6;6;8;5;3;7;7;0;4;5;9;2;0;1;2;No;IT Support Specialist
0;8;9;5;1;9;8;6;1;0;7;2;7;9;7;7;2;4;3;7;Yes;Network Administrator
2;5;6;0;2;9;0;0;2;7;2;0;7;4;6;0;3;8;4;1;Yes;Technical Support Engineer
2;3;7;0;1;9;1;4;6;6;2;0;2;3;8;0;5;8;9;8;Yes;Software Developer
8;3;1;9;5;9;6;7;4;8;7;4;3;7;0;4;2;1;8;5;No;Quality Assurance Engineer
2;8;2;7;1;1;9;0;7;6;8;1;8;8;0;9;3;4;9;2;Yes;Research Scientist
6;8;5;7;0;8;7;4;3;1;4;1;7;4;5;6;9;0;5;0;Yes;Artificial Intelligence Engineer
5;8;1;7;5;0;9;8;2;5;0;7;8;8;0;0;5;0;2;4;No;Cybersecurity Analyst
3;5;1;3;1;8;4;7;8;5;7;3;8;2;5;4;5;8;9;1;No;Mobile App Developer
3;3;8;5;4;5;8;5;9;6;8;1;0;3;8;8;6;6;4;6;Yes;Cybersecurity Analyst
9;0;3;5;3;8;9;4;3;1;7;5;7;4;2;8;0;8;7;6;No;Quality Assurance Engineer
2;9;5;4;7;2;0;0;1;6;2;3;8;5;9;5;8;2;9;9;Yes;Computer Systems Manager
9;8;4;2;1;6;3;5;1;0;9;0;5;8;3;8;5;6;0;1;Yes;Digital Marketing Specialist
5;1;0;8;6;8;8;7;4;0;3;4;2;7;8;3;6;6;0;8;No;Computer Programmer
3;0;9;1;8;3;1;3;4;4;9;0;0;7;9;7;7;3;2;7;Yes;Computer and Information Systems Manager
0;2;6;3;9;3;6;0;3;4;6;6;0;1;9;0;8;1;9;1;Yes;Computer Science Teacher
4;0;7;4;3;6;0;9;9;2;8;0;6;6;3;7;0;1;2;7;No;Mobile App Developer
9;8;3;1;0;8;9;1;5;0;2;7;1;2;0;7;7;9;5;9;Yes;Computer and Information Research Scientist
5;4;6;8;3;9;4;0;5;4;9;9;6;2;2;5;9;0;1;9;No;Mobile App Developer
1;3;9;8;5;4;0;5;7;9;2;5;4;1;2;4;1;0;7;4;No;Computer Science Teacher
2;4;1;3;8;4;6;5;3;9;8;8;5;8;1;7;2;2;3;4;No;Cloud Architect
0;8;8;8;8;7;9;3;3;2;0;3;9;9;3;4;9;1;6;2;Yes;Computer Science Teacher
4;4;3;1;2;5;2;7;0;6;1;8;5;0;6;3;3;8;0;5;Yes;Artificial Intelligence Engineer
3;5;7;3;5;5;1;6;2;8;8;4;1;0;1;1;6;4;4;8;No;IT Project Manager
3;5;0;8;2;7;6;1;1;5;0;1;3;9;1;6;4;1;7;5;No;Front End Developer
1;8;0;9;8;0;8;9;9;0;2;1;5;6;1;0;1;0;6;2;Yes;Software Engineer
6;2;3;0;8;9;8;7;9;8;0;0;0;6;5;6;8;2;8;9;Yes;Software Tester
6;6;9;9;8;8;9;5;4;8;1;8;3;1;6;7;2;1;6;0;No;Web Developer
8;7;3;9;6;8;8;5;7;3;9;3;6;4;1;3;3;1;9;2;Yes;Web Developer
3;1;5;8;4;3;0;0;7;8;4;3;3;9;5;1;4;4;0;6;No;Computer Systems Manager
2;5;4;7;1;8;3;7;3;6;6;2;1;5;4;4;8;5;6;8;No;Quality Assurance Engineer
7;5;0;8;2;5;3;8;2;8;0;3;9;3;8;8;6;4;2;1;No;Cloud Architect
5;5;4;1;3;0;7;9;0;1;1;5;1;8;6;9;3;5;8;0;Yes;Digital Marketing Specialist
2;1;5;8;2;8;5;4;6;1;4;1;8;2;7;5;8;8;1;7;Yes;Cloud Architect
3;8;9;8;5;2;0;2;7;1;6;5;3;4;8;3;4;8;2;4;Yes;Computer Systems Manager
3;6;0;8;3;2;1;3;1;0;4;0;3;8;5;2;8;4;7;6;Yes;DevOps Engineer
7;9;9;4;5;0;6;5;3;8;5;8;3;7;8;3;0;5;3;1;Yes;Digital Marketing Specialist
8;9;4;5;2;9;4;2;0;8;4;3;7;6;2;9;5;1;5;2;No;Computer and Information Systems Manager
9;7;4;2;4;9;2;8;5;7;3;3;6;1;3;4;7;1;7;8;Yes;Machine Learning Engineer
3;7;9;2;7;8;8;5;8;7;4;3;7;3;6;2;6;9;7;6;No;Artificial Intelligence Engineer
9;2;4;3;2;8;5;2;7;3;1;0;9;9;2;4;4;4;6;7;No;Web Developer
8;0;7;7;5;2;4;9;3;0;9;9;3;0;9;6;1;6;8;7;No;Game Developer
2;3;7;0;5;5;9;1;7;5;0;8;2;3;6;2;8;3;3;4;Yes;Software Developer
4;3;0;7;6;2;6;0;1;7;6;5;7;0;2;3;7;9;2;1;Yes;Back End Developer
9;6;8;4;0;1;3;6;7;3;5;7;9;6;8;4;4;5;7;2;No;Business Intelligence Analyst
4;6;1;1;4;6;1;2;1;7;6;9;9;6;2;5;3;7;9;0;No;Web Developer
8;8;9;1;3;4;1;4;3;5;1;9;0;6;0;8;8;1;9;5;Yes;Cybersecurity Analyst
6;7;3;8;5;1;4;2;9;1;1;5;5;7;6;5;4;3;2;0;Yes;IT Consultant
4;4;5;4;7;6;1;5;3;5;3;9;5;3;6;6;7;1;7;2;Yes;Web Developer
0;4;6;6;1;7;7;8;1;6;3;7;5;8;7;2;1;7;4;1;No;Computer Systems Manager
7;8;8;3;6;8;7;7;5;1;3;1;4;5;9;4;7;8;1;0;No;Front End Developer
8;3;2;5;9;2;1;5;8;2;5;6;9;6;1;0;7;8;3;7;Yes;Back End Developer
1;0;7;4;6;9;1;0;9;0;1;9;2;1;6;2;9;4;1;7;No;Digital Marketing Specialist
5;4;9;8;9;5;3;7;7;5;5;4;2;2;3;9;6;0;5;3;No;Mobile App Developer
2;0;2;3;1;9;0;0;5;1;0;7;5;7;9;1;5;9;3;8;Yes;Embedded Systems Engineer
2;8;5;5;9;5;0;6;4;2;3;4;7;9;9;3;2;9;1;3;Yes;Computer Programmer
9;0;0;2;5;4;4;5;4;4;5;6;0;6;0;6;0;1;1;9;No;IT Sales Professional
4;6;9;3;6;9;9;6;7;0;0;7;4;0;1;7;6;9;1;8;No;Front End Developer
4;3;8;0;7;8;3;1;5;2;9;0;4;1;3;2;8;3;7;1;Yes;DevOps Engineer
9;9;1;7;2;6;7;1;6;6;9;6;3;8;1;8;6;8;4;3;No;Technical Writer
1;4;7;4;0;3;1;6;2;4;4;2;0;1;7;4;6;5;0;4;No;Computer Hardware Engineer
3;7;1;6;7;8;0;3;2;8;6;7;2;2;2;8;5;1;0;6;No;Front End Developer
5;4;1;4;3;4;4;3;6;6;5;3;1;3;4;3;1;7;3;4;No;Data Scientist
3;8;3;3;9;1;3;5;5;8;9;6;7;7;1;8;4;0;5;3;Yes;IT Support Specialist
1;1;9;4;6;1;8;4;5;0;7;6;2;1;1;3;1;1;6;1;Yes;Network Administrator
2;9;4;4;1;0;3;3;1;6;5;5;4;1;0;6;7;7;3;7;Yes;Technical Writer
4;7;7;6;7;3;7;1;0;3;7;0;6;8;8;4;7;1;2;0;No;Digital Marketing Specialist
5;2;1;4;2;6;6;8;2;0;3;9;5;9;7;8;1;4;8;7;No;Computer and Information Research Scientist
7;7;1;5;7;4;6;4;2;1;8;4;7;8;4;5;6;2;8;6;Yes;IT Sales Professional
6;4;5;2;1;2;9;5;3;2;4;3;2;7;9;8;5;8;8;9;No;Game Developer
5;0;1;7;7;8;9;4;5;0;5;6;6;0;4;3;4;3;8;2;Yes;Back End Developer
9;9;2;7;5;4;8;3;9;3;1;1;6;1;7;1;3;8;8;7;Yes;Data Scientist
1;9;0;4;5;2;3;9;6;9;4;1;1;1;8;4;4;8;7;0;Yes;Computer Systems Analyst
4;2;2;2;5;3;7;1;0;6;8;6;4;9;8;0;0;8;9;5;Yes;Research Scientist
2;4;1;2;9;0;6;7;1;4;4;3;6;9;2;4;4;8;0;0;No;Full Stack Developer
0;8;1;3;7;8;2;5;2;9;4;7;9;3;0;1;9;2;2;3;Yes;Full Stack Developer
6;1;2;7;4;5;7;6;1;2;1;9;2;3;3;4;7;8;2;5;Yes;Computer and Information Systems Manager
8;1;2;1;7;1;1;5;6;7;3;0;6;7;9;0;6;9;8;9;No;Software Engineer
2;4;1;5;0;0;5;6;4;3;6;9;1;7;4;9;4;0;5;0;Yes;UI/UX Designer
6;3;5;9;8;4;5;2;2;8;0;5;2;5;6;4;7;0;4;2;Yes;Computer and Information Systems Manager
4;2;7;6;0;4;9;8;5;8;4;6;3;7;7;1;3;6;7;1;No;Systems Analyst
5;0;7;6;6;4;3;1;0;9;6;4;4;7;6;3;7;6;8;2;Yes;Technical Writer
2;0;2;6;4;0;2;3;9;4;2;7;5;9;9;4;2;9;0;1;No;Software Developer
5;5;3;1;9;4;0;7;0;3;6;8;0;4;4;8;1;4;4;7;No;Database Administrator
2;5;4;3;2;8;7;5;7;5;9;4;4;7;0;7;8;3;6;2;No;Technical Writer
2;1;5;2;6;3;9;7;0;9;4;4;1;1;0;6;5;5;4;6;No;Game Developer
0;4;8;3;5;2;1;5;0;2;5;9;6;5;0;2;0;1;6;8;Yes;Cloud Architect
9;5;9;3;8;6;6;0;3;3;6;1;0;3;1;4;8;8;1;9;No;Quality Assurance Engineer
5;7;1;2;4;8;3;0;7;0;8;8;5;8;7;4;4;8;7;9;No;Network Engineer
2;2;8;5;5;7;4;1;7;4;5;6;0;4;6;5;3;0;4;7;Yes;Mobile App Developer
2;3;1;6;0;1;7;3;8;7;8;5;6;3;1;1;6;4;2;8;Yes;Database Administrator
1;4;0;7;0;1;1;1;8;4;2;5;0;9;3;8;5;3;2;6;Yes;Digital Marketing Specialist
5;1;5;0;7;0;0;9;6;1;7;4;4;9;1;7;0;0;4;6;No;Computer Network Architect
3;6;3;7;3;1;2;4;5;2;7;2;4;8;7;1;1;8;2;5;No;Software Developer
2;7;3;1;8;1;8;7;3;6;8;5;5;5;8;3;7;8;1;7;Yes;Cybersecurity Analyst
8;5;5;5;7;4;2;2;7;9;6;7;8;1;4;7;6;6;2;5;No;Back End Developer
9;1;3;5;3;9;5;8;2;3;1;3;8;8;8;9;0;4;7;8;Yes;Game Developer
5;5;3;4;9;6;2;7;1;9;9;0;0;3;5;8;3;5;3;1;Yes;Computer Science Teacher
3;6;8;0;0;6;6;4;6;4;3;0;5;1;0;9;4;4;8;7;Yes;Game Developer
1;6;5;8;6;0;4;9;9;3;4;2;1;3;5;7;7;3;3;2;Yes;Front End Developer
6;3;5;6;5;5;0;4;0;2;4;5;3;0;3;1;6;6;6;9;Yes;Quality Assurance Engineer
9;6;3;9;2;8;2;7;9;2;6;2;3;5;1;5;2;1;1;6;No;Technical Writer
8;0;0;1;3;3;4;0;1;3;8;4;1;6;2;6;4;2;0;5;No;Computer and Information Systems Manager
2;7;1;3;4;0;8;2;4;8;0;2;0;4;0;4;2;4;4;5;Yes;Software Tester
9;1;4;0;9;7;2;9;3;3;9;3;2;7;1;9;6;9;7;5;No;Back End Developer
7;8;1;4;1;5;6;7;4;4;7;1;6;9;5;8;6;3;2;9;No;Technical Writer
9;1;0;6;8;3;9;5;3;3;1;9;7;1;0;1;6;2;2;5;No;Computer Science Teacher
4;9;5;2;6;3;5;2;2;4;6;5;7;6;9;7;8;7;5;1;Yes;Data Scientist
3;8;7;5;1;1;3;2;8;6;2;8;8;3;0;2;8;0;0;0;No;IT Support Specialist
9;6;8;0;9;5;7;2;6;2;5;1;9;8;8;3;7;4;4;3;Yes;IT Support Specialist
8;0;1;0;8;3;9;1;6;3;5;5;4;4;2;0;1;8;3;5;Yes;Network Engineer
7;2;5;6;9;5;8;0;9;5;1;9;4;2;9;3;9;7;0;3;No;Computer Programmer
6;8;4;0;2;1;7;1;6;2;1;3;9;4;0;6;5;2;9;1;Yes;Cybersecurity Analyst
7;3;9;0;6;4;2;9;1;3;5;2;9;4;4;0;4;0;3;0;No;Systems Analyst
8;2;5;7;8;0;9;0;4;5;0;7;8;2;6;1;0;8;8;9;No;Data Scientist
4;2;6;3;6;0;2;2;9;9;2;8;9;2;7;7;0;7;3;6;No;Digital Marketing Specialist
6;1;0;7;8;1;5;7;3;1;1;3;1;6;6;8;1;3;2;1;No;UI/UX Designer
5;2;9;8;0;7;5;0;9;4;1;1;0;7;1;8;2;9;1;7;No;Machine Learning Engineer
2;1;2;7;6;1;8;1;7;5;8;5;6;3;3;6;0;7;1;8;No;UI/UX Designer
1;6;0;7;7;8;7;2;1;0;0;0;8;2;4;5;5;0;1;8;Yes;Research Scientist
7;9;0;2;2;3;8;4;6;6;7;2;5;7;5;9;3;3;2;5;No;Blockchain Developer
1;8;7;0;7;6;2;0;1;8;3;1;2;9;6;0;6;0;9;9;Yes;Research Scientist
4;7;1;7;9;5;8;6;2;1;6;3;6;1;0;1;6;6;4;0;Yes;Software Engineer
8;2;7;2;7;7;5;8;9;2;4;6;4;6;9;3;8;1;7;0;No;Computer Hardware Engineer
8;7;5;3;1;2;0;8;4;6;1;2;0;7;6;3;9;2;6;0;No;Digital Marketing Specialist
7;9;9;6;8;8;7;6;8;3;3;5;3;1;6;8;1;0;9;2;Yes;Data Scientist
5;2;3;8;1;4;3;7;7;3;5;3;6;5;3;2;6;6;3;5;No;DevOps Engineer
1;0;6;5;2;1;4;2;4;5;2;8;5;0;9;0;8;9;3;8;No;Software Tester
3;1;5;3;0;0;8;8;4;5;2;5;5;2;2;7;7;9;2;1;No;DevOps Engineer
1;1;1;8;2;2;3;8;9;1;6;8;6;6;0;8;2;8;3;1;No;Quality Assurance Engineer
6;9;1;7;0;4;8;8;7;2;2;8;5;1;9;7;9;8;8;5;No;IT Consultant
8;9;3;7;9;4;4;6;9;4;9;2;4;1;0;0;3;4;8;9;No;Game Developer
5;5;5;9;2;7;4;7;2;3;0;4;5;9;2;9;3;1;1;0;No;Computer Network Architect
9;1;3;5;4;3;0;8;5;0;9;2;1;9;9;9;9;6;6;4;No;Digital Marketing Specialist
9;3;6;2;8;4;1;8;1;2;8;3;1;3;2;5;7;9;2;4;No;Full Stack Developer
2;1;7;6;3;1;8;7;2;8;2;2;2;0;8;6;9;5;7;2;Yes;DevOps Engineer
7;9;7;4;4;1;4;2;0;0;3;7;4;6;7;7;3;2;8;7;No;Front End Developer
2;2;6;2;5;7;4;8;3;2;3;0;2;7;1;4;5;1;9;0;No;Software Engineer
3;8;1;2;5;0;2;8;7;2;4;5;3;8;5;8;8;8;7;7;No;Research Scientist
2;0;3;7;9;9;7;9;4;3;2;3;7;8;6;0;2;0;9;2;Yes;Computer Systems Analyst
8;2;9;7;8;3;4;8;0;9;5;1;6;4;4;9;1;6;8;3;No;Mobile App Developer
1;9;5;1;5;2;4;6;7;7;8;3;6;8;6;3;8;7;9;0;No;Software Tester
1;1;9;3;2;0;0;9;4;3;4;5;0;2;7;0;7;9;9;8;No;Computer Science Teacher
0;6;4;8;7;4;9;5;1;2;5;8;2;8;0;0;4;6;9;2;No;Quality Assurance Engineer
9;1;6;2;2;9;3;6;0;6;2;4;3;8;7;6;4;3;0;1;No;Embedded Systems Engineer
8;1;6;4;4;3;8;8;5;3;8;2;5;6;4;0;6;9;9;6;No;Computer and Information Systems Manager
4;8;6;1;9;0;2;9;5;5;6;6;9;3;6;9;4;9;2;4;No;Mobile App Developer
5;7;0;0;5;2;1;0;3;2;2;4;8;8;7;9;5;3;9;2;No;Cloud Architect
3;0;5;7;5;8;7;0;5;7;0;1;1;9;5;2;1;3;4;0;No;Business Intelligence Analyst
2;5;9;5;2;5;1;0;6;5;6;6;5;1;5;8;9;1;7;3;No;Research Scientist
9;8;6;1;2;5;1;5;5;5;2;0;0;8;1;1;3;8;0;8;No;Data Scientist
3;9;4;2;1;7;9;2;5;3;2;9;5;1;9;0;8;2;6;4;No;Network Administrator
0;0;0;4;1;5;8;3;3;1;1;3;2;8;9;2;6;9;3;3;Yes;Cybersecurity Analyst
9;2;4;0;7;8;5;0;3;4;8;2;1;0;9;9;1;9;5;8;No;Software Engineer
6;2;7;1;4;4;5;4;4;1;0;8;2;9;6;4;5;5;7;3;No;Network Administrator
4;3;7;4;5;8;0;3;7;6;7;0;6;3;2;6;0;8;5;6;No;IT Support Specialist
8;6;5;5;3;2;9;8;5;8;9;4;8;1;6;9;7;0;2;7;Yes;IT Project Manager
8;1;7;8;1;7;3;1;8;0;7;3;7;6;8;5;6;1;8;4;No;DevOps Engineer
8;3;7;7;0;3;2;2;1;0;1;0;1;5;5;0;1;9;1;0;No;Machine Learning Engineer
2;4;2;8;5;3;5;5;4;0;0;3;1;9;6;1;7;9;1;0;No;Cloud Architect
1;3;0;6;0;7;0;3;5;9;3;2;4;4;6;9;4;6;0;9;Yes;Computer Systems Manager
5;0;5;6;0;1;0;3;4;7;2;0;9;3;3;3;0;0;0;8;Yes;Artificial Intelligence Engineer
4;0;1;2;9;6;5;0;9;9;7;6;0;0;9;0;8;8;3;5;No;Business Intelligence Analyst
3;3;0;6;3;1;2;9;1;2;1;2;9;1;3;8;3;1;0;3;No;Data Scientist
9;2;1;1;8;2;1;2;8;7;9;0;2;3;7;3;0;0;9;1;No;Quality Assurance Engineer
5;8;6;1;4;4;2;2;9;9;9;9;0;4;1;2;7;9;6;5;Yes;Digital Marketing Specialist
1;7;4;6;7;4;0;0;2;0;6;7;9;8;8;9;6;6;8;2;Yes;Digital Marketing Specialist
4;9;5;0;9;5;0;0;5;1;6;3;3;8;7;5;3;5;8;0;Yes;Game Developer
0;9;4;9;5;3;3;0;9;0;8;2;9;7;8;6;6;7;8;9;No;Cloud Architect
8;8;0;9;9;0;0;6;0;2;5;6;7;2;0;0;5;3;6;2;No;Computer Programmer
3;4;6;1;9;9;3;3;0;6;1;7;8;2;4;6;7;1;4;2;No;IT Project Manager
7;5;9;5;5;1;4;7;5;2;7;6;8;5;0;8;7;4;0;0;No;Computer and Information Systems Manager
3;6;9;5;0;5;9;9;5;4;2;0;3;9;7;0;5;5;1;2;Yes;Business Intelligence Analyst
8;6;0;0;0;9;4;2;6;9;6;2;8;1;8;8;9;8;1;8;No;IT Project Manager
7;9;2;8;6;0;4;9;6;6;8;5;0;1;9;3;0;1;0;5;Yes;Blockchain Developer
8;3;0;4;4;1;7;8;6;7;8;9;4;7;0;6;4;1;6;9;No;Computer Systems Analyst
0;2;3;4;6;3;6;7;7;0;9;2;8;3;1;3;2;6;4;3;Yes;Quality Assurance Engineer
4;2;4;7;6;2;6;8;5;5;0;1;5;1;6;3;9;0;2;7;Yes;Computer and Information Research Scientist
7;3;3;0;1;5;2;4;2;9;6;3;1;5;3;7;9;4;8;2;No;Business Intelligence Analyst
6;7;5;2;4;5;9;8;1;6;5;0;4;3;4;0;3;4;0;5;Yes;Systems Analyst
6;5;8;1;5;7;7;6;4;6;9;0;4;9;3;0;0;8;5;1;Yes;Back End Developer
1;1;5;5;7;2;0;2;9;0;1;9;4;2;5;5;6;8;3;2;Yes;Technical Support Engineer
9;6;1;4;5;0;3;0;7;7;2;2;0;2;2;3;3;9;3;3;Yes;Cybersecurity Analyst
8;4;9;9;3;3;4;3;9;4;1;2;5;1;7;2;3;2;3;7;Yes;Software Engineer
0;2;7;9;0;0;3;2;6;7;6;7;2;4;3;4;2;6;3;8;No;Technical Support Engineer
0;3;3;1;9;3;9;9;8;4;3;1;0;3;9;8;0;6;9;2;No;UI/UX Designer
9;7;4;9;0;3;1;4;0;7;7;8;0;8;3;5;8;1;6;7;No;Cloud Architect
4;7;9;5;5;9;4;7;5;1;3;3;1;3;8;3;9;9;9;5;No;Software Engineer
4;8;6;5;7;7;8;6;5;6;8;0;4;5;8;7;9;3;8;1;No;Cybersecurity Analyst
0;0;3;6;9;9;1;7;8;0;9;8;0;7;8;6;8;7;5;4;Yes;Network Engineer
4;0;4;4;2;7;5;2;3;6;0;8;5;3;0;4;1;9;0;4;Yes;Blockchain Developer
3;2;5;0;5;2;8;5;3;0;7;6;2;2;5;9;1;6;9;5;No;Computer and Information Systems Manager
7;6;6;6;3;8;7;6;4;7;9;0;0;8;9;5;6;2;1;5;Yes;IT Project Manager
6;0;9;2;8;3;5;4;8;0;9;3;3;6;8;3;4;8;7;0;Yes;Embedded Systems Engineer
9;6;8;1;0;4;2;9;7;3;8;0;2;6;1;1;8;5;2;4;No;Network Administrator
8;6;6;6;3;8;6;1;4;4;5;7;3;1;3;2;5;0;1;9;No;Business Intelligence Analyst
2;7;8;2;0;9;3;2;1;1;5;4;4;1;7;8;7;2;2;7;Yes;Artificial Intelligence Engineer
3;1;4;4;1;2;8;9;5;3;7;1;2;9;9;1;8;8;6;4;Yes;Computer Systems Analyst
9;6;7;1;3;8;1;3;4;5;0;6;5;6;6;2;9;0;8;2;Yes;Software Tester
7;6;8;3;1;9;5;6;3;3;1;0;3;0;1;3;6;0;7;5;Yes;Embedded Systems Engineer
0;0;7;1;9;7;7;8;3;0;7;9;1;7;2;9;1;7;4;3;No;Digital Marketing Specialist
2;3;9;1;9;7;2;8;2;6;2;3;6;8;4;8;7;8;9;3;No;Front End Developer
0;4;3;8;9;6;5;2;2;5;1;3;0;7;9;2;7;8;2;9;No;Cloud Architect
8;5;5;6;6;9;8;6;3;3;2;7;8;5;2;0;2;1;5;2;Yes;Computer and Information Research Scientist
1;8;6;5;1;9;9;9;4;1;5;9;1;1;0;0;8;4;7;4;No;Software Engineer
7;2;5;8;7;3;4;2;8;0;4;8;5;7;4;3;4;2;0;2;No;Systems Analyst
6;1;4;7;5;4;7;2;9;3;6;6;0;0;1;3;8;0;9;7;No;Computer Programmer
5;8;1;6;3;8;4;7;4;0;5;5;4;7;6;3;8;4;4;6;No;IT Support Specialist
1;0;1;5;1;9;1;6;8;6;8;6;8;2;3;3;6;4;2;8;No;Machine Learning Engineer
6;9;0;2;0;0;8;0;7;4;0;5;9;9;3;8;5;1;4;0;Yes;Computer Network Architect
3;3;9;1;4;7;0;4;3;7;1;5;6;0;2;3;0;4;2;9;No;Quality Assurance Engineer
9;3;3;8;7;5;2;9;3;0;6;6;2;6;1;3;6;9;7;4;No;Technical Support Engineer
0;3;2;9;0;1;9;2;9;5;9;4;4;3;8;7;6;9;8;9;No;IT Project Manager
8;0;2;4;6;5;2;6;9;8;7;4;0;7;7;4;6;5;0;7;No;Blockchain Developer
9;7;4;6;7;6;3;2;4;9;2;5;3;1;8;8;7;2;0;0;No;Computer Programmer
2;4;2;8;5;8;7;2;5;5;9;2;4;1;4;1;9;6;7;7;Yes;Database Administrator
7;1;9;0;2;9;3;8;8;9;6;1;3;6;0;0;1;8;8;3;Yes;Software Engineer
3;5;9;4;9;4;6;1;7;6;8;2;3;6;5;3;2;8;2;6;No;UI/UX Designer
0;2;7;5;0;7;7;8;1;4;3;2;3;1;2;0;5;5;3;4;Yes;Computer and Information Systems Manager
6;7;1;6;3;8;2;7;7;0;4;4;2;1;0;3;7;2;2;8;No;Machine Learning Engineer
7;0;0;8;3;0;3;4;7;8;9;1;6;2;4;5;9;6;4;6;Yes;Computer Programmer
5;3;8;4;5;3;7;9;4;4;8;5;4;8;8;9;2;0;5;8;Yes;Quality Assurance Engineer
5;9;8;0;6;8;4;9;2;7;1;2;7;9;9;2;4;2;3;0;No;Software Engineer
4;2;7;1;5;8;5;4;6;0;5;3;7;1;2;8;6;6;8;0;Yes;Computer Systems Manager
1;7;6;5;8;6;5;7;8;9;1;5;6;0;2;1;4;3;9;9;Yes;Back End Developer
4;6;0;1;9;7;4;8;2;5;3;5;3;9;3;0;5;2;8;2;Yes;Quality Assurance Engineer
4;2;0;6;7;4;1;5;5;2;1;4;5;0;6;4;2;2;4;0;Yes;Cybersecurity Analyst
7;8;0;6;7;9;3;6;8;6;5;1;2;4;3;3;9;3;8;1;Yes;Computer Systems Manager
8;1;2;7;7;2;6;5;3;8;9;3;4;6;7;8;6;2;2;4;Yes;Research Scientist
9;2;4;6;8;9;3;5;6;6;9;8;3;1;6;9;4;1;5;9;No;Technical Writer
7;0;5;0;4;9;7;0;2;7;9;9;8;4;3;2;7;8;1;2;No;Software Developer
2;3;5;8;8;9;2;8;0;9;3;5;5;8;4;5;7;6;4;3;No;Software Engineer
7;9;3;6;8;8;6;8;3;6;8;2;2;6;3;3;0;3;5;8;No;IT Project Manager
7;5;3;2;4;6;7;9;2;9;8;0;9;6;1;0;5;8;8;0;Yes;Artificial Intelligence Engineer
3;1;6;8;0;2;9;8;1;1;6;9;3;1;2;0;3;5;2;4;Yes;UI/UX Designer
6;2;5;7;3;7;8;0;2;1;3;7;6;1;9;5;3;2;9;6;Yes;Software Engineer
2;9;5;3;7;9;5;7;0;0;8;6;5;2;6;7;1;8;5;7;No;Cloud Architect
2;4;1;1;9;0;6;5;0;9;8;2;3;2;8;7;7;5;0;4;Yes;Computer and Information Systems Manager
0;6;1;6;4;8;4;1;6;0;9;7;7;5;9;7;8;3;7;9;Yes;Computer Hardware Engineer
6;0;7;5;9;9;3;4;7;6;2;8;7;1;8;4;3;6;4;5;Yes;Computer Systems Manager
5;5;5;5;2;1;3;2;5;1;9;8;1;8;5;0;4;8;3;8;Yes;UI/UX Designer
7;8;7;9;3;9;7;8;3;6;2;7;0;7;4;0;3;7;7;1;No;Network Administrator
3;6;0;1;4;4;6;5;1;8;8;5;6;9;4;8;4;6;5;3;No;Data Scientist
6;8;2;7;2;0;9;5;1;1;7;9;0;3;7;9;3;8;2;4;Yes;Quality Assurance Engineer
9;6;5;9;7;9;8;2;2;1;5;6;6;8;8;6;4;1;3;9;Yes;Computer Programmer
6;7;5;9;6;4;6;1;3;1;4;6;0;9;4;0;7;8;7;9;Yes;Computer Network Architect
8;3;2;4;9;5;7;2;4;0;3;1;2;8;7;5;8;2;6;4;Yes;Computer Science Teacher
8;7;8;6;8;9;0;0;6;7;3;9;9;1;2;9;3;3;0;4;No;Computer Network Architect
3;8;3;9;0;7;1;4;5;6;7;1;5;6;9;2;7;1;6;7;No;Network Administrator
8;2;8;8;4;5;5;0;3;3;8;8;8;1;4;9;1;8;1;6;Yes;Computer and Information Systems Manager
9;6;9;9;5;5;0;4;0;3;2;2;5;8;3;1;8;0;7;9;No;Technical Support Engineer
2;9;7;2;0;6;3;3;9;7;0;4;9;7;2;0;1;2;4;9;No;Full Stack Developer
2;0;1;2;0;5;1;2;2;1;2;9;2;6;3;8;6;7;0;7;No;Computer Network Architect
7;6;0;6;8;4;7;1;2;0;0;1;9;0;5;1;8;8;2;7;Yes;Network Administrator
9;0;9;5;0;1;6;5;9;2;2;5;5;1;2;9;0;3;6;2;Yes;DevOps Engineer
1;9;5;2;7;3;8;1;2;9;5;4;9;9;3;2;7;2;8;9;No;Full Stack Developer
8;6;8;8;0;6;3;8;2;1;0;1;2;7;2;0;4;5;1;3;Yes;Database Administrator
4;3;9;2;5;8;2;4;9;2;4;2;8;4;2;0;2;5;3;6;No;Blockchain Developer
3;0;9;2;9;7;4;6;9;2;1;1;3;1;4;8;3;7;9;8;No;IT Project Manager
9;6;0;9;1;6;5;0;2;3;8;3;9;8;4;4;4;7;2;8;No;Front End Developer
6;1;4;0;5;9;3;9;2;9;4;5;4;8;3;5;5;3;6;0;Yes;Systems Analyst
4;0;2;6;1;6;9;1;4;8;1;1;2;1;6;9;9;7;6;7;Yes;IT Sales Professional
4;3;9;5;7;6;9;0;3;8;7;2;1;7;7;7;3;3;5;3;No;Cybersecurity Analyst
5;8;0;1;5;2;5;5;1;7;3;2;4;4;7;0;8;2;1;6;Yes;Computer Programmer
4;4;7;6;3;0;3;4;3;8;0;7;3;7;8;2;2;1;4;6;No;Software Engineer
3;2;2;3;5;0;4;6;1;5;5;7;5;6;7;0;9;3;4;9;Yes;IT Project Manager
8;0;0;2;3;8;7;3;3;9;2;5;5;2;2;7;2;7;4;5;Yes;Computer Science Teacher
1;8;1;2;8;9;6;5;9;7;2;0;1;4;0;8;1;1;4;9;Yes;IT Sales Professional
3;1;1;6;2;4;2;9;6;3;0;4;9;1;6;6;5;2;5;5;Yes;Embedded Systems Engineer
8;0;1;1;8;6;4;6;6;6;6;8;4;8;0;1;8;5;0;5;No;Mobile App Developer
5;9;5;1;6;1;7;2;1;6;4;4;9;4;7;9;1;6;4;7;No;Database Administrator
4;3;5;5;6;4;6;3;1;7;0;9;8;0;4;6;1;9;0;1;Yes;Computer Hardware Engineer
5;9;3;5;4;1;7;6;0;2;8;2;9;8;4;5;3;1;6;0;No;Computer Science Teacher
6;4;5;8;2;1;5;2;6;4;6;4;3;5;2;1;5;2;6;0;Yes;Quality Assurance Engineer
6;0;1;1;6;3;1;1;1;0;9;8;2;7;3;5;5;6;4;2;No;DevOps Engineer
0;6;1;0;3;0;5;2;1;7;0;5;2;1;8;0;5;3;4;3;Yes;Computer Systems Manager
4;2;8;6;6;8;6;2;8;8;9;4;6;9;7;9;3;6;6;6;Yes;Cloud Architect
4;4;7;2;2;2;5;8;7;5;4;7;1;6;8;2;3;9;2;9;No;Systems Analyst
0;6;6;7;7;8;2;9;5;0;7;1;4;8;0;3;9;6;6;2;Yes;Cloud Architect
0;1;5;2;3;1;6;4;9;9;8;7;6;3;6;4;6;4;4;2;Yes;Computer and Information Research Scientist
7;9;6;3;4;1;9;4;9;5;1;4;8;4;5;3;5;1;9;4;Yes;Computer Network Architect
2;2;6;4;0;9;8;6;0;8;2;9;9;3;7;1;0;9;3;2;No;Cloud Architect
9;7;3;8;5;7;3;4;9;9;1;1;4;0;4;7;2;7;7;7;No;Quality Assurance Engineer
1;0;3;3;1;8;2;6;0;2;8;8;1;6;8;3;2;4;8;8;No;Network Administrator
2;4;8;0;8;9;9;0;2;2;8;2;8;9;7;4;1;0;7;6;Yes;Cybersecurity Analyst
4;0;8;1;7;8;4;2;0;8;9;6;9;9;9;2;0;6;8;4;Yes;Computer Hardware Engineer
3;5;6;5;3;7;9;4;0;0;0;4;3;6;8;8;3;1;8;6;No;DevOps Engineer
6;9;3;6;8;3;3;6;8;1;4;6;7;9;6;4;8;9;8;2;Yes;Computer Programmer
7;5;3;2;2;3;4;4;7;3;4;7;8;7;1;3;5;8;4;4;Yes;Software Tester
8;7;3;2;2;6;9;4;8;5;8;8;1;2;2;4;1;9;4;2;Yes;Computer Programmer
6;7;7;2;7;8;1;6;0;8;7;1;0;5;3;0;0;2;6;5;No;IT Consultant
2;6;8;3;5;5;2;8;0;0;1;4;6;2;7;9;7;7;3;6;Yes;Business Intelligence Analyst
8;2;0;1;7;6;8;6;8;3;7;6;3;3;6;6;7;0;0;9;Yes;Computer Programmer
9;2;9;5;7;9;7;8;6;6;3;6;6;1;0;3;1;0;0;6;No;Digital Marketing Specialist
8;8;1;3;5;1;3;9;9;1;9;6;3;5;4;2;8;5;1;7;No;Technical Support Engineer
7;2;1;9;0;4;6;3;3;4;1;5;2;0;3;9;1;6;7;6;Yes;Computer Systems Manager
8;0;8;5;0;6;5;0;4;8;0;4;7;4;1;3;9;1;1;2;No;Computer Programmer
8;8;1;7;3;3;1;7;0;8;8;2;5;4;4;5;7;7;2;7;Yes;Computer Network Architect
2;4;9;3;1;3;2;2;9;5;8;3;1;4;2;0;6;8;5;6;No;Computer Science Teacher
4;8;6;3;0;0;4;8;3;3;5;8;3;2;1;3;7;0;1;2;Yes;Computer Systems Manager
8;6;1;5;0;7;3;2;8;4;9;5;8;5;6;6;1;5;0;1;Yes;Computer Systems Manager
5;5;0;9;7;8;9;0;4;0;2;5;2;6;9;4;5;3;4;6;Yes;Computer and Information Systems Manager
9;0;7;4;3;9;9;0;9;2;7;2;0;5;2;2;8;4;1;8;Yes;Database Administrator
1;8;3;6;9;9;3;3;4;1;1;6;4;8;7;4;9;0;3;2;Yes;Cloud Architect
2;4;9;3;6;3;7;2;5;0;3;7;4;3;7;8;5;6;7;1;No;Business Intelligence Analyst
4;8;9;6;3;6;3;1;9;9;7;5;6;3;4;1;5;1;1;0;No;Computer and Information Research Scientist
0;5;4;3;4;8;8;3;2;1;8;8;6;1;8;5;6;9;7;5;No;Computer and Information Research Scientist
3;4;9;6;1;9;3;0;8;6;2;6;4;2;0;0;6;7;5;0;No;Computer Systems Analyst
1;5;2;4;6;9;0;7;9;9;1;2;9;1;5;3;6;9;2;0;Yes;Computer Science Teacher
4;3;5;7;1;9;7;5;2;1;3;2;3;7;8;9;8;6;0;1;Yes;Cybersecurity Analyst
3;7;1;5;9;4;0;3;7;4;6;2;3;0;9;6;3;8;1;2;Yes;Software Developer
7;8;8;3;9;5;9;9;6;4;8;1;0;3;5;7;9;7;6;2;No;Full Stack Developer
5;2;9;8;3;6;1;3;8;1;8;3;7;6;5;6;2;7;6;6;No;Full Stack Developer
6;0;0;4;1;5;6;9;6;1;0;2;8;9;7;3;1;3;1;9;No;Data Scientist
6;5;1;1;9;3;2;7;2;3;8;9;4;8;8;4;3;3;9;6;No;Network Engineer
7;6;6;4;2;9;7;6;1;3;6;0;4;4;0;1;3;8;5;0;No;Mobile App Developer
1;9;1;5;9;1;0;5;2;7;5;1;7;1;2;3;4;4;2;5;No;Digital Marketing Specialist
9;9;0;9;6;7;2;4;7;8;5;3;5;0;7;5;4;0;1;6;No;Software Engineer
8;1;9;9;4;5;9;1;7;4;9;8;4;3;0;4;0;1;2;7;Yes;Software Developer
7;0;6;6;6;5;8;6;5;5;9;3;8;2;8;7;1;8;8;3;Yes;Software Tester
4;6;7;2;3;5;4;8;2;0;9;7;7;0;8;6;1;0;5;1;Yes;Web Developer
8;0;8;3;8;4;0;7;3;4;2;8;9;8;8;7;0;1;9;1;No;Embedded Systems Engineer
5;2;1;0;2;9;9;4;2;6;6;9;0;5;2;3;6;6;7;8;No;IT Sales Professional
8;6;6;6;6;4;2;7;4;3;4;8;4;5;0;3;0;4;3;7;Yes;Technical Writer
6;1;1;3;9;1;3;3;1;5;1;0;0;2;9;7;0;0;2;1;No;Computer Network Architect
9;7;2;3;5;2;0;1;6;8;3;8;1;2;2;0;7;9;8;5;Yes;Computer Hardware Engineer
0;6;4;0;4;3;4;1;6;8;3;2;6;5;1;2;6;0;6;3;Yes;Computer Science Teacher
5;3;6;1;6;2;5;7;5;4;6;9;6;7;9;7;4;6;4;9;No;Embedded Systems Engineer
7;3;7;3;3;1;2;3;8;0;5;4;9;0;2;4;2;7;3;4;No;Cybersecurity Analyst
3;9;1;9;4;8;6;7;5;2;2;2;0;2;5;5;2;6;4;7;No;Software Tester
0;7;6;8;6;5;1;3;0;3;2;4;3;0;4;5;0;8;3;4;No;Software Engineer
3;1;1;0;1;1;2;0;9;3;4;4;8;8;8;3;9;9;4;4;No;Technical Support Engineer
4;6;4;1;1;3;7;4;0;0;5;0;8;9;5;4;9;6;3;6;Yes;Computer Science Teacher
7;6;6;1;0;2;7;5;0;0;6;0;2;9;2;8;9;9;0;8;Yes;Game Developer
6;5;8;5;8;1;6;2;7;6;9;8;9;3;0;4;3;6;2;7;No;Full Stack Developer
6;7;0;7;5;1;0;5;5;5;5;2;2;6;8;3;7;0;1;6;Yes;IT Project Manager
8;1;5;8;1;0;8;4;7;1;1;8;4;1;3;7;7;1;8;7;Yes;Database Administrator
3;6;5;1;3;5;5;7;5;1;7;7;6;3;9;7;0;1;3;8;No;Computer and Information Systems Manager
3;2;4;0;8;9;5;4;3;2;2;6;5;0;9;8;1;6;4;4;No;Quality Assurance Engineer
1;7;3;1;5;9;7;2;4;5;9;3;1;4;8;3;6;2;6;5;Yes;Blockchain Developer
3;7;4;4;8;8;4;1;4;0;6;7;7;0;7;2;5;4;9;9;No;Network Engineer
9;0;0;5;9;1;3;4;3;1;4;5;9;7;0;0;9;8;2;8;No;Computer Network Architect
5;7;4;0;7;8;6;6;6;0;5;0;7;3;1;5;0;7;8;5;Yes;Full Stack Developer
4;1;4;6;4;7;8;5;0;6;3;9;4;0;4;0;2;3;7;3;Yes;Embedded Systems Engineer
9;7;6;8;4;0;3;9;9;4;8;6;7;2;6;1;7;0;8;1;No;Blockchain Developer
8;2;1;3;9;2;4;5;5;5;1;2;1;5;4;8;6;9;7;0;Yes;Game Developer
6;7;7;2;8;3;3;9;0;9;9;8;9;0;5;3;5;6;1;7;Yes;Artificial Intelligence Engineer
1;3;1;7;8;2;4;4;3;7;5;5;1;5;8;2;7;1;6;8;Yes;UI/UX Designer
2;5;0;5;2;9;4;7;9;6;5;0;0;0;8;3;8;7;4;1;Yes;Full Stack Developer
3;3;5;6;1;6;2;3;1;4;1;4;6;4;4;5;2;2;3;3;Yes;Computer and Information Research Scientist
4;8;2;2;4;6;7;0;1;5;9;2;0;3;5;5;9;8;8;2;Yes;Research Scientist
8;5;0;0;2;3;7;8;3;0;2;2;2;0;0;1;3;8;4;4;No;Quality Assurance Engineer
3;2;8;0;8;7;0;5;6;4;4;8;4;7;0;5;4;2;7;8;No;IT Project Manager
5;3;9;6;1;4;4;4;5;9;1;8;5;4;6;5;4;7;4;1;Yes;IT Support Specialist
1;5;1;6;8;5;8;2;9;9;3;9;5;5;1;3;7;0;1;0;No;Front End Developer
7;4;9;6;2;4;9;5;0;8;3;7;2;7;0;3;7;9;7;3;No;Cybersecurity Analyst
1;1;2;0;9;3;3;6;5;2;2;1;8;5;4;1;3;9;4;1;Yes;Cloud Architect
5;5;3;7;5;9;3;0;1;3;1;9;1;2;7;9;9;5;3;5;No;Quality Assurance Engineer
0;4;6;7;7;2;2;8;3;0;3;5;2;7;6;2;6;6;2;6;Yes;IT Sales Professional
9;3;0;5;9;9;7;5;3;6;1;5;5;1;3;8;2;6;2;7;Yes;Network Administrator
2;8;0;2;9;4;7;7;8;3;8;3;4;0;5;8;3;3;4;2;No;Technical Support Engineer
2;8;4;5;6;4;6;3;3;7;9;5;5;4;0;8;8;1;2;6;Yes;Computer Science Teacher
9;0;1;8;4;9;5;7;4;8;8;3;1;1;8;9;9;3;0;5;Yes;Embedded Systems Engineer
2;6;2;2;9;2;7;1;5;1;1;9;8;4;5;3;8;8;5;1;No;Machine Learning Engineer
8;9;2;0;3;2;1;9;1;2;9;2;1;9;0;6;3;3;3;4;No;Machine Learning Engineer
5;3;0;8;2;2;7;3;7;9;7;2;3;3;3;4;6;4;5;0;No;Web Developer
5;3;9;3;7;3;1;6;1;3;0;0;9;6;9;1;9;5;6;6;No;IT Support Specialist
9;5;3;8;9;3;8;3;7;0;3;1;0;8;1;6;7;6;8;3;Yes;Blockchain Developer
6;9;7;8;9;9;6;6;5;0;3;9;0;8;2;4;4;2;3;8;Yes;Mobile App Developer
0;8;8;8;3;8;5;1;7;7;0;4;4;8;4;8;2;8;6;1;No;Network Engineer
6;8;3;2;8;2;6;8;1;8;4;8;6;4;5;6;6;1;4;9;Yes;Business Intelligence Analyst
7;5;8;4;3;2;0;9;4;3;6;7;4;1;6;2;7;1;6;1;No;Full Stack Developer
3;4;5;9;0;6;7;3;5;0;9;2;3;2;6;5;1;9;4;1;No;IT Project Manager
1;2;4;4;1;2;5;2;4;9;4;8;8;7;5;4;0;1;2;2;No;Computer Systems Analyst
4;5;6;5;1;6;5;7;6;2;7;5;6;5;4;6;3;9;4;5;Yes;DevOps Engineer
3;4;5;9;4;3;0;8;4;1;7;7;8;4;4;3;0;8;1;3;Yes;Database Administrator
2;0;3;2;7;6;4;0;0;6;3;6;0;5;8;9;4;5;1;7;No;Web Developer
0;4;5;2;0;7;4;4;4;9;6;9;5;3;6;8;1;9;4;6;Yes;Back End Developer
0;1;0;9;1;2;7;6;3;0;0;9;5;6;7;1;7;3;6;1;No;Blockchain Developer
8;1;5;2;7;8;3;4;2;2;5;7;8;5;6;2;3;8;4;9;Yes;Computer Systems Analyst
2;8;8;7;6;3;4;5;0;9;6;9;4;6;8;0;1;3;1;9;No;Blockchain Developer
1;2;5;1;7;6;4;5;5;8;9;7;4;4;6;8;3;9;5;6;No;Research Scientist
1;2;6;6;9;8;3;4;2;8;7;5;9;6;6;6;2;5;1;8;Yes;Software Tester
5;0;5;2;8;7;8;8;9;9;0;4;7;8;2;7;6;9;6;7;Yes;Game Developer
4;3;0;4;8;2;8;6;1;9;9;2;3;8;5;7;5;3;1;1;Yes;Computer and Information Systems Manager
0;6;3;9;2;4;7;7;7;6;0;3;3;4;5;7;8;8;8;3;No;Cloud Architect
5;8;7;3;3;3;6;0;5;0;1;5;9;0;8;7;3;7;9;4;No;Web Developer
2;3;3;7;3;8;9;2;5;1;7;4;8;1;5;1;1;2;8;5;No;Software Tester
8;0;7;6;8;9;5;5;6;2;9;9;4;5;9;7;1;3;1;3;Yes;Data Scientist
2;2;3;5;3;6;3;7;0;0;9;3;3;7;3;0;3;1;6;4;Yes;Software Engineer
4;6;2;2;0;7;2;8;6;0;0;9;0;3;4;8;7;0;9;0;No;Computer and Information Systems Manager
9;8;4;4;5;6;6;6;4;4;8;5;4;3;5;0;1;2;0;2;No;Software Developer
1;9;6;4;2;1;6;6;6;9;0;8;4;4;1;5;4;5;6;2;No;Computer and Information Systems Manager
4;3;1;6;6;7;2;7;3;6;6;1;7;4;3;6;8;5;8;7;No;UI/UX Designer
0;4;8;1;2;3;2;4;4;0;4;8;1;4;9;5;7;5;1;2;No;Computer Network Architect
5;9;9;5;3;7;6;8;3;4;2;5;7;3;4;8;8;7;3;4;Yes;Game Developer
0;9;8;4;7;2;8;8;5;7;8;2;7;7;6;2;7;8;7;5;No;IT Support Specialist
3;3;3;1;0;1;4;7;5;7;5;8;9;2;0;1;9;7;8;6;Yes;Cloud Architect
0;7;0;2;8;0;8;2;2;5;8;1;5;5;5;7;0;2;8;8;No;Game Developer
2;5;8;3;0;1;9;2;3;3;9;8;9;0;1;6;0;0;1;8;Yes;Mobile App Developer
5;5;0;1;3;2;8;6;8;1;5;6;9;2;7;1;6;0;0;6;Yes;Technical Writer
6;3;8;4;0;8;1;2;8;4;4;8;2;7;8;2;0;2;2;6;Yes;Software Tester
2;0;1;6;6;2;6;8;3;3;5;5;2;3;4;6;3;7;8;9;Yes;Game Developer
2;0;5;9;3;1;1;5;6;2;8;4;0;7;1;4;8;4;8;1;Yes;IT Consultant
7;3;5;9;8;5;9;7;3;6;7;1;8;0;9;4;0;7;7;2;Yes;Cloud Architect
7;5;2;6;1;2;4;4;5;2;6;8;6;2;6;7;4;6;5;2;No;Computer Programmer
9;4;3;0;2;4;0;9;0;5;6;5;7;8;3;7;4;4;4;4;No;Embedded Systems Engineer
5;8;5;7;4;5;1;2;4;1;2;3;2;2;9;3;2;0;6;8;Yes;DevOps Engineer
6;3;6;1;0;5;4;2;1;5;5;4;9;6;3;0;3;7;1;3;Yes;Computer Programmer
0;6;9;4;8;2;3;1;1;6;6;6;2;3;8;7;6;7;0;9;No;Software Engineer
6;3;2;4;6;6;2;9;6;3;6;5;3;5;6;8;8;4;9;1;No;Quality Assurance Engineer
4;2;9;6;7;0;7;2;0;6;3;4;5;4;6;6;3;5;1;1;Yes;IT Consultant
6;0;1;4;9;5;6;6;2;2;9;2;7;9;5;6;2;9;2;7;No;IT Consultant
4;2;4;4;4;2;9;2;1;6;5;5;3;0;0;7;4;4;4;3;Yes;Digital Marketing Specialist
1;8;6;5;9;8;4;5;8;6;9;9;7;1;6;5;6;1;2;7;No;Technical Writer
6;1;6;8;5;7;0;0;5;1;9;9;7;2;9;6;1;6;6;6;No;Game Developer
6;0;7;0;6;1;4;3;6;7;1;5;2;4;3;4;6;1;9;7;Yes;Artificial Intelligence Engineer
5;1;9;4;2;3;3;7;3;3;3;3;0;8;4;7;3;6;1;1;Yes;Computer Network Architect
3;0;6;8;5;4;9;2;3;8;1;2;5;5;4;6;8;2;2;1;No;Embedded Systems Engineer
8;1;0;1;9;0;1;3;0;1;8;2;2;9;7;0;4;2;2;6;No;Mobile App Developer
4;9;0;7;1;6;9;8;9;6;6;4;6;4;0;9;8;6;9;9;Yes;Web Developer
0;9;6;1;0;7;9;8;5;9;4;8;6;2;4;4;8;9;0;2;Yes;Back End Developer
2;0;8;6;3;3;0;3;5;3;9;3;3;6;7;8;1;1;0;7;Yes;Computer Systems Analyst
3;7;1;1;1;9;4;9;3;3;5;0;5;8;4;9;3;6;0;2;No;Artificial Intelligence Engineer
9;7;9;8;3;8;2;5;3;0;7;2;0;0;2;9;5;6;8;5;No;Software Engineer
4;8;1;6;6;6;1;0;8;8;0;9;8;4;9;4;3;2;6;1;No;Cloud Architect
3;7;9;9;2;1;6;3;2;6;0;4;9;6;6;9;1;3;2;5;No;IT Support Specialist
2;5;5;4;0;6;4;8;3;1;6;9;1;8;4;9;3;8;7;0;Yes;Computer Network Architect
8;4;2;2;9;0;8;5;4;8;2;5;0;9;7;4;8;4;0;2;No;Computer Systems Analyst
9;9;9;5;8;7;8;8;4;4;5;2;7;1;2;5;2;0;7;8;Yes;Research Scientist
4;3;7;6;7;7;3;7;4;0;2;1;8;7;3;8;3;1;2;5;No;Quality Assurance Engineer
3;4;0;6;0;5;6;8;1;4;3;1;1;4;8;3;6;1;4;7;Yes;Network Engineer
4;8;8;0;8;7;3;7;4;4;5;5;0;6;7;3;3;9;2;1;No;Cloud Architect
6;9;9;8;5;1;4;9;5;3;8;1;4;8;9;8;9;7;4;8;No;Software Tester
4;8;5;4;1;2;1;1;7;6;0;2;7;4;0;2;3;4;6;0;Yes;Cloud Architect
5;9;7;0;0;1;1;3;6;4;3;3;2;1;5;0;2;1;4;5;Yes;Artificial Intelligence Engineer
6;5;9;4;2;6;2;9;9;7;9;9;8;7;4;2;5;4;6;6;No;Digital Marketing Specialist
5;8;2;1;4;4;0;3;6;0;1;4;1;2;7;5;9;5;5;0;Yes;Data Scientist
5;4;8;2;9;9;0;3;2;7;2;6;5;1;3;4;5;9;8;1;Yes;Systems Analyst
5;3;2;3;4;0;7;5;4;0;2;4;6;0;1;4;2;7;8;2;Yes;Research Scientist
2;9;5;2;6;9;7;3;5;4;5;0;7;8;1;2;3;7;6;3;No;Network Administrator
5;8;2;2;6;4;3;7;0;5;6;5;8;8;9;9;9;9;3;2;Yes;IT Project Manager
0;8;8;0;0;5;6;5;3;9;3;9;2;2;7;6;7;0;4;1;Yes;Blockchain Developer
5;3;3;9;9;0;6;5;1;8;5;2;7;5;8;8;3;0;8;7;Yes;Software Engineer
0;4;6;5;2;9;6;1;0;8;4;3;4;6;7;2;1;4;7;9;No;Computer Systems Analyst
0;1;3;4;1;1;9;1;8;5;1;6;0;5;0;1;3;6;0;2;No;IT Project Manager
4;8;4;4;2;1;9;6;8;0;9;4;1;8;8;3;1;3;3;2;Yes;Game Developer
1;1;2;2;9;9;3;3;4;3;8;3;6;1;1;2;0;2;2;5;No;Mobile App Developer
1;1;1;5;6;0;8;0;6;0;5;8;1;4;8;7;2;3;1;6;No;Research Scientist
7;2;5;9;7;8;3;7;8;4;0;5;7;3;5;4;9;0;4;7;No;Systems Analyst
6;7;6;8;1;5;3;0;8;1;7;0;5;4;4;1;9;4;2;8;No;Systems Analyst
5;0;5;0;0;3;6;0;1;0;0;7;0;8;5;6;2;3;4;7;No;Computer Hardware Engineer
3;2;4;2;2;0;5;6;1;6;9;5;8;0;4;8;4;6;6;7;No;Computer and Information Research Scientist
5;1;8;4;7;7;5;4;2;1;5;5;8;2;0;0;7;8;5;6;No;Machine Learning Engineer
5;5;3;5;4;0;5;5;4;7;8;4;8;4;4;9;9;1;0;9;No;Computer Systems Analyst
0;4;5;4;0;7;3;8;6;0;9;8;8;1;7;2;6;3;0;6;Yes;Artificial Intelligence Engineer
3;9;3;1;5;2;5;6;4;4;1;5;0;4;6;4;3;1;7;6;No;Systems Analyst
3;4;4;6;9;6;9;3;8;0;6;0;4;1;6;7;6;5;8;5;Yes;IT Project Manager
3;8;0;3;5;4;2;0;1;3;8;2;0;4;3;9;9;5;6;9;No;Computer Science Teacher
5;7;3;0;1;6;5;8;5;0;8;5;7;2;4;5;6;4;5;2;No;DevOps Engineer
5;6;4;0;5;8;0;4;8;3;6;0;5;9;9;0;3;5;7;8;No;Data Scientist
0;6;1;2;6;4;7;6;6;3;6;6;5;2;9;8;7;5;1;8;Yes;IT Project Manager
3;9;7;9;7;7;5;5;2;8;0;3;6;4;5;8;9;6;8;5;Yes;Research Scientist
0;6;1;4;2;6;8;6;9;2;8;7;5;4;5;4;4;5;2;5;No;Technical Support Engineer
8;6;2;5;1;2;0;0;0;4;8;7;1;4;4;9;3;6;6;0;Yes;Computer Hardware Engineer
7;4;7;1;1;2;8;4;7;3;2;4;3;9;8;0;6;4;7;7;No;Data Scientist
5;3;6;6;0;5;0;7;4;3;1;7;5;0;6;8;8;1;4;9;Yes;Computer Science Teacher
5;3;5;0;2;5;9;3;2;7;1;5;5;1;8;9;5;1;5;3;Yes;Technical Writer
4;3;7;6;8;7;7;2;5;3;2;1;7;8;7;3;6;9;4;5;Yes;Software Developer
9;9;9;9;3;8;4;0;7;4;4;0;9;2;1;7;6;6;7;9;No;IT Support Specialist
0;6;6;8;0;5;1;9;6;3;7;9;3;3;1;4;5;7;2;5;No;Computer Hardware Engineer
4;7;9;2;0;5;4;5;7;8;4;2;0;1;0;7;5;9;7;5;Yes;Full Stack Developer
3;7;9;6;2;4;8;2;5;9;2;2;3;5;0;0;0;0;4;2;No;Technical Support Engineer
6;8;7;7;7;6;5;7;9;0;7;8;0;2;3;5;5;0;3;7;No;Software Developer
7;8;7;6;8;9;9;8;9;7;6;3;1;4;3;5;2;7;1;6;Yes;Computer Science Teacher
2;2;5;9;6;1;7;1;7;1;5;3;2;7;8;9;1;6;4;5;Yes;Embedded Systems Engineer
1;0;3;2;9;2;9;9;8;3;5;5;1;9;2;8;3;5;2;9;Yes;Computer Hardware Engineer
5;8;0;7;5;6;6;7;0;2;7;1;0;5;8;4;0;6;7;7;No;Computer Network Architect
5;3;2;5;8;8;4;9;9;1;5;7;9;6;2;2;1;6;3;7;Yes;Web Developer
3;4;4;1;3;1;0;3;7;1;0;1;7;0;2;2;5;7;2;5;No;Blockchain Developer
1;9;9;0;3;1;8;7;5;5;1;1;1;7;8;8;9;0;5;2;Yes;IT Support Specialist
2;1;7;3;1;1;5;2;9;9;0;7;3;9;8;8;5;1;7;4;Yes;Front End Developer
3;5;5;9;1;0;9;6;6;4;5;9;9;3;2;8;8;8;8;8;Yes;IT Support Specialist
1;1;8;9;0;9;9;9;6;2;4;6;3;2;6;8;7;2;1;9;Yes;Computer Systems Manager
7;4;8;5;1;6;9;3;2;4;4;0;5;8;8;7;9;7;3;4;Yes;Computer Systems Manager
0;4;0;4;2;8;7;7;3;1;0;7;7;6;5;4;4;0;1;6;No;Computer Programmer
4;5;1;3;5;0;8;5;7;7;0;0;1;4;0;8;5;4;5;4;Yes;IT Consultant
1;9;5;6;4;5;8;6;0;3;2;3;6;8;3;0;1;7;3;5;Yes;Database Administrator
4;8;9;7;1;1;5;6;5;4;1;2;1;1;6;3;0;7;7;6;Yes;IT Sales Professional
0;6;8;1;4;0;0;9;7;3;3;0;3;5;6;2;2;2;8;3;Yes;Machine Learning Engineer
6;7;2;0;7;8;9;6;9;6;0;8;4;9;6;8;7;3;3;6;Yes;Mobile App Developer
9;1;4;1;5;3;8;7;3;2;4;6;1;8;5;8;8;1;1;9;Yes;Computer Hardware Engineer
8;6;4;4;7;6;2;9;5;9;5;4;0;9;6;1;0;6;4;5;Yes;Computer and Information Systems Manager
6;4;2;0;0;9;7;5;9;0;1;2;1;1;9;2;4;8;2;5;No;Systems Analyst
1;6;0;9;1;1;3;2;8;5;1;9;7;3;2;9;7;6;1;1;No;IT Consultant
2;2;2;5;9;7;0;3;3;7;5;4;8;6;2;2;9;2;9;7;Yes;Computer and Information Systems Manager
5;8;7;3;4;2;9;5;3;2;4;9;1;7;9;3;5;4;9;8;No;Research Scientist
7;7;5;2;3;7;7;6;4;3;2;9;4;1;4;5;5;4;0;4;No;Front End Developer
8;0;8;7;2;6;5;9;3;3;8;5;3;7;6;1;0;5;0;2;No;Software Engineer
0;4;8;0;6;0;8;2;7;7;5;9;0;2;7;6;8;2;7;5;No;Technical Support Engineer
8;4;7;2;9;0;7;5;8;1;1;6;3;7;0;6;1;4;6;9;Yes;Blockchain Developer
5;6;8;7;0;3;9;0;3;2;8;0;9;9;6;5;2;1;8;1;No;Database Administrator
0;2;9;1;5;3;2;2;3;6;1;2;6;4;5;0;0;5;7;0;Yes;Computer and Information Research Scientist
9;2;2;7;8;0;8;2;7;9;9;1;7;7;8;8;5;5;5;3;No;UI/UX Designer
9;9;1;8;1;1;2;1;8;2;6;2;0;0;2;2;5;5;7;0;Yes;Game Developer
1;4;1;8;5;9;7;3;8;2;3;7;5;6;6;7;7;9;9;9;No;Cloud Architect
0;2;9;2;4;0;5;9;5;8;8;7;1;9;9;8;9;9;9;1;Yes;Embedded Systems Engineer
5;5;1;1;4;5;1;3;1;0;5;0;3;8;2;8;6;2;3;8;No;Digital Marketing Specialist
3;0;8;0;6;2;2;4;2;6;2;6;4;3;7;0;1;9;2;6;No;Full Stack Developer
5;2;1;9;7;1;2;6;2;3;3;6;9;6;2;8;4;5;9;4;Yes;Technical Support Engineer
5;4;2;7;5;3;4;6;2;4;1;3;1;3;2;0;2;6;6;3;No;IT Support Specialist
6;7;7;9;5;3;7;6;9;5;2;6;0;2;6;4;7;0;7;5;Yes;Computer Science Teacher
3;1;7;9;2;4;0;9;2;1;7;0;3;2;6;0;1;4;8;1;Yes;Software Tester
9;7;1;0;6;4;4;6;2;1;3;5;2;1;2;1;6;7;0;1;No;Embedded Systems Engineer
6;1;5;5;8;5;0;4;9;4;0;8;3;4;9;6;2;5;1;3;No;Machine Learning Engineer
1;6;5;7;1;7;3;0;6;2;0;4;9;3;8;2;5;7;1;7;Yes;Business Intelligence Analyst
2;2;9;3;5;1;4;9;2;4;8;6;8;7;5;6;9;7;0;6;Yes;Game Developer
5;2;5;7;5;2;5;0;8;0;3;1;1;0;8;4;6;7;5;4;No;Full Stack Developer
6;1;2;6;0;3;8;8;0;7;0;2;0;1;2;1;6;2;9;3;No;Embedded Systems Engineer
1;6;6;5;4;2;1;4;6;6;4;4;0;6;2;4;2;7;1;0;Yes;IT Project Manager
8;7;2;7;8;9;9;7;6;4;3;8;5;2;1;4;6;4;8;8;No;Computer and Information Systems Manager
5;1;3;7;2;7;2;3;9;6;3;6;3;8;2;6;5;9;6;9;No;Business Intelligence Analyst
4;4;5;3;1;8;2;5;7;8;8;3;7;6;9;4;2;0;6;5;No;Back End Developer
2;7;8;4;8;6;8;3;4;9;4;0;7;2;7;9;5;7;4;1;No;Computer Systems Analyst
4;2;2;1;5;5;5;5;8;1;1;3;8;7;8;8;4;5;8;5;Yes;Computer Network Architect
8;4;0;4;0;4;5;9;8;6;8;9;7;9;1;3;4;3;9;3;No;Embedded Systems Engineer
4;6;8;3;4;3;8;0;7;7;6;0;1;7;3;0;9;4;0;4;Yes;Research Scientist
0;4;5;4;0;8;2;3;3;8;9;4;6;6;1;4;4;0;4;6;No;Technical Support Engineer
0;3;0;3;2;0;3;5;3;3;8;9;4;6;0;6;5;0;5;7;Yes;Computer Systems Manager
4;0;4;5;5;1;6;2;3;8;4;8;7;2;7;3;5;8;6;6;No;Software Engineer
5;2;8;9;3;6;9;0;0;8;2;1;4;6;2;6;2;6;4;1;No;Technical Support Engineer
7;5;5;2;4;2;2;0;8;6;3;4;2;1;2;7;5;9;1;6;Yes;Game Developer
9;9;5;5;8;0;9;0;5;5;4;4;4;0;4;9;5;5;5;1;No;IT Sales Professional
4;4;4;6;1;5;9;4;1;0;7;0;3;7;6;3;0;4;3;8;No;Computer Systems Analyst
7;1;0;1;6;5;2;3;1;3;0;2;3;1;8;8;3;0;3;5;Yes;Network Engineer
4;7;5;8;5;4;7;9;5;7;6;9;5;4;4;3;2;7;8;1;No;IT Consultant
4;2;5;0;6;6;3;9;9;5;3;5;8;6;7;2;9;4;1;4;No;Mobile App Developer
7;1;3;6;0;4;7;0;7;8;8;2;0;0;6;7;8;0;5;6;Yes;Research Scientist
4;3;3;9;9;1;6;9;2;4;5;5;3;8;4;6;3;0;3;8;Yes;IT Consultant
2;2;0;8;4;2;3;7;5;1;9;0;3;5;0;1;2;8;4;0;No;Blockchain Developer
7;3;3;2;5;4;9;7;4;5;6;3;4;9;2;2;9;1;4;8;No;Artificial Intelligence Engineer
0;1;2;7;0;4;8;2;0;2;4;5;2;5;5;3;4;4;4;6;No;Software Developer
4;1;9;4;2;9;3;2;1;6;5;3;2;8;9;8;8;8;6;3;No;Software Engineer
0;0;3;0;2;8;8;3;8;8;8;4;3;5;0;9;0;7;2;7;No;Database Administrator
5;8;4;8;0;5;2;8;8;1;8;1;8;4;2;8;7;5;4;3;No;IT Consultant
9;9;2;5;1;9;4;1;6;1;4;3;2;6;4;4;7;4;5;6;Yes;Network Engineer
6;0;5;0;2;4;5;1;4;2;3;7;6;2;8;6;1;2;6;9;No;Quality Assurance Engineer
6;9;8;5;9;2;3;7;8;5;3;0;3;0;7;6;3;8;0;8;Yes;Computer Programmer
7;8;3;3;5;3;4;2;2;5;0;5;9;1;7;6;8;0;6;1;No;Machine Learning Engineer
7;9;4;0;1;3;0;5;0;5;3;8;5;8;5;0;0;5;2;2;Yes;Computer Science Teacher
9;2;9;2;6;5;2;8;9;5;6;3;2;4;3;3;1;1;3;1;No;Computer Systems Manager
9;2;0;6;0;6;9;0;0;0;0;8;8;7;5;1;3;4;3;6;Yes;Business Intelligence Analyst
9;8;5;1;4;7;1;0;9;8;2;8;5;3;3;7;8;7;0;9;Yes;Software Engineer
7;1;1;7;9;4;9;8;8;5;9;7;3;5;2;4;8;2;8;0;No;Computer Network Architect
3;1;5;9;4;5;4;6;9;8;3;6;9;6;6;8;0;6;4;2;Yes;Computer Programmer
5;8;1;5;4;7;7;9;3;8;4;1;4;2;3;6;6;9;6;1;No;IT Consultant
0;2;3;3;5;3;2;9;4;6;0;9;1;9;4;3;5;8;9;7;Yes;Embedded Systems Engineer
1;8;0;6;3;3;6;8;9;9;7;0;4;8;8;2;8;3;9;9;No;Network Engineer
3;4;1;1;8;0;9;1;5;9;8;5;9;6;8;1;9;0;7;9;No;Machine Learning Engineer
6;5;7;5;8;2;1;3;3;6;5;7;1;0;6;6;5;6;0;0;Yes;IT Sales Professional
7;1;0;5;9;9;6;8;6;7;5;3;6;3;6;7;0;5;3;3;Yes;Network Engineer
4;9;8;7;8;5;5;4;8;0;4;8;0;1;1;8;9;9;4;1;Yes;DevOps Engineer
2;0;0;0;9;3;2;4;4;7;3;5;3;4;6;2;1;6;9;3;Yes;Network Engineer
1;6;7;7;0;5;7;7;1;0;9;4;8;2;0;3;0;9;5;1;Yes;Network Administrator
2;2;2;3;5;7;2;0;8;1;4;0;8;8;4;0;6;9;0;1;No;Database Administrator
6;1;8;5;4;4;6;3;8;8;0;4;0;9;6;0;6;4;1;4;Yes;Data Scientist
6;1;5;3;2;3;4;4;6;9;1;8;8;0;0;4;6;5;6;9;No;Technical Writer
1;8;0;2;0;1;5;3;9;4;5;8;7;3;5;6;6;8;0;5;No;IT Project Manager
3;1;8;4;3;7;3;7;0;5;6;3;9;9;4;7;7;9;3;0;No;Computer Science Teacher
1;9;1;5;8;0;9;0;1;5;6;5;5;2;8;8;6;0;3;5;Yes;Systems Analyst
5;7;4;4;6;4;4;1;8;3;0;3;9;1;3;2;4;0;0;1;Yes;Computer Network Architect
3;6;7;2;9;5;2;8;5;1;8;1;7;3;4;6;6;3;1;0;Yes;DevOps Engineer
6;3;7;1;2;1;6;2;9;0;3;8;7;5;3;5;3;6;5;7;No;Software Engineer
8;6;7;8;7;2;6;8;4;4;2;3;8;1;3;4;9;0;8;7;No;Technical Writer
3;4;3;4;5;1;9;6;7;7;4;9;6;1;2;5;6;6;3;1;No;Computer Network Architect
9;2;4;6;3;8;4;7;1;3;3;5;4;4;7;3;1;7;7;8;Yes;Technical Writer
3;3;1;4;6;4;3;9;8;2;7;1;0;0;9;1;8;7;2;4;Yes;Systems Analyst
5;6;3;5;9;1;9;4;4;5;7;8;0;5;3;3;7;1;2;1;Yes;Computer Network Architect
2;5;7;6;7;1;4;2;6;7;4;8;3;1;8;1;3;3;4;7;No;Research Scientist
4;5;4;6;8;0;7;4;1;1;6;7;1;2;3;6;0;9;3;7;Yes;Network Engineer
6;5;0;3;8;5;2;3;1;9;4;0;2;1;0;1;5;8;0;8;No;Front End Developer
6;5;6;8;2;6;6;4;8;6;8;2;3;0;8;4;9;0;0;6;Yes;Technical Writer
4;8;7;5;8;9;4;1;2;6;3;2;7;2;8;7;8;4;1;3;No;Blockchain Developer
2;2;4;3;0;7;3;7;5;8;0;6;5;1;8;8;2;1;0;8;Yes;UI/UX Designer
1;1;6;5;7;5;2;9;6;2;5;2;1;0;9;7;1;7;7;8;Yes;Cybersecurity Analyst
1;0;8;2;5;9;2;5;5;4;9;7;4;0;3;5;0;8;9;7;Yes;Cloud Architect
5;3;8;0;7;3;7;2;3;2;9;5;2;7;3;7;8;9;6;2;No;Quality Assurance Engineer
4;8;2;3;0;8;3;2;6;0;8;9;5;2;3;1;5;1;8;4;No;Technical Writer
0;6;3;0;8;3;4;5;6;3;2;4;6;9;8;6;2;7;7;8;Yes;Digital Marketing Specialist
4;2;7;1;4;4;3;5;5;3;0;8;7;0;4;2;0;2;1;4;No;Software Engineer
9;6;3;7;6;0;8;3;5;1;0;7;0;1;5;6;6;7;4;8;Yes;DevOps Engineer
8;7;5;7;0;5;5;7;2;2;5;3;6;3;7;6;0;1;6;1;Yes;Computer Hardware Engineer
0;7;4;2;2;4;9;1;4;3;3;4;8;1;3;7;2;8;7;0;No;Full Stack Developer
3;9;6;9;4;0;3;0;6;6;5;5;8;6;2;7;3;8;0;0;No;Database Administrator
6;2;5;1;2;4;2;1;4;3;8;3;8;6;3;3;2;6;4;2;Yes;Computer Programmer
4;6;3;8;7;4;1;8;6;5;7;2;4;1;3;6;7;8;9;9;Yes;Game Developer
7;0;0;3;8;4;4;5;5;2;8;1;1;0;5;0;1;8;1;7;No;Cloud Architect
4;8;3;2;4;4;2;0;5;5;4;5;3;4;9;2;7;9;0;7;No;Computer and Information Systems Manager
3;9;1;4;8;4;8;6;0;0;2;0;2;4;1;5;2;1;4;7;No;Mobile App Developer
8;6;3;5;0;0;1;9;6;8;2;3;9;7;7;1;2;5;1;8;No;Embedded Systems Engineer
3;2;0;9;7;3;7;6;9;7;1;0;6;5;3;3;1;7;3;0;No;Quality Assurance Engineer
2;1;0;6;0;9;2;8;5;5;2;7;8;2;0;9;2;7;7;2;No;Computer Hardware Engineer
6;6;0;2;0;9;3;0;5;6;7;5;1;7;9;4;4;4;0;1;Yes;Computer Systems Manager
0;5;2;4;3;3;0;3;3;8;0;0;6;0;1;5;8;7;5;4;No;IT Sales Professional
3;5;2;3;0;9;1;0;6;9;2;5;6;9;8;3;7;8;2;4;No;Business Intelligence Analyst
6;9;0;0;1;7;7;0;8;0;6;6;7;1;6;6;0;8;7;1;No;IT Consultant
1;9;7;8;1;2;2;2;6;6;0;1;6;7;7;5;3;8;0;9;No;Mobile App Developer
9;0;3;8;0;5;2;2;9;4;4;7;1;3;0;6;7;3;4;7;No;Machine Learning Engineer
6;7;4;6;9;1;9;6;1;7;6;5;7;5;4;3;5;1;3;6;Yes;Mobile App Developer
3;2;5;4;5;0;1;1;0;2;4;1;0;5;2;7;8;7;3;2;Yes;Technical Writer
